Invoice,StockCode,Description,Quantity,InvoiceDate,Price,Customer ID,Country
489439,POST,POSTAGE,3,2009-12-01 09:28:00,18.0,12682.0,France
489444,POST,POSTAGE,1,2009-12-01 09:55:00,141.0,12636.0,USA
489447,POST,POSTAGE,1,2009-12-01 10:10:00,130.0,12362.0,Belgium
489462,90200D,PINK SWEETHEART BRACELET,3,2009-12-01 10:49:00,4.25,17592.0,United Kingdom
489462,90003D,CRYSTAL PAIR HEART HAIR SLIDES,3,2009-12-01 10:49:00,3.75,17592.0,United Kingdom
489462,90082D,DIAMANTE BOW BROOCH BLACK COLOUR,2,2009-12-01 10:49:00,6.35,17592.0,United Kingdom
489488,84997D,PINK 3 PIECE MINI DOTS CUTLERY SET,4,2009-12-01 10:59:00,3.75,17238.0,United Kingdom
489514,47591D,PINK FAIRY CAKE CHILD'S APRON,50,2009-12-01 11:21:00,1.65,15311.0,United Kingdom
489514,82613D,METAL SIGN CUPCAKE SINGLE HOOK,2,2009-12-01 11:21:00,1.25,15311.0,United Kingdom
489519,85014D,PINK/BROWN DOTS RUFFLED UMBRELLA,3,2009-12-01 11:37:00,5.95,17700.0,United Kingdom
489519,90036D,"FLOWER GLASS GARLAND NECKL.36""BLACK",3,2009-12-01 11:37:00,7.95,17700.0,United Kingdom
489520,85232D,SET/3 DECOUPAGE STACKING TINS,3,2009-12-01 11:41:00,4.95,14911.0,EIRE
489522,84997D,PINK 3 PIECE MINI DOTS CUTLERY SET,1,2009-12-01 11:45:00,3.75,15998.0,United Kingdom
489526,POST,POSTAGE,6,2009-12-01 11:50:00,18.0,12533.0,Germany
489529,84402D,PINK DRESS JEWELLERY STAND ,1,2009-12-01 11:51:00,2.95,17984.0,United Kingdom
489532,85049D,BRIGHT BLUES RIBBONS ,12,2009-12-01 11:58:00,1.25,13394.0,United Kingdom
489536,17164D,ASS COL SMALL SAND FROG P'WEIGHT,1,2009-12-01 12:13:00,0.42,16393.0,United Kingdom
489536,85170D,SET/6 PINK BIRD T-LIGHT CANDLES,1,2009-12-01 12:13:00,2.1,16393.0,United Kingdom
489546,84997D,PINK 3 PIECE MINI DOTS CUTLERY SET,6,2009-12-01 12:30:00,3.75,14156.0,EIRE
489546,47591D,PINK FAIRY CAKE CHILD'S APRON,8,2009-12-01 12:30:00,1.95,14156.0,EIRE
489552,85049D,BRIGHT BLUES RIBBONS ,2,2009-12-01 12:36:00,1.25,17063.0,United Kingdom
489552,84997D,PINK 3 PIECE MINI DOTS CUTLERY SET,6,2009-12-01 12:36:00,3.75,17063.0,United Kingdom
489557,16169D,WRAP WINTER FOREST,25,2009-12-01 12:52:00,0.42,12490.0,France
489557,POST,POSTAGE,4,2009-12-01 12:52:00,18.0,12490.0,France
489560,17164D,ASS COL SMALL SAND FROG P'WEIGHT,288,2009-12-01 12:56:00,0.37,13526.0,United Kingdom
489560,17165D,ASS COL LARGE SAND FROG P'WEIGHT,108,2009-12-01 12:56:00,0.85,13526.0,United Kingdom
489560,17108D,FLOWER FAIRY SUMMER BOUQUET SACHET,12,2009-12-01 12:56:00,0.42,13526.0,United Kingdom
489561,16169D,WRAP WINTER FOREST,25,2009-12-01 12:57:00,0.42,14654.0,United Kingdom
489562,85014D,PINK/BROWN DOTS RUFFLED UMBRELLA,1,2009-12-01 13:07:00,5.95,17998.0,United Kingdom
489564,90125D,PURPLE BERTIE GLASS BEAD BAG CHARM,12,2009-12-01 13:13:00,2.1,13526.0,United Kingdom
489566,47591D,PINK FAIRY CAKE CHILD'S APRON,8,2009-12-01 13:16:00,1.95,17742.0,United Kingdom
489571,72799D,BLUE PILLAR CANDLE SILVER FLOCK,2,2009-12-01 13:29:00,2.95,15967.0,United Kingdom
489571,85071D,CHARLIE+LOLA MY ROOM DOOR SIGN,1,2009-12-01 13:29:00,2.55,15967.0,United Kingdom
489572,85014D,PINK/BROWN DOTS RUFFLED UMBRELLA,1,2009-12-01 13:29:00,5.95,17611.0,United Kingdom
489574,85014D,PINK/BROWN DOTS RUFFLED UMBRELLA,2,2009-12-01 13:31:00,5.95,13097.0,United Kingdom
489574,85232D,SET/3 DECOUPAGE STACKING TINS,2,2009-12-01 13:31:00,4.95,13097.0,United Kingdom
489575,47591D,PINK FAIRY CAKE CHILD'S APRON,8,2009-12-01 13:37:00,1.95,13590.0,United Kingdom
489582,84984D,ORIENTAL RED C/COVER ,12,2009-12-01 13:47:00,4.25,14543.0,United Kingdom
489594,79302M,"ART LIGHTS,FUNK MONKEY",1,2009-12-01 14:19:00,2.95,15005.0,United Kingdom
489598,47591D,PINK FAIRY CAKE CHILD'S APRON,8,2009-12-01 14:35:00,1.95,16620.0,United Kingdom
489599,85014D,PINK/BROWN DOTS RUFFLED UMBRELLA,3,2009-12-01 14:40:00,5.95,12758.0,Portugal
489617,46000M,POLYESTER FILLER PAD 45x45cm,4,2009-12-01 14:59:00,1.55,13442.0,United Kingdom
489640,84559D,3D SHEET OF SEA WORLD STICKERS,15,2009-12-01 16:17:00,0.85,17345.0,United Kingdom
489640,17165D,ASS COL LARGE SAND FROG P'WEIGHT,8,2009-12-01 16:17:00,1.05,17345.0,United Kingdom
489640,17164D,ASS COL SMALL SAND FROG P'WEIGHT,36,2009-12-01 16:17:00,0.42,17345.0,United Kingdom
489656,16169D,WRAP WINTER FOREST,25,2009-12-01 17:28:00,0.42,17428.0,United Kingdom
489661,15044D,RED PAPER PARASOL,2,2009-12-01 17:45:00,2.95,17246.0,United Kingdom
489672,47591D,PINK FAIRY CAKE CHILD'S APRON,8,2009-12-02 09:21:00,1.95,14831.0,United Kingdom
489695,85014D,PINK/BROWN DOTS RUFFLED UMBRELLA,3,2009-12-02 10:48:00,5.95,16202.0,United Kingdom
489743,84997D,PINK 3 PIECE MINI DOTS CUTLERY SET,18,2009-12-02 11:24:00,3.75,16550.0,United Kingdom
489766,16169D,WRAP WINTER FOREST,25,2009-12-02 11:34:00,0.42,17818.0,United Kingdom
489766,85049D,BRIGHT BLUES RIBBONS ,1,2009-12-02 11:34:00,1.25,17818.0,United Kingdom
489766,85170D,SET/6 PINK BIRD T-LIGHT CANDLES,1,2009-12-02 11:34:00,2.1,17818.0,United Kingdom
489787,84997D,PINK 3 PIECE MINI DOTS CUTLERY SET,2,2009-12-02 11:53:00,3.75,15542.0,United Kingdom
489791,84520D,PACK OF 20 FAIRY CAKE PAPER NAPKINS,2,2009-12-02 12:06:00,0.85,15542.0,United Kingdom
489797,47591D,PINK FAIRY CAKE CHILD'S APRON,3,2009-12-02 12:19:00,1.95,15581.0,United Kingdom
489798,47591D,PINK FAIRY CAKE CHILD'S APRON,8,2009-12-02 12:22:00,1.95,13740.0,United Kingdom
489800,84249D,FAIRY CAKE GREETINGS CARD,12,2009-12-02 12:26:00,0.42,17768.0,United Kingdom
489809,17129D,CLEAR COLOUR GLASS GEMS IN BAG,12,2009-12-02 12:46:00,0.85,13457.0,United Kingdom
489810,46000M,POLYESTER FILLER PAD 45x45cm,4,2009-12-02 12:47:00,1.55,18108.0,United Kingdom
489812,85018D,YULETIDE IMAGES S/6 PAPER BOXES,1,2009-12-02 13:00:00,2.55,17377.0,United Kingdom
489814,85032D,YULETIDE IMAGES GIFT WRAP SET,12,2009-12-02 13:06:00,2.1,14669.0,United Kingdom
489822,90125D,PURPLE BERTIE GLASS BEAD BAG CHARM,4,2009-12-02 13:26:00,2.1,14204.0,United Kingdom
489822,72754D,F FAIRY POTPOURRI CUSHIONS SUMMER,1,2009-12-02 13:26:00,1.69,14204.0,United Kingdom
489827,85018D,YULETIDE IMAGES S/6 PAPER BOXES,12,2009-12-02 13:51:00,2.55,17412.0,United Kingdom
489830,90200D,PINK SWEETHEART BRACELET,5,2009-12-02 13:57:00,4.25,13623.0,United Kingdom
489830,90002D,FLOWER BURST SILVER RING CRYSTAL,2,2009-12-02 13:57:00,3.75,13623.0,United Kingdom
489830,90175D,TIGRIS EYE CHUNKY CHARM BRACELET,2,2009-12-02 13:57:00,8.95,13623.0,United Kingdom
489832,47591D,PINK FAIRY CAKE CHILD'S APRON,2,2009-12-02 14:06:00,1.95,14549.0,United Kingdom
489832,84520D,PACK OF 20 FAIRY CAKE PAPER NAPKINS,3,2009-12-02 14:06:00,0.85,14549.0,United Kingdom
489833,85014D,PINK/BROWN DOTS RUFFLED UMBRELLA,1,2009-12-02 14:09:00,5.95,14980.0,United Kingdom
489863,47591D,PINK FAIRY CAKE CHILD'S APRON,1,2009-12-02 14:55:00,1.95,15917.0,United Kingdom
489866,84705D,CHERRY BLOSSOM PHOTO FRAME ,2,2009-12-02 15:04:00,4.65,16200.0,United Kingdom
489866,85170D,SET/6 PINK BIRD T-LIGHT CANDLES,2,2009-12-02 15:04:00,2.1,16200.0,United Kingdom
489866,84249D,FAIRY CAKE GREETINGS CARD,12,2009-12-02 15:04:00,0.42,16200.0,United Kingdom
489866,84705D,CHERRY BLOSSOM PHOTO FRAME ,1,2009-12-02 15:04:00,4.65,16200.0,United Kingdom
489871,47591D,PINK FAIRY CAKE CHILD'S APRON,100,2009-12-02 15:17:00,1.65,15523.0,United Kingdom
489875,46000M,POLYESTER FILLER PAD 45x45cm,4,2009-12-02 15:41:00,1.55,17841.0,United Kingdom
489875,35599D,PINK AND WHITE CHRISTMAS TREE 120CM,2,2009-12-02 15:41:00,2.95,17841.0,United Kingdom
489880,35751D,PINK CURRENT CANDLE RING,28,2009-12-02 16:18:00,0.19,13313.0,United Kingdom
489883,POST,POSTAGE,3,2009-12-02 16:24:00,18.0,12437.0,France
489888,84402D,PINK DRESS JEWELLERY STAND ,36,2009-12-02 16:49:00,0.85,14841.0,United Kingdom
489894,84520D,PACK OF 20 FAIRY CAKE PAPER NAPKINS,12,2009-12-02 17:18:00,0.85,17716.0,United Kingdom
489895,84569D,PACK 6 HEART/ICE-CREAM PATCHES,12,2009-12-03 07:25:00,1.25,12779.0,Poland
489897,85032D,YULETIDE IMAGES GIFT WRAP SET,6,2009-12-03 09:10:00,2.1,15255.0,United Kingdom
489900,35471D,SET OF 3 BIRD LIGHT PINK FEATHER ,12,2009-12-03 09:44:00,1.25,14771.0,United Kingdom
489912,85185D,FROG SOCK PUPPET,6,2009-12-03 10:26:00,2.95,13931.0,United Kingdom
489914,84997D,PINK 3 PIECE MINI DOTS CUTLERY SET,6,2009-12-03 10:28:00,3.75,12921.0,United Kingdom
489916,16169M,WRAP DAISY CARPET ,25,2009-12-03 10:37:00,0.42,15194.0,United Kingdom
490002,17164D,ASS COL SMALL SAND FROG P'WEIGHT,4,2009-12-03 11:46:00,0.42,17322.0,United Kingdom
490003,84997D,PINK 3 PIECE MINI DOTS CUTLERY SET,6,2009-12-03 11:51:00,3.75,16159.0,United Kingdom
490008,84249D,FAIRY CAKE GREETINGS CARD,12,2009-12-03 12:10:00,0.42,15768.0,United Kingdom
490008,47591D,PINK FAIRY CAKE CHILD'S APRON,2,2009-12-03 12:10:00,1.95,15768.0,United Kingdom
490008,16161M,WRAP  PINK FLOCK,25,2009-12-03 12:10:00,0.42,15768.0,United Kingdom
490009,84569D,PACK 6 HEART/ICE-CREAM PATCHES,1,2009-12-03 12:13:00,1.25,12835.0,United Kingdom
490012,84997D,PINK 3 PIECE MINI DOTS CUTLERY SET,12,2009-12-03 12:27:00,3.75,15179.0,United Kingdom
490013,47591D,PINK FAIRY CAKE CHILD'S APRON,8,2009-12-03 12:27:00,1.95,17069.0,United Kingdom
490017,82613D,METAL SIGN CUPCAKE SINGLE HOOK,1,2009-12-03 12:31:00,1.25,14159.0,United Kingdom
490017,47591D,PINK FAIRY CAKE CHILD'S APRON,1,2009-12-03 12:31:00,1.95,14159.0,United Kingdom
490024,90214D,"LETTER ""D"" BLING KEY RING",1,2009-12-03 12:40:00,1.25,14606.0,United Kingdom
490056,84875D,BLUE SQUARE COMPACT MIRROR,1,2009-12-03 13:25:00,3.75,13208.0,United Kingdom
490059,85014D,PINK/BROWN DOTS RUFFLED UMBRELLA,576,2009-12-03 13:30:00,3.0,18102.0,United Kingdom
490060,84520D,PACK OF 20 FAIRY CAKE PAPER NAPKINS,12,2009-12-03 13:32:00,0.85,13468.0,United Kingdom
490063,90003D,CRYSTAL PAIR HEART HAIR SLIDES,1,2009-12-03 13:49:00,3.75,17271.0,United Kingdom
490067,79190D,RETRO PLASTIC DAISY TRAY,15,2009-12-03 14:02:00,0.42,15856.0,United Kingdom
490078,85014D,PINK/BROWN DOTS RUFFLED UMBRELLA,2,2009-12-03 15:09:00,5.95,17853.0,United Kingdom
490083,85014D,PINK/BROWN DOTS RUFFLED UMBRELLA,2,2009-12-03 15:35:00,5.95,14031.0,United Kingdom
490090,84520D,PACK OF 20 FAIRY CAKE PAPER NAPKINS,1,2009-12-03 15:53:00,0.85,15581.0,United Kingdom
490094,72045D,ROSES ON BLUE TEACUP CANDLE ,504,2009-12-03 15:56:00,1.69,17949.0,United Kingdom
490093,84520D,PACK OF 20 FAIRY CAKE PAPER NAPKINS,12,2009-12-03 15:56:00,0.85,12949.0,United Kingdom
490114,47591D,PINK FAIRY CAKE CHILD'S APRON,4,2009-12-03 17:29:00,1.95,18168.0,United Kingdom
490118,46000M,POLYESTER FILLER PAD 45x45cm,4,2009-12-03 17:46:00,1.55,17851.0,United Kingdom
490124,15044D,RED PAPER PARASOL,1,2009-12-03 18:08:00,2.95,16791.0,United Kingdom
490128,90200D,PINK SWEETHEART BRACELET,2,2009-12-03 18:23:00,4.25,15884.0,United Kingdom
490132,46000M,POLYESTER FILLER PAD 45x45cm,8,2009-12-03 18:30:00,1.55,17343.0,United Kingdom
490140,84625D,WHITE NEWBAROQUE CANDLESTICK CANDLE,4,2009-12-03 20:03:00,2.95,12872.0,United Kingdom
490141,90040D,MURANO STYLE GLASS BRACELET PINK,3,2009-12-04 08:24:00,3.5,15755.0,United Kingdom
490143,85018D,YULETIDE IMAGES S/6 PAPER BOXES,24,2009-12-04 08:40:00,2.1,14286.0,United Kingdom
490143,85032D,YULETIDE IMAGES GIFT WRAP SET,12,2009-12-04 08:40:00,2.1,14286.0,United Kingdom
490144,84997D,PINK 3 PIECE MINI DOTS CUTLERY SET,6,2009-12-04 08:46:00,3.75,13154.0,United Kingdom
490151,17109D,FLOWER FAIRY INCENSE BOUQUET,6,2009-12-04 09:49:00,1.69,16645.0,United Kingdom
490151,72755D,FLOWER FAIRY OIL BURNER SET SUMMER,4,2009-12-04 09:49:00,4.25,16645.0,United Kingdom
490151,17107D,"FLOWER FAIRY,5 SUMMER B'DRAW LINERS",6,2009-12-04 09:49:00,2.55,16645.0,United Kingdom
490151,17108D,FLOWER FAIRY SUMMER BOUQUET SACHET,12,2009-12-04 09:49:00,0.42,16645.0,United Kingdom
490152,84932D,SMALL ORIENTAL RED FOLDING STOOL,3,2009-12-04 10:00:00,8.5,12714.0,France
490152,POST,POSTAGE,7,2009-12-04 10:00:00,18.0,12714.0,France
490154,84997D,PINK 3 PIECE MINI DOTS CUTLERY SET,4,2009-12-04 10:18:00,3.75,16335.0,United Kingdom
490154,47591D,PINK FAIRY CAKE CHILD'S APRON,6,2009-12-04 10:18:00,1.95,16335.0,United Kingdom
490158,POST,POSTAGE,3,2009-12-04 10:47:00,18.0,12759.0,Netherlands
490161,47591D,PINK FAIRY CAKE CHILD'S APRON,8,2009-12-04 10:57:00,1.95,17160.0,United Kingdom
490164,84520D,PACK OF 20 FAIRY CAKE PAPER NAPKINS,12,2009-12-04 11:32:00,0.85,14961.0,United Kingdom
490171,84795D,SEASIDE STRIPE HAMMOCK,1,2009-12-04 11:54:00,7.95,15581.0,United Kingdom
490281,47591D,PINK FAIRY CAKE CHILD'S APRON,8,2009-12-04 12:37:00,1.95,13481.0,United Kingdom
490279,85184D,S/4 BLUE ROUND DECOUPAGE BOXES,1,2009-12-04 12:37:00,2.95,16891.0,United Kingdom
490279,84520D,PACK OF 20 FAIRY CAKE PAPER NAPKINS,1,2009-12-04 12:37:00,0.85,16891.0,United Kingdom
490279,17107D,"FLOWER FAIRY,5 SUMMER B'DRAW LINERS",1,2009-12-04 12:37:00,2.55,16891.0,United Kingdom
490286,35599D,PINK AND WHITE CHRISTMAS TREE 120CM,1,2009-12-04 12:59:00,2.95,14527.0,United Kingdom
490289,47591D,PINK FAIRY CAKE CHILD'S APRON,8,2009-12-04 13:01:00,1.95,15309.0,United Kingdom
490291,84924D,LA PALMIERA METAL SIGN CALENDAR,1,2009-12-04 13:22:00,3.75,16541.0,United Kingdom
490292,72801D,S/4 SKY BLUE DINNER CANDLES,2,2009-12-04 13:23:00,1.25,16723.0,United Kingdom
490292,85232D,SET/3 DECOUPAGE STACKING TINS,1,2009-12-04 13:23:00,4.95,16723.0,United Kingdom
490292,84997D,PINK 3 PIECE MINI DOTS CUTLERY SET,4,2009-12-04 13:23:00,3.75,16723.0,United Kingdom
490293,35597D,PINK/WHITE CHRISTMAS TREE 30CM,1,2009-12-04 13:31:00,0.65,16699.0,United Kingdom
490294,84926D,LA PALMIERA TILE COASTER,6,2009-12-04 13:41:00,1.25,16710.0,United Kingdom
490294,72800D,S/4 BLUE DINNER CANDLE SILVER FLOCK,1,2009-12-04 13:41:00,2.55,16710.0,United Kingdom
490295,POST,POSTAGE,4,2009-12-04 13:47:00,28.0,12510.0,Spain
490297,35598D,PINK/WHITE CHRISTMAS TREE 60CM,24,2009-12-04 13:59:00,0.65,13162.0,United Kingdom
490297,35600D,PINK AND WHITE CHRISTMAS TREE 180CM,12,2009-12-04 13:59:00,2.95,13162.0,United Kingdom
490299,84997D,PINK 3 PIECE MINI DOTS CUTLERY SET,19,2009-12-04 14:14:00,3.75,13680.0,United Kingdom
490300,M,Manual,1,2009-12-04 14:19:00,0.85,12970.0,United Kingdom
490300,M,Manual,1,2009-12-04 14:19:00,0.21,12970.0,United Kingdom
490302,35600D,PINK AND WHITE CHRISTMAS TREE 180CM,1,2009-12-04 14:29:00,9.95,17841.0,United Kingdom
490302,35598D,PINK/WHITE CHRISTMAS TREE 60CM,1,2009-12-04 14:29:00,1.25,17841.0,United Kingdom
490302,35599D,PINK AND WHITE CHRISTMAS TREE 120CM,3,2009-12-04 14:29:00,2.95,17841.0,United Kingdom
490302,84997D,PINK 3 PIECE MINI DOTS CUTLERY SET,1,2009-12-04 14:29:00,3.75,17841.0,United Kingdom
490302,85232D,SET/3 DECOUPAGE STACKING TINS,1,2009-12-04 14:29:00,4.95,17841.0,United Kingdom
490305,37492D,PURPLE GREEN FLOWER PIGGY BANK,3,2009-12-04 14:37:00,4.65,17243.0,United Kingdom
490305,35471D,SET OF 3 BIRD LIGHT PINK FEATHER ,6,2009-12-04 14:37:00,1.25,17243.0,United Kingdom
490305,84997D,PINK 3 PIECE MINI DOTS CUTLERY SET,7,2009-12-04 14:37:00,3.75,17243.0,United Kingdom
490323,79190D,RETRO PLASTIC DAISY TRAY,2,2009-12-04 15:27:00,0.42,14087.0,United Kingdom
490323,16161M,WRAP  PINK FLOCK,25,2009-12-04 15:27:00,0.42,14087.0,United Kingdom
490331,85014D,PINK/BROWN DOTS RUFFLED UMBRELLA,2,2009-12-04 15:30:00,5.95,18181.0,United Kingdom
490331,46776D,WOVEN SUNSET CUSHION COVER ,1,2009-12-04 15:30:00,4.95,18181.0,United Kingdom
490353,90210D,PURPLE ACRYLIC FACETED BANGLE,10,2009-12-04 16:37:00,2.95,15514.0,United Kingdom
490362,16161M,WRAP  PINK FLOCK,25,2009-12-04 17:31:00,0.42,12748.0,United Kingdom
490376,85170D,SET/6 PINK BIRD T-LIGHT CANDLES,6,2009-12-05 13:12:00,2.1,13958.0,United Kingdom
490378,47591D,PINK FAIRY CAKE CHILD'S APRON,8,2009-12-05 13:17:00,1.95,13641.0,United Kingdom
490381,84402D,PINK DRESS JEWELLERY STAND ,6,2009-12-05 13:29:00,2.95,15420.0,United Kingdom
490391,84997D,PINK 3 PIECE MINI DOTS CUTLERY SET,12,2009-12-05 15:27:00,3.75,15057.0,United Kingdom
490393,84559D,3D SHEET OF SEA WORLD STICKERS,12,2009-12-05 16:01:00,0.85,17642.0,United Kingdom
490395,POST,POSTAGE,2,2009-12-06 10:16:00,18.0,13813.0,Germany
490397,POST,POSTAGE,2,2009-12-06 10:30:00,15.0,12417.0,Belgium
490399,85129D,BEADED CRYSTAL HEART PINK SMALL,12,2009-12-06 10:38:00,1.25,12975.0,United Kingdom
490399,47591D,PINK FAIRY CAKE CHILD'S APRON,8,2009-12-06 10:38:00,1.95,12975.0,United Kingdom
490400,90003D,CRYSTAL PAIR HEART HAIR SLIDES,3,2009-12-06 10:41:00,3.75,16104.0,United Kingdom
490403,84569D,PACK 6 HEART/ICE-CREAM PATCHES,1,2009-12-06 11:13:00,1.25,17920.0,United Kingdom
490458,POST,POSTAGE,4,2009-12-06 11:57:00,18.0,12583.0,France
490459,90001D,ANTIQUE OLIVE GREEN FLOWER EARRINGS,6,2009-12-06 11:58:00,4.25,15555.0,United Kingdom
490459,90000D,COPPER/OLIVE GREEN FLOWER NECKLACE,6,2009-12-06 11:58:00,5.95,15555.0,United Kingdom
490459,90161D,ANT COPPER PINK BOUDICCA BRACELET,6,2009-12-06 11:58:00,4.95,15555.0,United Kingdom
490459,90160D,PINK BOUDICCA LARGE BRACELET,6,2009-12-06 11:58:00,6.95,15555.0,United Kingdom
490459,46000M,POLYESTER FILLER PAD 45x45cm,1,2009-12-06 11:58:00,1.55,15555.0,United Kingdom
490461,84997D,PINK 3 PIECE MINI DOTS CUTLERY SET,1,2009-12-06 12:07:00,3.75,13736.0,United Kingdom
490461,90214M,"LETTER ""M"" BLING KEY RING",1,2009-12-06 12:07:00,1.25,13736.0,United Kingdom
490461,17165D,ASS COL LARGE SAND FROG P'WEIGHT,3,2009-12-06 12:07:00,1.05,13736.0,United Kingdom
490461,47591D,PINK FAIRY CAKE CHILD'S APRON,1,2009-12-06 12:07:00,1.95,13736.0,United Kingdom
490470,84559D,3D SHEET OF SEA WORLD STICKERS,4,2009-12-06 12:26:00,0.85,16395.0,United Kingdom
490472,47591D,PINK FAIRY CAKE CHILD'S APRON,10,2009-12-06 12:28:00,1.95,16485.0,United Kingdom
490472,85049D,BRIGHT BLUES RIBBONS ,6,2009-12-06 12:28:00,1.25,16485.0,United Kingdom
490471,84559D,3D SHEET OF SEA WORLD STICKERS,2,2009-12-06 12:28:00,0.85,15878.0,United Kingdom
490471,84997D,PINK 3 PIECE MINI DOTS CUTLERY SET,2,2009-12-06 12:28:00,3.75,15878.0,United Kingdom
490474,84997D,PINK 3 PIECE MINI DOTS CUTLERY SET,6,2009-12-06 12:34:00,3.75,13373.0,United Kingdom
490478,90214D,"LETTER ""D"" BLING KEY RING",1,2009-12-06 12:42:00,1.25,14896.0,United Kingdom
490482,47591D,PINK FAIRY CAKE CHILD'S APRON,3,2009-12-06 12:52:00,1.95,15983.0,United Kingdom
490488,84932D,SMALL ORIENTAL RED FOLDING STOOL,5,2009-12-06 13:07:00,8.5,16718.0,United Kingdom
490490,79190D,RETRO PLASTIC DAISY TRAY,1,2009-12-06 13:10:00,0.42,14546.0,United Kingdom
490490,84845D,GERANIUM SQUARE HANDY TIN,1,2009-12-06 13:10:00,1.25,14546.0,United Kingdom
490494,90175D,TIGRIS EYE CHUNKY CHARM BRACELET,1,2009-12-06 13:29:00,8.95,17561.0,United Kingdom
490496,90060D,FIRE POLISHED GLASS NECKL BRONZE,5,2009-12-06 13:40:00,5.95,15547.0,United Kingdom
490499,35600D,PINK AND WHITE CHRISTMAS TREE 180CM,12,2009-12-06 13:45:00,2.95,17406.0,United Kingdom
490499,35598D,PINK/WHITE CHRISTMAS TREE 60CM,48,2009-12-06 13:45:00,0.65,17406.0,United Kingdom
490501,35471D,SET OF 3 BIRD LIGHT PINK FEATHER ,1,2009-12-06 13:49:00,1.25,16710.0,United Kingdom
490503,82613D,METAL SIGN CUPCAKE SINGLE HOOK,2,2009-12-06 14:00:00,1.25,14548.0,United Kingdom
490515,85014D,PINK/BROWN DOTS RUFFLED UMBRELLA,3,2009-12-06 15:08:00,5.95,15479.0,United Kingdom
490524,47591D,PINK FAIRY CAKE CHILD'S APRON,16,2009-12-06 15:35:00,1.95,14123.0,United Kingdom
490526,72753D,S/3 FLWR FAIRY SUMMER CANDLES,8,2009-12-06 15:41:00,2.1,17858.0,United Kingdom
490526,46000M,POLYESTER FILLER PAD 45x45cm,28,2009-12-06 15:41:00,1.55,17858.0,United Kingdom
490526,17165D,ASS COL LARGE SAND FROG P'WEIGHT,7,2009-12-06 15:41:00,1.05,17858.0,United Kingdom
490528,84997D,PINK 3 PIECE MINI DOTS CUTLERY SET,1,2009-12-06 15:48:00,3.75,16686.0,United Kingdom
490534,85049D,BRIGHT BLUES RIBBONS ,2,2009-12-06 16:17:00,1.25,17530.0,United Kingdom
490534,85049D,BRIGHT BLUES RIBBONS ,1,2009-12-06 16:17:00,1.25,17530.0,United Kingdom
490542,47591D,PINK FAIRY CAKE CHILD'S APRON,8,2009-12-07 09:42:00,1.95,14911.0,EIRE
490564,POST,POSTAGE,7,2009-12-07 10:42:00,18.0,12471.0,Germany
490613,84520D,PACK OF 20 FAIRY CAKE PAPER NAPKINS,4,2009-12-07 11:47:00,0.85,16768.0,United Kingdom
490657,84997D,PINK 3 PIECE MINI DOTS CUTLERY SET,2,2009-12-07 12:26:00,3.75,14471.0,United Kingdom
490670,84925D,LA PALMIERA WALL THERMOMETER,1,2009-12-07 12:42:00,2.55,14574.0,United Kingdom
490679,72800D,S/4 BLUE DINNER CANDLE SILVER FLOCK,3,2009-12-07 13:24:00,2.55,18162.0,United Kingdom
490680,85184D,S/4 BLUE ROUND DECOUPAGE BOXES,6,2009-12-07 13:32:00,2.95,17441.0,United Kingdom
490681,85184D,S/4 BLUE ROUND DECOUPAGE BOXES,1,2009-12-07 13:35:00,2.95,17988.0,United Kingdom
490682,POST,POSTAGE,2,2009-12-07 13:37:00,18.0,12600.0,Germany
490685,72750D,F.FAIRY S/3 CANDLE/GLASS,32,2009-12-07 13:48:00,1.95,13206.0,United Kingdom
490685,72753D,S/3 FLWR FAIRY SUMMER CANDLES,16,2009-12-07 13:48:00,2.1,13206.0,United Kingdom
490685,72755D,FLOWER FAIRY OIL BURNER SET SUMMER,32,2009-12-07 13:48:00,1.25,13206.0,United Kingdom
490692,17164D,ASS COL SMALL SAND FROG P'WEIGHT,13,2009-12-07 13:57:00,0.42,16018.0,United Kingdom
490695,84520D,PACK OF 20 FAIRY CAKE PAPER NAPKINS,2,2009-12-07 14:10:00,0.85,14590.0,United Kingdom
490707,16169D,WRAP WINTER FOREST,25,2009-12-07 15:02:00,0.42,17865.0,United Kingdom
490708,84997D,PINK 3 PIECE MINI DOTS CUTLERY SET,6,2009-12-07 15:10:00,3.75,15421.0,United Kingdom
490709,79191D,RETRO PLASTIC DAISY TRAY,1,2009-12-07 15:15:00,0.85,17884.0,United Kingdom
490709,84569D,PACK 6 HEART/ICE-CREAM PATCHES,1,2009-12-07 15:15:00,1.25,17884.0,United Kingdom
490711,84029D,LEOPARD PRINT HOT WATER BOTTLE,1,2009-12-07 15:26:00,3.75,17841.0,United Kingdom
490711,17129D,CLEAR COLOUR GLASS GEMS IN BAG,1,2009-12-07 15:26:00,0.85,17841.0,United Kingdom
490711,35598D,PINK/WHITE CHRISTMAS TREE 60CM,3,2009-12-07 15:26:00,1.25,17841.0,United Kingdom
490711,35600D,PINK AND WHITE CHRISTMAS TREE 180CM,1,2009-12-07 15:26:00,9.95,17841.0,United Kingdom
490717,85232D,SET/3 DECOUPAGE STACKING TINS,2,2009-12-07 15:28:00,4.95,17364.0,United Kingdom
490719,16169D,WRAP WINTER FOREST,25,2009-12-07 15:42:00,0.42,13042.0,United Kingdom
490719,16161M,WRAP  PINK FLOCK,25,2009-12-07 15:42:00,0.42,13042.0,United Kingdom
490718,POST,POSTAGE,3,2009-12-07 15:42:00,40.0,12443.0,Norway
490722,46000M,POLYESTER FILLER PAD 45x45cm,6,2009-12-07 15:55:00,1.55,16717.0,United Kingdom
490727,M,Manual,1,2009-12-07 16:38:00,0.0,17231.0,United Kingdom
490728,85232D,SET/3 DECOUPAGE STACKING TINS,1,2009-12-07 16:40:00,4.95,16702.0,United Kingdom
490733,POST,POSTAGE,3,2009-12-07 16:56:00,28.0,12540.0,Spain
490751,85014D,PINK/BROWN DOTS RUFFLED UMBRELLA,12,2009-12-08 07:59:00,5.95,12358.0,Austria
490760,M,Manual,1,2009-12-08 09:49:00,10.0,14295.0,United Kingdom
490767,85049D,BRIGHT BLUES RIBBONS ,1,2009-12-08 11:07:00,1.25,18002.0,United Kingdom
490767,84520D,PACK OF 20 FAIRY CAKE PAPER NAPKINS,1,2009-12-08 11:07:00,0.85,18002.0,United Kingdom
490770,37492D,PURPLE GREEN FLOWER PIGGY BANK,1,2009-12-08 11:13:00,4.65,17854.0,United Kingdom
490770,47591D,PINK FAIRY CAKE CHILD'S APRON,3,2009-12-08 11:13:00,1.95,17854.0,United Kingdom
490782,85014D,PINK/BROWN DOTS RUFFLED UMBRELLA,3,2009-12-08 11:22:00,5.95,15079.0,United Kingdom
490804,79030D,"TUMBLER, BAROQUE",6,2009-12-08 12:05:00,1.65,16560.0,United Kingdom
490806,POST,POSTAGE,1,2009-12-08 12:13:00,4.0,13485.0,United Kingdom
490808,85232D,SET/3 DECOUPAGE STACKING TINS,1,2009-12-08 12:25:00,4.95,17371.0,United Kingdom
490817,17129D,CLEAR COLOUR GLASS GEMS IN BAG,24,2009-12-08 12:33:00,0.64,15311.0,United Kingdom
490817,85014D,PINK/BROWN DOTS RUFFLED UMBRELLA,4,2009-12-08 12:33:00,5.95,15311.0,United Kingdom
490817,82613D,METAL SIGN CUPCAKE SINGLE HOOK,1,2009-12-08 12:33:00,1.25,15311.0,United Kingdom
490834,47591D,PINK FAIRY CAKE CHILD'S APRON,4,2009-12-08 12:38:00,1.95,16400.0,United Kingdom
490834,84569D,PACK 6 HEART/ICE-CREAM PATCHES,9,2009-12-08 12:38:00,1.25,16400.0,United Kingdom
490881,M,Manual,1,2009-12-08 12:58:00,10.0,16210.0,United Kingdom
490899,85071D,CHARLIE+LOLA MY ROOM DOOR SIGN,6,2009-12-08 13:04:00,2.55,16732.0,United Kingdom
490905,85049D,BRIGHT BLUES RIBBONS ,2,2009-12-08 13:08:00,1.25,16940.0,United Kingdom
490905,47591D,PINK FAIRY CAKE CHILD'S APRON,8,2009-12-08 13:08:00,1.95,16940.0,United Kingdom
490926,85049D,BRIGHT BLUES RIBBONS ,1,2009-12-08 13:38:00,1.25,15031.0,United Kingdom
490928,90002D,FLOWER BURST SILVER RING CRYSTAL,2,2009-12-08 13:41:00,3.75,14085.0,United Kingdom
490932,46000M,POLYESTER FILLER PAD 45x45cm,8,2009-12-08 13:44:00,1.55,14085.0,United Kingdom
490933,84968D,S/16 VINTAGE RED CUTLERY,72,2009-12-08 13:46:00,10.95,14063.0,United Kingdom
490936,POST,POSTAGE,2,2009-12-08 13:56:00,28.0,12785.0,Portugal
490937,47591D,PINK FAIRY CAKE CHILD'S APRON,8,2009-12-08 13:58:00,1.95,13081.0,United Kingdom
490937,85014D,PINK/BROWN DOTS RUFFLED UMBRELLA,6,2009-12-08 13:58:00,5.95,13081.0,United Kingdom
490938,46000M,POLYESTER FILLER PAD 45x45cm,20,2009-12-08 13:59:00,1.55,14605.0,United Kingdom
490941,84997D,PINK 3 PIECE MINI DOTS CUTLERY SET,1,2009-12-08 14:03:00,3.75,14527.0,United Kingdom
490941,46000M,POLYESTER FILLER PAD 45x45cm,4,2009-12-08 14:03:00,1.55,14527.0,United Kingdom
490948,BANK CHARGES, Bank Charges,1,2009-12-08 14:29:00,15.0,16805.0,United Kingdom
490959,POST,POSTAGE,2,2009-12-08 15:14:00,18.0,12682.0,France
490964,POST,POSTAGE,1,2009-12-08 16:09:00,15.0,14646.0,Netherlands
490968,47591D,PINK FAIRY CAKE CHILD'S APRON,50,2009-12-08 16:21:00,1.65,13798.0,United Kingdom
490972,82613D,METAL SIGN CUPCAKE SINGLE HOOK,16,2009-12-08 16:40:00,1.25,14911.0,EIRE
490972,85014D,PINK/BROWN DOTS RUFFLED UMBRELLA,6,2009-12-08 16:40:00,5.95,14911.0,EIRE
490999,M,Manual,1,2009-12-08 17:26:00,15.95,13883.0,United Kingdom
490999,M,Manual,1,2009-12-08 17:26:00,8.7,13883.0,United Kingdom
491006,85130D,BEADED CRYSTAL HEART PINK LARGE,12,2009-12-08 17:41:00,1.65,13557.0,United Kingdom
491006,85129D,BEADED CRYSTAL HEART PINK SMALL,12,2009-12-08 17:41:00,1.25,13557.0,United Kingdom
491010,84997D,PINK 3 PIECE MINI DOTS CUTLERY SET,6,2009-12-08 18:07:00,3.75,15194.0,United Kingdom
491014,84997D,PINK 3 PIECE MINI DOTS CUTLERY SET,6,2009-12-08 18:30:00,3.75,13136.0,United Kingdom
491014,47591D,PINK FAIRY CAKE CHILD'S APRON,8,2009-12-08 18:30:00,1.95,13136.0,United Kingdom
491014,85014D,PINK/BROWN DOTS RUFFLED UMBRELLA,3,2009-12-08 18:30:00,5.95,13136.0,United Kingdom
491035,85014D,PINK/BROWN DOTS RUFFLED UMBRELLA,3,2009-12-09 08:58:00,5.95,13455.0,United Kingdom
491050,POST,POSTAGE,2,2009-12-09 10:46:00,18.0,12712.0,Germany
491056,85184D,S/4 BLUE ROUND DECOUPAGE BOXES,48,2009-12-09 11:01:00,2.55,17428.0,United Kingdom
491063,79303D,LILAC FLOWER BLOCK TABLE LAMP,20,2009-12-09 11:52:00,2.95,16771.0,United Kingdom
491064,79302M,"ART LIGHTS,FUNK MONKEY",1,2009-12-09 11:58:00,2.95,16782.0,United Kingdom
491064,85071D,CHARLIE+LOLA MY ROOM DOOR SIGN,1,2009-12-09 11:58:00,2.55,16782.0,United Kingdom
491068,84520D,PACK OF 20 FAIRY CAKE PAPER NAPKINS,2,2009-12-09 12:18:00,0.85,15768.0,United Kingdom
491069,47591D,PINK FAIRY CAKE CHILD'S APRON,8,2009-12-09 12:30:00,1.95,12921.0,United Kingdom
491077,90120D,WHITE MURANO TWIST BRACELET,2,2009-12-09 12:57:00,4.25,14593.0,United Kingdom
491077,90027D,GLASS BEAD HOOP EARRINGS AMETHYST,2,2009-12-09 12:57:00,2.95,14593.0,United Kingdom
491077,47591D,PINK FAIRY CAKE CHILD'S APRON,2,2009-12-09 12:57:00,1.95,14593.0,United Kingdom
491085,84984D,ORIENTAL RED C/COVER ,2,2009-12-09 13:25:00,4.65,13727.0,United Kingdom
491085,46000M,POLYESTER FILLER PAD 45x45cm,4,2009-12-09 13:25:00,1.55,13727.0,United Kingdom
491086,47591D,PINK FAIRY CAKE CHILD'S APRON,2,2009-12-09 13:26:00,1.95,15911.0,United Kingdom
491086,85184D,S/4 BLUE ROUND DECOUPAGE BOXES,1,2009-12-09 13:26:00,2.95,15911.0,United Kingdom
491091,84997D,PINK 3 PIECE MINI DOTS CUTLERY SET,12,2009-12-09 13:34:00,3.75,16705.0,United Kingdom
491092,84997D,PINK 3 PIECE MINI DOTS CUTLERY SET,6,2009-12-09 13:44:00,3.75,13680.0,United Kingdom
491092,84997D,PINK 3 PIECE MINI DOTS CUTLERY SET,24,2009-12-09 13:44:00,3.75,13680.0,United Kingdom
491092,47591D,PINK FAIRY CAKE CHILD'S APRON,20,2009-12-09 13:44:00,1.95,13680.0,United Kingdom
491094,POST,POSTAGE,1,2009-12-09 13:49:00,216.0,12709.0,Germany
491098,85232D,SET/3 DECOUPAGE STACKING TINS,1,2009-12-09 14:02:00,4.95,14080.0,United Kingdom
491098,84997D,PINK 3 PIECE MINI DOTS CUTLERY SET,1,2009-12-09 14:02:00,3.75,14080.0,United Kingdom
491100,85014D,PINK/BROWN DOTS RUFFLED UMBRELLA,3,2009-12-09 14:15:00,5.95,17631.0,United Kingdom
491104,85014D,PINK/BROWN DOTS RUFFLED UMBRELLA,48,2009-12-09 14:22:00,4.95,12917.0,United Kingdom
491111,84997D,PINK 3 PIECE MINI DOTS CUTLERY SET,2,2009-12-09 14:38:00,3.75,15005.0,United Kingdom
491113,47591D,PINK FAIRY CAKE CHILD'S APRON,1,2009-12-09 14:48:00,1.95,14505.0,United Kingdom
491113,82613D,METAL SIGN CUPCAKE SINGLE HOOK,1,2009-12-09 14:48:00,1.25,14505.0,United Kingdom
491118,90214M,"LETTER ""M"" BLING KEY RING",2,2009-12-09 15:03:00,1.25,16933.0,United Kingdom
491118,84997D,PINK 3 PIECE MINI DOTS CUTLERY SET,1,2009-12-09 15:03:00,3.75,16933.0,United Kingdom
491118,84997D,PINK 3 PIECE MINI DOTS CUTLERY SET,2,2009-12-09 15:03:00,3.75,16933.0,United Kingdom
491126,85014D,PINK/BROWN DOTS RUFFLED UMBRELLA,3,2009-12-09 15:36:00,5.95,16186.0,United Kingdom
491136,47591D,PINK FAIRY CAKE CHILD'S APRON,8,2009-12-09 16:24:00,1.95,16746.0,United Kingdom
491153,85014D,PINK/BROWN DOTS RUFFLED UMBRELLA,3,2009-12-10 09:44:00,5.95,16143.0,United Kingdom
491158,84520D,PACK OF 20 FAIRY CAKE PAPER NAPKINS,20,2009-12-10 10:17:00,0.85,15523.0,United Kingdom
491158,47591D,PINK FAIRY CAKE CHILD'S APRON,20,2009-12-10 10:17:00,1.95,15523.0,United Kingdom
491159,47591D,PINK FAIRY CAKE CHILD'S APRON,50,2009-12-10 10:27:00,1.65,15311.0,United Kingdom
491160,47591D,PINK FAIRY CAKE CHILD'S APRON,8,2009-12-10 10:29:00,1.95,14911.0,EIRE
491176,M,Manual,1,2009-12-10 11:50:00,1213.02,13091.0,United Kingdom
491178,85014D,PINK/BROWN DOTS RUFFLED UMBRELLA,1,2009-12-10 11:55:00,5.95,14099.0,United Kingdom
491178,16168M,FUNKY MONKEY GIFT BAG MEDIUM,12,2009-12-10 11:55:00,0.42,14099.0,United Kingdom
491180,84997D,PINK 3 PIECE MINI DOTS CUTLERY SET,2,2009-12-10 12:03:00,3.75,15719.0,United Kingdom
491183,85049D,BRIGHT BLUES RIBBONS ,3,2009-12-10 12:10:00,1.25,12978.0,United Kingdom
491185,17107D,"FLOWER FAIRY,5 SUMMER B'DRAW LINERS",2,2009-12-10 12:21:00,2.55,17377.0,United Kingdom
491185,17108D,FLOWER FAIRY SUMMER BOUQUET SACHET,1,2009-12-10 12:21:00,0.42,17377.0,United Kingdom
491186,90214M,"LETTER ""M"" BLING KEY RING",1,2009-12-10 12:21:00,1.25,15889.0,United Kingdom
491192,84968D,S/16 VINTAGE RED CUTLERY,1,2009-12-10 12:44:00,12.75,14527.0,United Kingdom
491195,85014D,PINK/BROWN DOTS RUFFLED UMBRELLA,4,2009-12-10 12:57:00,5.95,15805.0,United Kingdom
491197,85230D,VANILLA SCENTED VOTIVE CANDLE,24,2009-12-10 13:03:00,0.29,15912.0,United Kingdom
491204,85184D,S/4 BLUE ROUND DECOUPAGE BOXES,1,2009-12-10 13:59:00,2.95,14648.0,United Kingdom
491207,90214M,"LETTER ""M"" BLING KEY RING",1,2009-12-10 14:13:00,1.25,17884.0,United Kingdom
491207,84997D,PINK 3 PIECE MINI DOTS CUTLERY SET,2,2009-12-10 14:13:00,3.75,17884.0,United Kingdom
491209,90003D,CRYSTAL PAIR HEART HAIR SLIDES,1,2009-12-10 14:19:00,3.75,15573.0,United Kingdom
491209,90120D,WHITE MURANO TWIST BRACELET,3,2009-12-10 14:19:00,4.25,15573.0,United Kingdom
491209,90160D,PINK BOUDICCA LARGE BRACELET,1,2009-12-10 14:19:00,6.95,15573.0,United Kingdom
491209,47591D,PINK FAIRY CAKE CHILD'S APRON,1,2009-12-10 14:19:00,1.95,15573.0,United Kingdom
491210,85014D,PINK/BROWN DOTS RUFFLED UMBRELLA,3,2009-12-10 14:20:00,5.95,15367.0,United Kingdom
491226,72753D,S/3 FLWR FAIRY SUMMER CANDLES,8,2009-12-10 14:44:00,2.1,15157.0,United Kingdom
491226,17109D,FLOWER FAIRY INCENSE BOUQUET,72,2009-12-10 14:44:00,0.38,15157.0,United Kingdom
491235,85129D,BEADED CRYSTAL HEART PINK SMALL,12,2009-12-10 14:46:00,1.25,15623.0,United Kingdom
491321,84997D,PINK 3 PIECE MINI DOTS CUTLERY SET,2,2009-12-10 15:36:00,3.75,17032.0,United Kingdom
491340,72799D,BLUE PILLAR CANDLE SILVER FLOCK,1,2009-12-10 15:45:00,2.95,12979.0,United Arab Emirates
491340,72800D,S/4 BLUE DINNER CANDLE SILVER FLOCK,1,2009-12-10 15:45:00,2.55,12979.0,United Arab Emirates
491340,84569D,PACK 6 HEART/ICE-CREAM PATCHES,12,2009-12-10 15:45:00,1.25,12979.0,United Arab Emirates
491358,84520D,PACK OF 20 FAIRY CAKE PAPER NAPKINS,1,2009-12-10 15:52:00,0.85,14590.0,United Kingdom
491394,90160D,PINK BOUDICCA LARGE BRACELET,2,2009-12-10 16:21:00,6.95,15916.0,United Kingdom
491394,90125D,PURPLE BERTIE GLASS BEAD BAG CHARM,4,2009-12-10 16:21:00,2.1,15916.0,United Kingdom
491408,90177D,DROP DIAMANTE EARRINGS PURPLE,1,2009-12-10 18:43:00,2.95,17351.0,United Kingdom
491427,84997D,PINK 3 PIECE MINI DOTS CUTLERY SET,3,2009-12-10 20:22:00,3.75,14702.0,United Kingdom
491427,85049D,BRIGHT BLUES RIBBONS ,2,2009-12-10 20:22:00,1.25,14702.0,United Kingdom
491443,84997D,PINK 3 PIECE MINI DOTS CUTLERY SET,72,2009-12-11 10:37:00,3.39,15311.0,United Kingdom
491448,84625D,WHITE NEWBAROQUE CANDLESTICK CANDLE,4,2009-12-11 10:54:00,2.95,15983.0,United Kingdom
491456,85014D,PINK/BROWN DOTS RUFFLED UMBRELLA,576,2009-12-11 11:22:00,3.0,18102.0,United Kingdom
491457,84875D,BLUE SQUARE COMPACT MIRROR,1,2009-12-11 11:26:00,3.75,15998.0,United Kingdom
491468,84520D,PACK OF 20 FAIRY CAKE PAPER NAPKINS,24,2009-12-11 12:01:00,0.85,12957.0,United Kingdom
491479,47591D,PINK FAIRY CAKE CHILD'S APRON,5,2009-12-11 12:11:00,1.95,14680.0,United Kingdom
491497,85014D,PINK/BROWN DOTS RUFFLED UMBRELLA,6,2009-12-11 12:17:00,5.95,17409.0,United Kingdom
491528,35471D,SET OF 3 BIRD LIGHT PINK FEATHER ,1,2009-12-11 12:31:00,1.25,17344.0,United Kingdom
491555,72800D,S/4 BLUE DINNER CANDLE SILVER FLOCK,12,2009-12-11 12:45:00,0.79,15194.0,United Kingdom
491584,16169D,WRAP WINTER FOREST,25,2009-12-11 12:55:00,0.42,12854.0,United Kingdom
491603,37492D,PURPLE GREEN FLOWER PIGGY BANK,1,2009-12-11 13:31:00,4.65,17243.0,United Kingdom
491622,72799D,BLUE PILLAR CANDLE SILVER FLOCK,2,2009-12-11 14:20:00,2.95,13415.0,United Kingdom
491622,72800D,S/4 BLUE DINNER CANDLE SILVER FLOCK,2,2009-12-11 14:20:00,2.55,13415.0,United Kingdom
491622,46000M,POLYESTER FILLER PAD 45x45cm,30,2009-12-11 14:20:00,1.55,13415.0,United Kingdom
491633,84520D,PACK OF 20 FAIRY CAKE PAPER NAPKINS,12,2009-12-11 15:37:00,0.85,17958.0,United Kingdom
491634,84997D,PINK 3 PIECE MINI DOTS CUTLERY SET,2,2009-12-11 15:40:00,3.75,17841.0,United Kingdom
491634,82613D,METAL SIGN CUPCAKE SINGLE HOOK,2,2009-12-11 15:40:00,1.25,17841.0,United Kingdom
491634,85071D,CHARLIE+LOLA MY ROOM DOOR SIGN,1,2009-12-11 15:40:00,2.55,17841.0,United Kingdom
491634,35599D,PINK AND WHITE CHRISTMAS TREE 120CM,1,2009-12-11 15:40:00,2.95,17841.0,United Kingdom
491634,35471D,SET OF 3 BIRD LIGHT PINK FEATHER ,2,2009-12-11 15:40:00,1.25,17841.0,United Kingdom
491636,46000M,POLYESTER FILLER PAD 45x45cm,20,2009-12-11 15:52:00,1.55,17754.0,United Kingdom
491640,85014D,PINK/BROWN DOTS RUFFLED UMBRELLA,1,2009-12-11 16:11:00,5.95,15898.0,United Kingdom
491640,85049D,BRIGHT BLUES RIBBONS ,1,2009-12-11 16:11:00,1.25,15898.0,United Kingdom
491642,84520D,PACK OF 20 FAIRY CAKE PAPER NAPKINS,3,2009-12-11 16:33:00,0.85,14130.0,United Kingdom
491647,46000M,POLYESTER FILLER PAD 45x45cm,10,2009-12-11 17:04:00,1.55,14031.0,United Kingdom
491649,84997D,PINK 3 PIECE MINI DOTS CUTLERY SET,72,2009-12-13 10:28:00,3.39,12664.0,Finland
491649,POST,POSTAGE,2,2009-12-13 10:28:00,40.0,12664.0,Finland
491652,82613D,METAL SIGN CUPCAKE SINGLE HOOK,2,2009-12-13 10:48:00,1.25,16335.0,United Kingdom
491652,85049D,BRIGHT BLUES RIBBONS ,2,2009-12-13 10:48:00,1.25,16335.0,United Kingdom
491652,90024D,NEW BAROQUE B'FLY NECKLACE PINK,1,2009-12-13 10:48:00,8.5,16335.0,United Kingdom
491654,90001D,ANTIQUE OLIVE GREEN FLOWER EARRINGS,2,2009-12-13 10:54:00,4.25,16104.0,United Kingdom
491654,90000D,COPPER/OLIVE GREEN FLOWER NECKLACE,2,2009-12-13 10:54:00,5.95,16104.0,United Kingdom
491655,46000M,POLYESTER FILLER PAD 45x45cm,10,2009-12-13 10:56:00,1.55,16104.0,United Kingdom
491656,16169D,WRAP WINTER FOREST,25,2009-12-13 10:59:00,0.42,16719.0,United Kingdom
491658,84997D,PINK 3 PIECE MINI DOTS CUTLERY SET,1,2009-12-13 11:05:00,3.75,16442.0,United Kingdom
491662,84875D,BLUE SQUARE COMPACT MIRROR,2,2009-12-13 11:16:00,3.75,15169.0,United Kingdom
491663,85071D,CHARLIE+LOLA MY ROOM DOOR SIGN,1,2009-12-13 11:23:00,2.55,15860.0,United Kingdom
491664,84625D,WHITE NEWBAROQUE CANDLESTICK CANDLE,10,2009-12-13 11:28:00,2.95,15983.0,United Kingdom
491667,90200D,PINK SWEETHEART BRACELET,1,2009-12-13 11:34:00,4.25,15503.0,United Kingdom
491666,17108D,FLOWER FAIRY SUMMER BOUQUET SACHET,48,2009-12-13 11:34:00,0.42,13026.0,United Kingdom
491666,17090D,VANILLA INCENSE 40 CONES IN TIN,6,2009-12-13 11:34:00,1.25,13026.0,United Kingdom
491666,17109D,FLOWER FAIRY INCENSE BOUQUET,6,2009-12-13 11:34:00,1.69,13026.0,United Kingdom
491675,16169D,WRAP WINTER FOREST,50,2009-12-13 12:04:00,0.42,16710.0,United Kingdom
491678,47591D,PINK FAIRY CAKE CHILD'S APRON,8,2009-12-13 12:11:00,1.95,16830.0,United Kingdom
491679,17165D,ASS COL LARGE SAND FROG P'WEIGHT,1,2009-12-13 12:19:00,1.05,16127.0,United Kingdom
491679,17164D,ASS COL SMALL SAND FROG P'WEIGHT,2,2009-12-13 12:19:00,0.42,16127.0,United Kingdom
491697,84845D,GERANIUM SQUARE HANDY TIN,12,2009-12-13 13:31:00,1.25,13735.0,United Kingdom
491698,46775D,SUNSET COLOUR CHUNKY KNITTED THROW,1,2009-12-13 13:31:00,16.95,12681.0,France
491698,POST,POSTAGE,4,2009-12-13 13:31:00,18.0,12681.0,France
491699,47591D,PINK FAIRY CAKE CHILD'S APRON,8,2009-12-13 13:39:00,1.95,15628.0,United Kingdom
491700,47591D,PINK FAIRY CAKE CHILD'S APRON,5,2009-12-13 13:39:00,1.95,17802.0,United Kingdom
491703,84559D,3D SHEET OF SEA WORLD STICKERS,1,2009-12-13 14:01:00,0.85,14525.0,United Kingdom
491709,POST,POSTAGE,1,2009-12-13 14:51:00,18.0,12600.0,Germany
491710,84932D,SMALL ORIENTAL RED FOLDING STOOL,3,2009-12-13 15:01:00,8.5,12683.0,France
491710,POST,POSTAGE,2,2009-12-13 15:01:00,18.0,12683.0,France
491714,84520D,PACK OF 20 FAIRY CAKE PAPER NAPKINS,6,2009-12-13 15:38:00,0.85,16409.0,United Kingdom
491714,84997D,PINK 3 PIECE MINI DOTS CUTLERY SET,1,2009-12-13 15:38:00,3.75,16409.0,United Kingdom
491715,POST,POSTAGE,1,2009-12-13 15:43:00,18.0,14277.0,France
491716,47591D,PINK FAIRY CAKE CHILD'S APRON,10,2009-12-13 15:44:00,1.95,14466.0,United Kingdom
491721,84845D,GERANIUM SQUARE HANDY TIN,8,2009-12-13 16:05:00,1.25,14898.0,United Kingdom
491736,85014D,PINK/BROWN DOTS RUFFLED UMBRELLA,9,2009-12-14 10:34:00,5.95,13013.0,United Kingdom
491738,POST,POSTAGE,5,2009-12-14 10:49:00,18.0,12472.0,Germany
491758,85049D,BRIGHT BLUES RIBBONS ,1,2009-12-14 12:24:00,1.25,17908.0,United Kingdom
491760,85014D,PINK/BROWN DOTS RUFFLED UMBRELLA,2,2009-12-14 12:36:00,5.95,15311.0,United Kingdom
491784,POST,POSTAGE,7,2009-12-14 12:48:00,18.0,12471.0,Germany
491803,85014D,PINK/BROWN DOTS RUFFLED UMBRELLA,1,2009-12-14 13:06:00,5.95,16327.0,United Kingdom
491803,15044D,RED PAPER PARASOL,2,2009-12-14 13:06:00,2.95,16327.0,United Kingdom
491803,84997D,PINK 3 PIECE MINI DOTS CUTLERY SET,3,2009-12-14 13:06:00,3.75,16327.0,United Kingdom
491803,47591D,PINK FAIRY CAKE CHILD'S APRON,3,2009-12-14 13:06:00,1.95,16327.0,United Kingdom
491805,84997D,PINK 3 PIECE MINI DOTS CUTLERY SET,6,2009-12-14 13:10:00,3.75,12613.0,Germany
491805,POST,POSTAGE,7,2009-12-14 13:10:00,18.0,12613.0,Germany
491809,16161M,WRAP  PINK FLOCK,25,2009-12-14 13:19:00,0.42,17965.0,United Kingdom
491810,37492D,PURPLE GREEN FLOWER PIGGY BANK,12,2009-12-14 13:22:00,1.65,14401.0,United Kingdom
491812,16168M,FUNKY MONKEY GIFT BAG MEDIUM,288,2009-12-14 13:23:00,0.12,13694.0,United Kingdom
491816,47591D,PINK FAIRY CAKE CHILD'S APRON,8,2009-12-14 13:36:00,1.95,14961.0,United Kingdom
491816,84520D,PACK OF 20 FAIRY CAKE PAPER NAPKINS,36,2009-12-14 13:36:00,0.85,14961.0,United Kingdom
491833,37492D,PURPLE GREEN FLOWER PIGGY BANK,1,2009-12-14 14:35:00,4.65,12926.0,United Kingdom
491833,79190D,RETRO PLASTIC DAISY TRAY,2,2009-12-14 14:35:00,0.42,12926.0,United Kingdom
491954,47591D,PINK FAIRY CAKE CHILD'S APRON,8,2009-12-14 15:58:00,1.95,12920.0,United Kingdom
491958,POST,POSTAGE,1,2009-12-14 16:10:00,5.0,13577.0,United Kingdom
491960,85049D,BRIGHT BLUES RIBBONS ,12,2009-12-14 16:29:00,1.25,17416.0,United Kingdom
491960,85014D,PINK/BROWN DOTS RUFFLED UMBRELLA,6,2009-12-14 16:29:00,5.95,17416.0,United Kingdom
491965,47591D,PINK FAIRY CAKE CHILD'S APRON,8,2009-12-14 17:03:00,1.95,13000.0,United Kingdom
491967,15044D,RED PAPER PARASOL,6,2009-12-14 17:34:00,2.95,17012.0,United Kingdom
491979,47591D,PINK FAIRY CAKE CHILD'S APRON,8,2009-12-15 08:01:00,1.95,13162.0,United Kingdom
491984,47591D,PINK FAIRY CAKE CHILD'S APRON,8,2009-12-15 09:44:00,1.95,13004.0,United Kingdom
491988,POST,POSTAGE,4,2009-12-15 10:02:00,18.0,13902.0,Denmark
491997,35600D,PINK AND WHITE CHRISTMAS TREE 180CM,1,2009-12-15 11:06:00,9.95,17852.0,United Kingdom
492012,84997D,PINK 3 PIECE MINI DOTS CUTLERY SET,8,2009-12-15 11:49:00,3.75,17625.0,United Kingdom
492016,72801D,S/4 SKY BLUE DINNER CANDLES,4,2009-12-15 12:03:00,1.25,17233.0,United Kingdom
492018,46000M,POLYESTER FILLER PAD 45x45cm,10,2009-12-15 12:08:00,1.55,16550.0,United Kingdom
492018,84997D,PINK 3 PIECE MINI DOTS CUTLERY SET,6,2009-12-15 12:08:00,3.75,16550.0,United Kingdom
492074,84932D,SMALL ORIENTAL RED FOLDING STOOL,8,2009-12-15 13:12:00,1.95,12941.0,United Kingdom
492075,84569D,PACK 6 HEART/ICE-CREAM PATCHES,2,2009-12-15 13:21:00,1.25,17596.0,United Kingdom
492075,35471D,SET OF 3 BIRD LIGHT PINK FEATHER ,1,2009-12-15 13:21:00,1.25,17596.0,United Kingdom
492075,90059D,DIAMANTE HAIR GRIP PACK/2 PERIDOT,2,2009-12-15 13:21:00,1.65,17596.0,United Kingdom
492117,46000M,POLYESTER FILLER PAD 45x45cm,7,2009-12-15 14:10:00,1.55,15808.0,United Kingdom
492169,47591D,PINK FAIRY CAKE CHILD'S APRON,12,2009-12-15 14:46:00,1.95,13680.0,United Kingdom
492169,84997D,PINK 3 PIECE MINI DOTS CUTLERY SET,4,2009-12-15 14:46:00,3.75,13680.0,United Kingdom
492176,47591D,PINK FAIRY CAKE CHILD'S APRON,1,2009-12-15 15:21:00,1.95,17841.0,United Kingdom
492176,85014D,PINK/BROWN DOTS RUFFLED UMBRELLA,1,2009-12-15 15:21:00,5.95,17841.0,United Kingdom
492209,85014D,PINK/BROWN DOTS RUFFLED UMBRELLA,1,2009-12-15 16:40:00,5.95,15768.0,United Kingdom
492209,84520D,PACK OF 20 FAIRY CAKE PAPER NAPKINS,1,2009-12-15 16:40:00,0.85,15768.0,United Kingdom
492216,84625D,WHITE NEWBAROQUE CANDLESTICK CANDLE,24,2009-12-15 17:25:00,0.85,15641.0,United Kingdom
492220,72800D,S/4 BLUE DINNER CANDLE SILVER FLOCK,1,2009-12-15 17:45:00,2.55,17368.0,United Kingdom
492238,47591D,PINK FAIRY CAKE CHILD'S APRON,24,2009-12-15 19:12:00,1.19,18102.0,United Kingdom
492241,79302M,"ART LIGHTS,FUNK MONKEY",6,2009-12-16 09:17:00,2.95,14769.0,United Kingdom
492241,85232D,SET/3 DECOUPAGE STACKING TINS,3,2009-12-16 09:17:00,4.95,14769.0,United Kingdom
492246,82613D,METAL SIGN CUPCAKE SINGLE HOOK,8,2009-12-16 09:41:00,1.25,13952.0,United Kingdom
492245,16161M,WRAP  PINK FLOCK,25,2009-12-16 09:41:00,0.42,15713.0,United Kingdom
492248,85232D,SET/3 DECOUPAGE STACKING TINS,24,2009-12-16 10:28:00,4.25,14646.0,Netherlands
492248,POST,POSTAGE,6,2009-12-16 10:28:00,15.0,14646.0,Netherlands
492290,16168M,FUNKY MONKEY GIFT BAG MEDIUM,144,2009-12-16 11:47:00,0.12,14966.0,United Kingdom
492297,85129D,BEADED CRYSTAL HEART PINK SMALL,12,2009-12-16 11:53:00,1.25,13289.0,United Kingdom
492312,17165D,ASS COL LARGE SAND FROG P'WEIGHT,9,2009-12-16 12:06:00,1.05,15184.0,United Kingdom
492312,17164D,ASS COL SMALL SAND FROG P'WEIGHT,36,2009-12-16 12:06:00,0.42,15184.0,United Kingdom
492312,85018D,YULETIDE IMAGES S/6 PAPER BOXES,1,2009-12-16 12:06:00,2.55,15184.0,United Kingdom
492313,84997D,PINK 3 PIECE MINI DOTS CUTLERY SET,2,2009-12-16 12:09:00,3.75,14680.0,United Kingdom
492319,90129D,AMBER GLASS TASSLE BAG CHARM,1,2009-12-16 12:17:00,2.95,15499.0,United Kingdom
492319,84520D,PACK OF 20 FAIRY CAKE PAPER NAPKINS,1,2009-12-16 12:17:00,0.85,15499.0,United Kingdom
492340,85014D,PINK/BROWN DOTS RUFFLED UMBRELLA,1,2009-12-16 12:29:00,5.95,17954.0,United Kingdom
492340,79302M,"ART LIGHTS,FUNK MONKEY",1,2009-12-16 12:29:00,2.95,17954.0,United Kingdom
492342,35599D,PINK AND WHITE CHRISTMAS TREE 120CM,1,2009-12-16 12:32:00,2.95,14527.0,United Kingdom
492342,35600D,PINK AND WHITE CHRISTMAS TREE 180CM,1,2009-12-16 12:32:00,9.95,14527.0,United Kingdom
492342,84997D,PINK 3 PIECE MINI DOTS CUTLERY SET,2,2009-12-16 12:32:00,3.75,14527.0,United Kingdom
492347,17011D,ORIGAMI ROSE INCENSE+FLOWER,192,2009-12-16 12:39:00,0.65,13694.0,United Kingdom
492347,17013D,ORIGAMI ROSE INCENSE IN TUBE,192,2009-12-16 12:39:00,0.42,13694.0,United Kingdom
492347,37492D,PURPLE GREEN FLOWER PIGGY BANK,48,2009-12-16 12:39:00,1.65,13694.0,United Kingdom
492356,47591D,PINK FAIRY CAKE CHILD'S APRON,8,2009-12-16 13:15:00,1.95,12586.0,Italy
492360,46000M,POLYESTER FILLER PAD 45x45cm,4,2009-12-16 13:23:00,1.55,14625.0,United Kingdom
492368,84997D,PINK 3 PIECE MINI DOTS CUTLERY SET,2,2009-12-16 14:08:00,3.75,14415.0,United Kingdom
492391,17165D,ASS COL LARGE SAND FROG P'WEIGHT,9,2009-12-16 15:16:00,1.05,13426.0,United Kingdom
492397,84520D,PACK OF 20 FAIRY CAKE PAPER NAPKINS,12,2009-12-16 15:24:00,0.85,12359.0,Cyprus
492399,85014D,PINK/BROWN DOTS RUFFLED UMBRELLA,3,2009-12-16 15:31:00,5.95,14329.0,United Kingdom
492404,85018D,YULETIDE IMAGES S/6 PAPER BOXES,24,2009-12-16 15:45:00,2.1,16694.0,United Kingdom
492406,17129D,CLEAR COLOUR GLASS GEMS IN BAG,24,2009-12-16 15:57:00,0.64,18144.0,United Kingdom
492407,17165D,ASS COL LARGE SAND FROG P'WEIGHT,1,2009-12-16 16:02:00,1.05,15750.0,United Kingdom
492407,46000M,POLYESTER FILLER PAD 45x45cm,2,2009-12-16 16:02:00,1.55,15750.0,United Kingdom
492410,79302M,"ART LIGHTS,FUNK MONKEY",20,2009-12-16 16:10:00,2.55,13941.0,United Kingdom
492415,85184D,S/4 BLUE ROUND DECOUPAGE BOXES,192,2009-12-16 17:06:00,2.55,17428.0,United Kingdom
492418,17165D,ASS COL LARGE SAND FROG P'WEIGHT,18,2009-12-16 17:27:00,1.05,15498.0,United Kingdom
492429,84625D,WHITE NEWBAROQUE CANDLESTICK CANDLE,24,2009-12-17 09:09:00,0.85,13225.0,United Kingdom
492435,84732D,CUTE RABBIT CEATURE SCREEN ,1,2009-12-17 10:20:00,1.65,15863.0,United Kingdom
492435,85018D,YULETIDE IMAGES S/6 PAPER BOXES,1,2009-12-17 10:20:00,2.55,15863.0,United Kingdom
492436,16168M,FUNKY MONKEY GIFT BAG MEDIUM,144,2009-12-17 10:22:00,0.12,18186.0,United Kingdom
492439,84997D,PINK 3 PIECE MINI DOTS CUTLERY SET,216,2009-12-17 10:39:00,3.39,12557.0,Spain
492446,84997D,PINK 3 PIECE MINI DOTS CUTLERY SET,6,2009-12-17 11:11:00,3.75,13520.0,Switzerland
492446,POST,POSTAGE,3,2009-12-17 11:11:00,40.0,13520.0,Switzerland
492472,84559D,3D SHEET OF SEA WORLD STICKERS,4,2009-12-17 11:38:00,0.85,15862.0,United Kingdom
492484,M,Manual,4,2009-12-17 11:43:00,0.35,15862.0,United Kingdom
492484,85049D,BRIGHT BLUES RIBBONS ,1,2009-12-17 11:43:00,1.25,15862.0,United Kingdom
492527,84997D,PINK 3 PIECE MINI DOTS CUTLERY SET,3,2009-12-17 12:39:00,3.75,14040.0,United Kingdom
492529,17108D,FLOWER FAIRY SUMMER BOUQUET SACHET,12,2009-12-17 12:46:00,0.42,17377.0,United Kingdom
492534,90027D,GLASS BEAD HOOP EARRINGS AMETHYST,1,2009-12-17 13:07:00,2.95,17961.0,United Kingdom
492534,84997D,PINK 3 PIECE MINI DOTS CUTLERY SET,1,2009-12-17 13:07:00,3.75,17961.0,United Kingdom
492537,85232D,SET/3 DECOUPAGE STACKING TINS,3,2009-12-17 13:15:00,4.95,16560.0,United Kingdom
492539,37492D,PURPLE GREEN FLOWER PIGGY BANK,2,2009-12-17 13:35:00,4.65,16908.0,United Kingdom
492547,72750D,F.FAIRY S/3 CANDLE/GLASS,8,2009-12-17 14:08:00,1.95,17103.0,United Kingdom
492547,84625D,WHITE NEWBAROQUE CANDLESTICK CANDLE,24,2009-12-17 14:08:00,0.85,17103.0,United Kingdom
492579,17129D,CLEAR COLOUR GLASS GEMS IN BAG,24,2009-12-17 14:38:00,0.64,15311.0,United Kingdom
492579,82613D,METAL SIGN CUPCAKE SINGLE HOOK,2,2009-12-17 14:38:00,1.25,15311.0,United Kingdom
492585,90082D,DIAMANTE BOW BROOCH BLACK COLOUR,3,2009-12-17 15:26:00,6.35,14085.0,United Kingdom
492585,90002D,FLOWER BURST SILVER RING CRYSTAL,4,2009-12-17 15:26:00,3.75,14085.0,United Kingdom
492585,90160D,PINK BOUDICCA LARGE BRACELET,3,2009-12-17 15:26:00,6.95,14085.0,United Kingdom
492585,90125D,PURPLE BERTIE GLASS BEAD BAG CHARM,1,2009-12-17 15:26:00,2.1,14085.0,United Kingdom
492593,85131D,BEADED CRYSTAL HEART PINK\ON STICK,1,2009-12-17 15:44:00,1.25,15917.0,United Kingdom
492594,90177D,DROP DIAMANTE EARRINGS PURPLE,6,2009-12-17 15:46:00,2.95,17631.0,United Kingdom
492640,85130D,BEADED CRYSTAL HEART PINK LARGE,1,2009-12-17 16:38:00,1.65,13077.0,United Kingdom
492643,90199D,5 STRAND GLASS NECKLACE AMBER,1,2009-12-17 16:58:00,6.35,17576.0,United Kingdom
492650,M,Manual,1,2009-12-17 17:43:00,803.25,14911.0,EIRE
492659,84520D,PACK OF 20 FAIRY CAKE PAPER NAPKINS,1,2009-12-17 17:54:00,0.85,16720.0,United Kingdom
492680,47310M,"SMALL POP BOX,FUNKY MONKEY",2,2009-12-17 18:20:00,1.25,14606.0,United Kingdom
492705,84520D,PACK OF 20 FAIRY CAKE PAPER NAPKINS,1,2009-12-17 19:42:00,0.85,14702.0,United Kingdom
492705,84997D,PINK 3 PIECE MINI DOTS CUTLERY SET,4,2009-12-17 19:42:00,3.75,14702.0,United Kingdom
492707,37492D,PURPLE GREEN FLOWER PIGGY BANK,1,2009-12-17 19:54:00,4.65,15879.0,United Kingdom
492708,85049D,BRIGHT BLUES RIBBONS ,12,2009-12-18 09:16:00,1.25,16556.0,United Kingdom
492714,84997D,PINK 3 PIECE MINI DOTS CUTLERY SET,2,2009-12-18 10:24:00,3.75,17913.0,United Kingdom
492716,POST,POSTAGE,1,2009-12-18 10:25:00,18.0,12708.0,Germany
492729,85184D,S/4 BLUE ROUND DECOUPAGE BOXES,1,2009-12-18 11:32:00,2.95,15911.0,United Kingdom
492735,84997D,PINK 3 PIECE MINI DOTS CUTLERY SET,6,2009-12-18 12:06:00,3.75,12921.0,United Kingdom
492737,37492D,PURPLE GREEN FLOWER PIGGY BANK,1,2009-12-18 12:21:00,4.65,17243.0,United Kingdom
492738,46000M,POLYESTER FILLER PAD 45x45cm,4,2009-12-18 12:23:00,1.55,14527.0,United Kingdom
492738,84997D,PINK 3 PIECE MINI DOTS CUTLERY SET,2,2009-12-18 12:23:00,3.75,14527.0,United Kingdom
492738,84968D,S/16 VINTAGE RED CUTLERY,2,2009-12-18 12:23:00,12.75,14527.0,United Kingdom
492738,47591D,PINK FAIRY CAKE CHILD'S APRON,2,2009-12-18 12:23:00,1.95,14527.0,United Kingdom
492740,84968D,S/16 VINTAGE RED CUTLERY,48,2009-12-18 12:27:00,10.95,14063.0,United Kingdom
492742,46000M,POLYESTER FILLER PAD 45x45cm,18,2009-12-18 12:33:00,1.55,12455.0,Cyprus
492742,85014D,PINK/BROWN DOTS RUFFLED UMBRELLA,3,2009-12-18 12:33:00,5.95,12455.0,Cyprus
492745,72753D,S/3 FLWR FAIRY SUMMER CANDLES,8,2009-12-18 12:59:00,2.1,16600.0,United Kingdom
492747,84997D,PINK 3 PIECE MINI DOTS CUTLERY SET,6,2009-12-18 13:03:00,3.75,17372.0,United Kingdom
492749,85232D,SET/3 DECOUPAGE STACKING TINS,3,2009-12-18 13:35:00,4.95,14911.0,EIRE
492751,85232D,SET/3 DECOUPAGE STACKING TINS,1,2009-12-18 13:46:00,4.95,15768.0,United Kingdom
492751,85018D,YULETIDE IMAGES S/6 PAPER BOXES,1,2009-12-18 13:46:00,2.55,15768.0,United Kingdom
492753,17107D,"FLOWER FAIRY,5 SUMMER B'DRAW LINERS",6,2009-12-18 13:48:00,2.55,14156.0,EIRE
492753,17108D,FLOWER FAIRY SUMMER BOUQUET SACHET,12,2009-12-18 13:48:00,0.42,14156.0,EIRE
492753,84997D,PINK 3 PIECE MINI DOTS CUTLERY SET,6,2009-12-18 13:48:00,3.75,14156.0,EIRE
492784,46000M,POLYESTER FILLER PAD 45x45cm,1,2009-12-18 17:24:00,1.55,17841.0,United Kingdom
492794,85129D,BEADED CRYSTAL HEART PINK SMALL,12,2009-12-20 10:41:00,1.25,13847.0,United Kingdom
492804,17164D,ASS COL SMALL SAND FROG P'WEIGHT,36,2009-12-20 12:10:00,0.42,15456.0,United Kingdom
492807,85129D,BEADED CRYSTAL HEART PINK SMALL,4,2009-12-20 12:28:00,1.25,17211.0,United Kingdom
492813,15044D,RED PAPER PARASOL,1,2009-12-20 13:14:00,2.95,17920.0,United Kingdom
492813,79190D,RETRO PLASTIC DAISY TRAY,15,2009-12-20 13:14:00,0.42,17920.0,United Kingdom
492816,POST,POSTAGE,2,2009-12-20 13:30:00,18.0,12609.0,Germany
492820,90200D,PINK SWEETHEART BRACELET,7,2009-12-20 14:40:00,4.25,14404.0,United Kingdom
492823,85032D,YULETIDE IMAGES GIFT WRAP SET,6,2009-12-20 14:59:00,2.1,15358.0,United Kingdom
492823,85018D,YULETIDE IMAGES S/6 PAPER BOXES,6,2009-12-20 14:59:00,2.55,15358.0,United Kingdom
492823,85185D,FROG SOCK PUPPET,6,2009-12-20 14:59:00,2.95,15358.0,United Kingdom
492830,POST,POSTAGE,5,2009-12-20 15:38:00,18.0,12683.0,France
492830,84997D,PINK 3 PIECE MINI DOTS CUTLERY SET,12,2009-12-20 15:38:00,3.75,12683.0,France
492839,90160D,PINK BOUDICCA LARGE BRACELET,2,2009-12-21 11:08:00,6.95,14085.0,United Kingdom
492839,90082D,DIAMANTE BOW BROOCH BLACK COLOUR,4,2009-12-21 11:08:00,6.35,14085.0,United Kingdom
492839,85232D,SET/3 DECOUPAGE STACKING TINS,1,2009-12-21 11:08:00,4.95,14085.0,United Kingdom
492839,90036D,"FLOWER GLASS GARLAND NECKL.36""BLACK",3,2009-12-21 11:08:00,7.95,14085.0,United Kingdom
492929,90175D,TIGRIS EYE CHUNKY CHARM BRACELET,1,2009-12-21 12:17:00,8.95,16713.0,United Kingdom
492935,M,Manual,1,2009-12-21 12:18:00,74.1,13641.0,United Kingdom
492940,85170D,SET/6 PINK BIRD T-LIGHT CANDLES,6,2009-12-21 12:20:00,2.1,17696.0,United Kingdom
492944,POST,POSTAGE,1,2009-12-21 13:18:00,18.0,12682.0,France
492948,M,Manual,1,2009-12-21 14:33:00,68.96,14606.0,United Kingdom
492950,POST,POSTAGE,5,2009-12-21 14:52:00,18.0,12471.0,Germany
492975,85014D,PINK/BROWN DOTS RUFFLED UMBRELLA,1,2009-12-21 15:36:00,5.95,17961.0,United Kingdom
493157,46000M,POLYESTER FILLER PAD 45x45cm,2,2009-12-22 11:41:00,1.55,15911.0,United Kingdom
493181,72755D,FLOWER FAIRY OIL BURNER SET SUMMER,160,2009-12-22 12:01:00,1.25,18251.0,United Kingdom
493181,17109D,FLOWER FAIRY INCENSE BOUQUET,288,2009-12-22 12:01:00,0.38,18251.0,United Kingdom
493183,84997D,PINK 3 PIECE MINI DOTS CUTLERY SET,12,2009-12-22 12:03:00,3.75,12440.0,Austria
493183,POST,POSTAGE,2,2009-12-22 12:03:00,40.0,12440.0,Austria
493187,85129D,BEADED CRYSTAL HEART PINK SMALL,12,2009-12-22 12:05:00,1.25,18190.0,United Kingdom
493188,72800D,S/4 BLUE DINNER CANDLE SILVER FLOCK,1,2009-12-22 12:38:00,2.55,15581.0,United Kingdom
493188,17109D,FLOWER FAIRY INCENSE BOUQUET,1,2009-12-22 12:38:00,1.69,15581.0,United Kingdom
493200,17129D,CLEAR COLOUR GLASS GEMS IN BAG,3,2009-12-22 13:22:00,0.85,17961.0,United Kingdom
493302,85014D,PINK/BROWN DOTS RUFFLED UMBRELLA,1,2009-12-22 15:39:00,5.95,17961.0,United Kingdom
493325,37492D,PURPLE GREEN FLOWER PIGGY BANK,96,2009-12-23 07:57:00,1.65,13694.0,United Kingdom
493360,72750D,F.FAIRY S/3 CANDLE/GLASS,8,2009-12-23 10:17:00,1.95,18252.0,United Kingdom
493432,47591D,PINK FAIRY CAKE CHILD'S APRON,1,2010-01-04 12:30:00,1.95,14680.0,United Kingdom
493432,84997D,PINK 3 PIECE MINI DOTS CUTLERY SET,1,2010-01-04 12:30:00,3.75,14680.0,United Kingdom
493434,84520D,PACK OF 20 FAIRY CAKE PAPER NAPKINS,96,2010-01-04 12:54:00,0.64,13798.0,United Kingdom
493435,72800D,S/4 BLUE DINNER CANDLE SILVER FLOCK,12,2010-01-04 12:57:00,0.79,13206.0,United Kingdom
493436,72800D,S/4 BLUE DINNER CANDLE SILVER FLOCK,252,2010-01-04 13:03:00,0.79,13694.0,United Kingdom
493442,79190D,RETRO PLASTIC DAISY TRAY,5,2010-01-04 13:36:00,0.42,13821.0,United Kingdom
493443,47591D,PINK FAIRY CAKE CHILD'S APRON,1,2010-01-04 13:39:00,1.95,14527.0,United Kingdom
493443,46000M,POLYESTER FILLER PAD 45x45cm,2,2010-01-04 13:39:00,1.55,14527.0,United Kingdom
493444,85129D,BEADED CRYSTAL HEART PINK SMALL,2,2010-01-04 13:47:00,1.25,16792.0,United Kingdom
493444,84845D,GERANIUM SQUARE HANDY TIN,2,2010-01-04 13:47:00,1.25,16792.0,United Kingdom
493444,17164D,ASS COL SMALL SAND FROG P'WEIGHT,3,2010-01-04 13:47:00,0.42,16792.0,United Kingdom
493543,16161M,WRAP  PINK FLOCK,25,2010-01-04 16:29:00,0.42,14839.0,United Kingdom
493568,84997D,PINK 3 PIECE MINI DOTS CUTLERY SET,6,2010-01-05 09:16:00,3.75,16875.0,United Kingdom
493569,72753D,S/3 FLWR FAIRY SUMMER CANDLES,8,2010-01-05 09:29:00,2.1,13901.0,United Kingdom
493577,84249D,FAIRY CAKE GREETINGS CARD,12,2010-01-05 11:16:00,0.42,13557.0,United Kingdom
493577,84520D,PACK OF 20 FAIRY CAKE PAPER NAPKINS,12,2010-01-05 11:16:00,0.85,13557.0,United Kingdom
493672,84559D,3D SHEET OF SEA WORLD STICKERS,6,2010-01-05 12:26:00,0.85,17861.0,United Kingdom
493672,84249D,FAIRY CAKE GREETINGS CARD,12,2010-01-05 12:26:00,0.42,17861.0,United Kingdom
493695,47310M,"SMALL POP BOX,FUNKY MONKEY",4,2010-01-05 13:23:00,1.25,14606.0,United Kingdom
493696,84520D,PACK OF 20 FAIRY CAKE PAPER NAPKINS,4,2010-01-05 13:32:00,0.85,16779.0,United Kingdom
493708,85014D,PINK/BROWN DOTS RUFFLED UMBRELLA,1,2010-01-05 15:29:00,5.95,15311.0,United Kingdom
493709,16168M,FUNKY MONKEY GIFT BAG MEDIUM,144,2010-01-05 15:55:00,0.12,17754.0,United Kingdom
493709,84402D,PINK DRESS JEWELLERY STAND ,36,2010-01-05 15:55:00,0.85,17754.0,United Kingdom
493710,46000M,POLYESTER FILLER PAD 45x45cm,2,2010-01-05 16:04:00,1.55,13442.0,United Kingdom
493716,16161M,WRAP  PINK FLOCK,25,2010-01-05 16:50:00,0.42,17364.0,United Kingdom
493717,79190D,RETRO PLASTIC DAISY TRAY,1,2010-01-05 17:19:00,0.42,12835.0,United Kingdom
493739,72750D,F.FAIRY S/3 CANDLE/GLASS,8,2010-01-06 12:16:00,1.95,14194.0,United Kingdom
493757,84997D,PINK 3 PIECE MINI DOTS CUTLERY SET,6,2010-01-06 13:08:00,3.75,15712.0,United Kingdom
493759,85014D,PINK/BROWN DOTS RUFFLED UMBRELLA,1,2010-01-06 13:56:00,5.95,17965.0,United Kingdom
493759,M,Manual,3,2010-01-06 13:56:00,1.25,17965.0,United Kingdom
493759,84968D,S/16 VINTAGE RED CUTLERY,1,2010-01-06 13:56:00,12.75,17965.0,United Kingdom
493806,POST,POSTAGE,1,2010-01-07 11:31:00,18.0,17404.0,Sweden
493810,46000M,POLYESTER FILLER PAD 45x45cm,6,2010-01-07 11:47:00,1.55,13727.0,United Kingdom
493812,37492D,PURPLE GREEN FLOWER PIGGY BANK,12,2010-01-07 11:52:00,1.65,13081.0,United Kingdom
493812,84249D,FAIRY CAKE GREETINGS CARD,12,2010-01-07 11:52:00,0.42,13081.0,United Kingdom
493812,84520D,PACK OF 20 FAIRY CAKE PAPER NAPKINS,24,2010-01-07 11:52:00,0.85,13081.0,United Kingdom
493812,72800D,S/4 BLUE DINNER CANDLE SILVER FLOCK,12,2010-01-07 11:52:00,0.79,13081.0,United Kingdom
493814,84249D,FAIRY CAKE GREETINGS CARD,12,2010-01-07 11:59:00,0.42,14541.0,United Kingdom
493819,84968D,S/16 VINTAGE RED CUTLERY,96,2010-01-07 12:34:00,10.95,14156.0,EIRE
493828,46000M,POLYESTER FILLER PAD 45x45cm,10,2010-01-07 13:19:00,1.55,14732.0,United Kingdom
493834,84997D,PINK 3 PIECE MINI DOTS CUTLERY SET,4,2010-01-07 13:32:00,3.75,14527.0,United Kingdom
493841,85014D,PINK/BROWN DOTS RUFFLED UMBRELLA,6,2010-01-07 14:04:00,5.95,13394.0,United Kingdom
493846,15044D,RED PAPER PARASOL,12,2010-01-07 15:03:00,2.95,14465.0,United Kingdom
493846,17164D,ASS COL SMALL SAND FROG P'WEIGHT,36,2010-01-07 15:03:00,0.42,14465.0,United Kingdom
493847,84997D,PINK 3 PIECE MINI DOTS CUTLERY SET,12,2010-01-07 15:15:00,3.75,15152.0,United Kingdom
493860,85014D,PINK/BROWN DOTS RUFFLED UMBRELLA,8,2010-01-07 16:19:00,5.95,13767.0,United Kingdom
493863,84997D,PINK 3 PIECE MINI DOTS CUTLERY SET,30,2010-01-07 16:46:00,3.75,12678.0,France
493865,46000M,POLYESTER FILLER PAD 45x45cm,8,2010-01-07 16:57:00,1.55,15808.0,United Kingdom
493874,79302M,"ART LIGHTS,FUNK MONKEY",6,2010-01-07 18:35:00,2.95,13468.0,United Kingdom
493876,POST,POSTAGE,1,2010-01-07 18:38:00,1.0,12648.0,Germany
493877,84520D,PACK OF 20 FAIRY CAKE PAPER NAPKINS,12,2010-01-07 19:34:00,0.85,14911.0,EIRE
493882,15044D,RED PAPER PARASOL,6,2010-01-08 10:02:00,2.95,15586.0,United Kingdom
493884,47591D,PINK FAIRY CAKE CHILD'S APRON,120,2010-01-08 10:08:00,1.65,14045.0,United Kingdom
493885,85014D,PINK/BROWN DOTS RUFFLED UMBRELLA,432,2010-01-08 10:09:00,3.0,18102.0,United Kingdom
493897,M,Manual,1,2010-01-08 10:39:00,780.52,14911.0,EIRE
493899,POST,POSTAGE,3,2010-01-08 10:43:00,15.0,12417.0,Belgium
493899,82613D,METAL SIGN CUPCAKE SINGLE HOOK,8,2010-01-08 10:43:00,1.25,12417.0,Belgium
493900,M,Manual,1,2010-01-08 10:44:00,780.52,14911.0,EIRE
493923,84520D,PACK OF 20 FAIRY CAKE PAPER NAPKINS,24,2010-01-08 11:16:00,0.85,13360.0,United Kingdom
493924,POST,POSTAGE,1,2010-01-08 11:25:00,180.0,12678.0,France
493947,17108D,FLOWER FAIRY SUMMER BOUQUET SACHET,12,2010-01-08 12:22:00,0.42,17243.0,United Kingdom
493949,85232D,SET/3 DECOUPAGE STACKING TINS,3,2010-01-08 12:51:00,4.95,16325.0,United Kingdom
493950,POST,POSTAGE,4,2010-01-08 13:19:00,18.0,12681.0,France
493955,72750D,F.FAIRY S/3 CANDLE/GLASS,8,2010-01-08 14:12:00,1.95,14016.0,EIRE
493955,72753D,S/3 FLWR FAIRY SUMMER CANDLES,8,2010-01-08 14:12:00,2.1,14016.0,EIRE
493961,72800D,S/4 BLUE DINNER CANDLE SILVER FLOCK,1,2010-01-08 15:16:00,2.55,17841.0,United Kingdom
493961,84924D,LA PALMIERA METAL SIGN CALENDAR,1,2010-01-08 15:16:00,3.75,17841.0,United Kingdom
493961,85232D,SET/3 DECOUPAGE STACKING TINS,4,2010-01-08 15:16:00,4.95,17841.0,United Kingdom
493964,84250M,"GREETING CARD, BLACKPOOL ROCK",12,2010-01-08 16:29:00,0.19,12714.0,France
493964,84984D,ORIENTAL RED C/COVER ,2,2010-01-08 16:29:00,4.65,12714.0,France
493964,POST,POSTAGE,10,2010-01-08 16:29:00,18.0,12714.0,France
493964,84997D,PINK 3 PIECE MINI DOTS CUTLERY SET,6,2010-01-08 16:29:00,3.75,12714.0,France
493965,85184D,S/4 BLUE ROUND DECOUPAGE BOXES,1,2010-01-08 16:34:00,2.95,14573.0,United Kingdom
493970,79190D,RETRO PLASTIC DAISY TRAY,15,2010-01-08 17:13:00,0.42,15856.0,United Kingdom
493974,35471D,SET OF 3 BIRD LIGHT PINK FEATHER ,1,2010-01-10 11:12:00,1.25,16787.0,United Kingdom
493975,POST,POSTAGE,4,2010-01-10 11:27:00,28.0,12540.0,Spain
493978,79190D,RETRO PLASTIC DAISY TRAY,15,2010-01-10 11:55:00,0.42,17920.0,United Kingdom
493979,85049D,BRIGHT BLUES RIBBONS ,2,2010-01-10 11:58:00,1.25,17323.0,United Kingdom
494009,POST,POSTAGE,2,2010-01-11 08:51:00,18.0,12471.0,Germany
494020,85232D,SET/3 DECOUPAGE STACKING TINS,6,2010-01-11 09:38:00,4.95,17147.0,United Kingdom
494023,72800D,S/4 BLUE DINNER CANDLE SILVER FLOCK,12,2010-01-11 10:08:00,0.79,13162.0,United Kingdom
494028,82613D,METAL SIGN CUPCAKE SINGLE HOOK,8,2010-01-11 10:15:00,1.25,17113.0,United Kingdom
494028,72753D,S/3 FLWR FAIRY SUMMER CANDLES,8,2010-01-11 10:15:00,2.1,17113.0,United Kingdom
494029,72045D,ROSES ON BLUE TEACUP CANDLE ,17,2010-01-11 10:24:00,1.69,12913.0,United Kingdom
494042,M,Manual,1,2010-01-11 11:57:00,975.11,12510.0,Spain
494045,M,Manual,1,2010-01-11 12:01:00,435.88,12510.0,Spain
494108,84249D,FAIRY CAKE GREETINGS CARD,12,2010-01-11 12:29:00,0.42,17529.0,United Kingdom
494108,84520D,PACK OF 20 FAIRY CAKE PAPER NAPKINS,12,2010-01-11 12:29:00,0.85,17529.0,United Kingdom
494119,47591D,PINK FAIRY CAKE CHILD'S APRON,8,2010-01-11 12:46:00,1.95,17739.0,United Kingdom
494141,72753D,S/3 FLWR FAIRY SUMMER CANDLES,8,2010-01-11 13:24:00,2.1,18252.0,United Kingdom
494142,84625D,WHITE NEWBAROQUE CANDLESTICK CANDLE,1,2010-01-11 13:51:00,2.95,17978.0,United Kingdom
494146,POST,POSTAGE,2,2010-01-11 14:37:00,15.0,14646.0,Netherlands
494148,84997D,PINK 3 PIECE MINI DOTS CUTLERY SET,1,2010-01-11 14:45:00,3.75,15311.0,United Kingdom
494170,POST,POSTAGE,6,2010-01-12 10:36:00,18.0,12600.0,Germany
494207,84706D,CHERRY BLOSSOM TABLE CLOCK ,24,2010-01-12 11:32:00,1.95,16841.0,United Kingdom
494208,84520D,PACK OF 20 FAIRY CAKE PAPER NAPKINS,1,2010-01-12 11:33:00,0.85,17945.0,United Kingdom
494212,84997D,PINK 3 PIECE MINI DOTS CUTLERY SET,5,2010-01-12 11:40:00,3.75,15002.0,United Kingdom
494212,37492D,PURPLE GREEN FLOWER PIGGY BANK,1,2010-01-12 11:40:00,4.65,15002.0,United Kingdom
494213,M,Manual,1,2010-01-12 11:40:00,0.85,17945.0,United Kingdom
494213,84520D,PACK OF 20 FAIRY CAKE PAPER NAPKINS,4,2010-01-12 11:40:00,0.85,17945.0,United Kingdom
494214,POST,POSTAGE,10,2010-01-12 11:45:00,18.0,12623.0,Germany
494214,47591D,PINK FAIRY CAKE CHILD'S APRON,8,2010-01-12 11:45:00,1.95,12623.0,Germany
494230,47591D,PINK FAIRY CAKE CHILD'S APRON,1,2010-01-12 14:08:00,1.95,17961.0,United Kingdom
494233,85014D,PINK/BROWN DOTS RUFFLED UMBRELLA,6,2010-01-12 14:33:00,5.95,15093.0,United Kingdom
494234,POST,POSTAGE,1,2010-01-12 15:01:00,5.0,12549.0,USA
494237,90129D,AMBER GLASS TASSLE BAG CHARM,3,2010-01-12 15:27:00,2.95,15550.0,United Kingdom
494239,85049D,BRIGHT BLUES RIBBONS ,1,2010-01-12 15:48:00,1.25,14081.0,United Kingdom
494243,84925D,LA PALMIERA WALL THERMOMETER,271,2010-01-12 15:57:00,1.7,18102.0,United Kingdom
494267,90214D,"LETTER ""D"" BLING KEY RING",1,2010-01-12 17:15:00,1.25,14606.0,United Kingdom
494267,47310M,"SMALL POP BOX,FUNKY MONKEY",2,2010-01-12 17:15:00,1.25,14606.0,United Kingdom
494268,POST,POSTAGE,2,2010-01-12 17:24:00,18.0,12649.0,Germany
494269,85169D,PINK LOVE BIRD CANDLE,12,2010-01-13 08:58:00,1.25,12820.0,United Kingdom
494278,47310M,"SMALL POP BOX,FUNKY MONKEY",48,2010-01-13 10:40:00,1.05,13162.0,United Kingdom
494280,POST,POSTAGE,4,2010-01-13 10:43:00,18.0,12682.0,France
494343,17165D,ASS COL LARGE SAND FROG P'WEIGHT,9,2010-01-13 13:22:00,1.05,15456.0,United Kingdom
494345,90013D,PURPLE VINTAGE EARRINGS,4,2010-01-13 13:55:00,3.75,15755.0,United Kingdom
494348,M,Manual,1,2010-01-13 14:25:00,546.95,14156.0,EIRE
494351,M,Manual,1,2010-01-13 14:48:00,354.45,14277.0,France
494357,POST,POSTAGE,13,2010-01-13 15:06:00,18.0,12647.0,Germany
494359,17164D,ASS COL SMALL SAND FROG P'WEIGHT,2,2010-01-13 15:24:00,0.42,17962.0,United Kingdom
494359,17164D,ASS COL SMALL SAND FROG P'WEIGHT,1,2010-01-13 15:24:00,0.42,17962.0,United Kingdom
494359,17165D,ASS COL LARGE SAND FROG P'WEIGHT,1,2010-01-13 15:24:00,1.05,17962.0,United Kingdom
494359,17129D,CLEAR COLOUR GLASS GEMS IN BAG,1,2010-01-13 15:24:00,0.85,17962.0,United Kingdom
494359,17165D,ASS COL LARGE SAND FROG P'WEIGHT,3,2010-01-13 15:24:00,1.05,17962.0,United Kingdom
494390,84997D,PINK 3 PIECE MINI DOTS CUTLERY SET,4,2010-01-14 10:04:00,3.75,18041.0,United Kingdom
494416,46775D,SUNSET COLOUR CHUNKY KNITTED THROW,1,2010-01-14 10:56:00,16.95,17469.0,United Kingdom
494437,47591D,PINK FAIRY CAKE CHILD'S APRON,10,2010-01-14 12:11:00,1.95,14466.0,United Kingdom
494443,37489D,PINK/GREEN FLOWER DESIGN BIG MUG,1,2010-01-14 13:03:00,1.95,15898.0,United Kingdom
494451,84997D,PINK 3 PIECE MINI DOTS CUTLERY SET,2,2010-01-14 13:50:00,3.75,14527.0,United Kingdom
494456,72750D,F.FAIRY S/3 CANDLE/GLASS,8,2010-01-14 14:10:00,1.95,13233.0,United Kingdom
494459,84997D,PINK 3 PIECE MINI DOTS CUTLERY SET,2,2010-01-14 14:18:00,3.75,14667.0,United Kingdom
494459,90036D,"FLOWER GLASS GARLAND NECKL.36""BLACK",6,2010-01-14 14:18:00,7.95,14667.0,United Kingdom
494459,90200D,PINK SWEETHEART BRACELET,12,2010-01-14 14:18:00,4.25,14667.0,United Kingdom
494471,85014D,PINK/BROWN DOTS RUFFLED UMBRELLA,1,2010-01-14 14:48:00,5.95,13680.0,United Kingdom
494471,47591D,PINK FAIRY CAKE CHILD'S APRON,50,2010-01-14 14:48:00,1.65,13680.0,United Kingdom
494471,84520D,PACK OF 20 FAIRY CAKE PAPER NAPKINS,2,2010-01-14 14:48:00,0.85,13680.0,United Kingdom
494471,84997D,PINK 3 PIECE MINI DOTS CUTLERY SET,72,2010-01-14 14:48:00,3.39,13680.0,United Kingdom
494475,17108D,FLOWER FAIRY SUMMER BOUQUET SACHET,6,2010-01-14 15:10:00,0.42,17377.0,United Kingdom
494479,46000M,POLYESTER FILLER PAD 45x45cm,2,2010-01-14 15:47:00,1.55,17032.0,United Kingdom
494480,84849D,HOT BATHS SOAP HOLDER,1,2010-01-14 16:16:00,1.69,15768.0,United Kingdom
494483,85014D,PINK/BROWN DOTS RUFFLED UMBRELLA,4,2010-01-14 16:33:00,5.95,13562.0,United Kingdom
494511,85184D,S/4 BLUE ROUND DECOUPAGE BOXES,6,2010-01-15 09:04:00,2.95,12431.0,Belgium
494511,85014D,PINK/BROWN DOTS RUFFLED UMBRELLA,6,2010-01-15 09:04:00,5.95,12431.0,Belgium
494511,POST,POSTAGE,6,2010-01-15 09:04:00,15.0,12431.0,Belgium
494511,17108D,FLOWER FAIRY SUMMER BOUQUET SACHET,24,2010-01-15 09:04:00,0.42,12431.0,Belgium
494513,POST,POSTAGE,3,2010-01-15 09:37:00,15.0,12431.0,Belgium
494515,17164D,ASS COL SMALL SAND FROG P'WEIGHT,288,2010-01-15 10:24:00,0.37,13694.0,United Kingdom
494591,POST,POSTAGE,1,2010-01-15 12:06:00,15.0,12789.0,Netherlands
494606,84249D,FAIRY CAKE GREETINGS CARD,12,2010-01-15 12:38:00,0.42,15607.0,United Kingdom
494619,85014D,PINK/BROWN DOTS RUFFLED UMBRELLA,6,2010-01-15 14:50:00,5.95,12631.0,Finland
494619,84997D,PINK 3 PIECE MINI DOTS CUTLERY SET,6,2010-01-15 14:50:00,3.75,12631.0,Finland
494621,90161D,ANT COPPER PINK BOUDICCA BRACELET,3,2010-01-15 15:13:00,4.95,15059.0,United Kingdom
494623,85129D,BEADED CRYSTAL HEART PINK SMALL,12,2010-01-15 15:27:00,1.25,15393.0,United Kingdom
494627,84520D,PACK OF 20 FAIRY CAKE PAPER NAPKINS,12,2010-01-15 16:14:00,0.85,15224.0,United Kingdom
494630,POST,POSTAGE,1,2010-01-15 16:52:00,18.0,12813.0,Netherlands
494634,16168M,FUNKY MONKEY GIFT BAG MEDIUM,24,2010-01-15 16:58:00,0.42,15489.0,United Kingdom
494635,72750D,F.FAIRY S/3 CANDLE/GLASS,8,2010-01-15 17:36:00,1.95,15945.0,United Kingdom
494635,72225D,VANILLA SCENT CAKE CANDLE ,24,2010-01-15 17:36:00,0.29,15945.0,United Kingdom
494636,84520D,PACK OF 20 FAIRY CAKE PAPER NAPKINS,6,2010-01-17 10:27:00,0.85,16335.0,United Kingdom
494636,84997D,PINK 3 PIECE MINI DOTS CUTLERY SET,3,2010-01-17 10:27:00,3.75,16335.0,United Kingdom
494638,79302M,"ART LIGHTS,FUNK MONKEY",1,2010-01-17 11:03:00,2.95,16782.0,United Kingdom
494639,84520D,PACK OF 20 FAIRY CAKE PAPER NAPKINS,12,2010-01-17 11:30:00,0.85,14421.0,United Kingdom
494640,17129D,CLEAR COLOUR GLASS GEMS IN BAG,1,2010-01-17 11:31:00,0.85,17801.0,United Kingdom
494640,84029D,LEOPARD PRINT HOT WATER BOTTLE,3,2010-01-17 11:31:00,3.75,17801.0,United Kingdom
494643,17109D,FLOWER FAIRY INCENSE BOUQUET,144,2010-01-17 11:55:00,0.38,13694.0,United Kingdom
494643,17014D,ORIGAMI ROSE INCENSE CONES,192,2010-01-17 11:55:00,0.42,13694.0,United Kingdom
494643,72753D,S/3 FLWR FAIRY SUMMER CANDLES,72,2010-01-17 11:55:00,2.1,13694.0,United Kingdom
494644,84249D,FAIRY CAKE GREETINGS CARD,12,2010-01-17 12:12:00,0.42,16595.0,United Kingdom
494647,84997D,PINK 3 PIECE MINI DOTS CUTLERY SET,72,2010-01-17 12:25:00,3.39,17920.0,United Kingdom
494652,47591D,PINK FAIRY CAKE CHILD'S APRON,3,2010-01-17 12:40:00,1.95,14527.0,United Kingdom
494652,84029D,LEOPARD PRINT HOT WATER BOTTLE,24,2010-01-17 12:40:00,2.95,14527.0,United Kingdom
494660,72225D,VANILLA SCENT CAKE CANDLE ,24,2010-01-17 13:55:00,0.29,13831.0,United Kingdom
494662,84249D,FAIRY CAKE GREETINGS CARD,12,2010-01-17 14:10:00,0.42,13004.0,United Kingdom
494662,84520D,PACK OF 20 FAIRY CAKE PAPER NAPKINS,12,2010-01-17 14:10:00,0.85,13004.0,United Kingdom
494662,82613D,METAL SIGN CUPCAKE SINGLE HOOK,8,2010-01-17 14:10:00,1.25,13004.0,United Kingdom
494662,47591D,PINK FAIRY CAKE CHILD'S APRON,8,2010-01-17 14:10:00,1.95,13004.0,United Kingdom
494664,85129D,BEADED CRYSTAL HEART PINK SMALL,12,2010-01-17 14:50:00,1.25,17213.0,United Kingdom
494666,85130D,BEADED CRYSTAL HEART PINK LARGE,3,2010-01-17 14:53:00,1.65,13869.0,United Kingdom
494668,47591D,PINK FAIRY CAKE CHILD'S APRON,6,2010-01-17 14:56:00,1.95,13616.0,United Kingdom
494669,84029D,LEOPARD PRINT HOT WATER BOTTLE,1,2010-01-17 15:02:00,3.75,15916.0,United Kingdom
494670,47591D,PINK FAIRY CAKE CHILD'S APRON,8,2010-01-17 15:22:00,1.95,13178.0,United Kingdom
494674,85014D,PINK/BROWN DOTS RUFFLED UMBRELLA,1,2010-01-17 16:01:00,5.95,14606.0,United Kingdom
494679,15044D,RED PAPER PARASOL,6,2010-01-18 10:23:00,2.95,12877.0,United Kingdom
494680,46000M,POLYESTER FILLER PAD 45x45cm,2,2010-01-18 10:29:00,1.55,17343.0,United Kingdom
494683,84029D,LEOPARD PRINT HOT WATER BOTTLE,2,2010-01-18 11:21:00,3.75,15747.0,United Kingdom
494762,47591D,PINK FAIRY CAKE CHILD'S APRON,1,2010-01-18 12:36:00,1.95,17841.0,United Kingdom
494778,85232D,SET/3 DECOUPAGE STACKING TINS,2,2010-01-18 12:48:00,4.95,14461.0,United Kingdom
494779,47591D,PINK FAIRY CAKE CHILD'S APRON,10,2010-01-18 12:55:00,1.95,18041.0,United Kingdom
494792,85232D,SET/3 DECOUPAGE STACKING TINS,2,2010-01-18 14:04:00,4.95,13173.0,United Kingdom
494797,84029D,LEOPARD PRINT HOT WATER BOTTLE,1,2010-01-18 14:23:00,3.75,18036.0,United Kingdom
494799,47591D,PINK FAIRY CAKE CHILD'S APRON,8,2010-01-18 14:49:00,1.95,16954.0,United Kingdom
494808,85049D,BRIGHT BLUES RIBBONS ,2,2010-01-18 16:09:00,1.25,17231.0,United Kingdom
494811,90200D,PINK SWEETHEART BRACELET,1,2010-01-18 16:47:00,4.25,14343.0,United Kingdom
494811,85232D,SET/3 DECOUPAGE STACKING TINS,1,2010-01-18 16:47:00,4.95,14343.0,United Kingdom
494816,47591D,PINK FAIRY CAKE CHILD'S APRON,8,2010-01-19 09:11:00,1.95,16867.0,United Kingdom
494816,84249D,FAIRY CAKE GREETINGS CARD,12,2010-01-19 09:11:00,0.42,16867.0,United Kingdom
494860,85014D,PINK/BROWN DOTS RUFFLED UMBRELLA,1,2010-01-19 11:01:00,5.95,12470.0,Unspecified
494866,85049D,BRIGHT BLUES RIBBONS ,6,2010-01-19 11:20:00,1.25,16253.0,United Kingdom
494870,85049D,BRIGHT BLUES RIBBONS ,1,2010-01-19 12:15:00,1.25,15998.0,United Kingdom
494870,84559D,3D SHEET OF SEA WORLD STICKERS,2,2010-01-19 12:15:00,0.85,15998.0,United Kingdom
494870,84997D,PINK 3 PIECE MINI DOTS CUTLERY SET,2,2010-01-19 12:15:00,3.75,15998.0,United Kingdom
494870,84029D,LEOPARD PRINT HOT WATER BOTTLE,1,2010-01-19 12:15:00,3.75,15998.0,United Kingdom
494873,POST,POSTAGE,3,2010-01-19 12:26:00,18.0,12589.0,France
494875,84249D,FAIRY CAKE GREETINGS CARD,72,2010-01-19 12:31:00,0.36,17511.0,United Kingdom
494875,84997D,PINK 3 PIECE MINI DOTS CUTLERY SET,72,2010-01-19 12:31:00,3.39,17511.0,United Kingdom
494876,85232D,SET/3 DECOUPAGE STACKING TINS,3,2010-01-19 12:34:00,4.95,15465.0,United Kingdom
494889,85130D,BEADED CRYSTAL HEART PINK LARGE,5,2010-01-19 13:09:00,1.65,14472.0,United Kingdom
494889,35471D,SET OF 3 BIRD LIGHT PINK FEATHER ,2,2010-01-19 13:09:00,1.25,14472.0,United Kingdom
494890,85049D,BRIGHT BLUES RIBBONS ,2,2010-01-19 13:20:00,1.25,13555.0,United Kingdom
494891,84520D,PACK OF 20 FAIRY CAKE PAPER NAPKINS,6,2010-01-19 13:23:00,0.85,12733.0,USA
494891,84997D,PINK 3 PIECE MINI DOTS CUTLERY SET,24,2010-01-19 13:23:00,3.75,12733.0,USA
494891,47591D,PINK FAIRY CAKE CHILD'S APRON,8,2010-01-19 13:23:00,1.95,12733.0,USA
494893,47591D,PINK FAIRY CAKE CHILD'S APRON,8,2010-01-19 13:31:00,1.95,14156.0,EIRE
494893,84520D,PACK OF 20 FAIRY CAKE PAPER NAPKINS,12,2010-01-19 13:31:00,0.85,14156.0,EIRE
494893,17108D,FLOWER FAIRY SUMMER BOUQUET SACHET,12,2010-01-19 13:31:00,0.42,14156.0,EIRE
494895,85170D,SET/6 PINK BIRD T-LIGHT CANDLES,12,2010-01-19 13:33:00,2.1,13555.0,United Kingdom
494897,84932D,SMALL ORIENTAL RED FOLDING STOOL,8,2010-01-19 14:16:00,1.95,12437.0,France
494899,POST,POSTAGE,4,2010-01-19 14:37:00,18.0,12437.0,France
494900,17129D,CLEAR COLOUR GLASS GEMS IN BAG,24,2010-01-19 14:41:00,0.64,15311.0,United Kingdom
494912,16161M,WRAP  PINK FLOCK,25,2010-01-19 17:03:00,0.42,16705.0,United Kingdom
494914,PADS,PADS TO MATCH ALL CUSHIONS,1,2010-01-19 17:04:00,0.001,16705.0,United Kingdom
494915,85049D,BRIGHT BLUES RIBBONS ,4,2010-01-19 17:12:00,1.25,13564.0,United Kingdom
494916,47591D,PINK FAIRY CAKE CHILD'S APRON,2,2010-01-19 17:25:00,1.95,17963.0,United Kingdom
494921,84997D,PINK 3 PIECE MINI DOTS CUTLERY SET,12,2010-01-20 09:50:00,3.75,13397.0,United Kingdom
494921,84968D,S/16 VINTAGE RED CUTLERY,4,2010-01-20 09:50:00,12.75,13397.0,United Kingdom
494922,84520D,PACK OF 20 FAIRY CAKE PAPER NAPKINS,12,2010-01-20 09:57:00,0.85,12987.0,United Kingdom
494931,15044D,RED PAPER PARASOL,1,2010-01-20 10:42:00,2.95,17920.0,United Kingdom
494987,84249D,FAIRY CAKE GREETINGS CARD,12,2010-01-20 11:31:00,0.42,18223.0,United Kingdom
494989,84520D,PACK OF 20 FAIRY CAKE PAPER NAPKINS,1,2010-01-20 11:49:00,0.85,14556.0,United Kingdom
494990,84520D,PACK OF 20 FAIRY CAKE PAPER NAPKINS,12,2010-01-20 11:54:00,0.85,14388.0,United Kingdom
494991,84997D,PINK 3 PIECE MINI DOTS CUTLERY SET,3,2010-01-20 11:57:00,3.75,17220.0,United Kingdom
495010,72750D,F.FAIRY S/3 CANDLE/GLASS,2,2010-01-20 12:35:00,5.95,15191.0,United Kingdom
495010,84402D,PINK DRESS JEWELLERY STAND ,6,2010-01-20 12:35:00,2.95,15191.0,United Kingdom
495011,84520D,PACK OF 20 FAIRY CAKE PAPER NAPKINS,12,2010-01-20 12:35:00,0.85,15191.0,United Kingdom
495011,85129D,BEADED CRYSTAL HEART PINK SMALL,12,2010-01-20 12:35:00,1.25,15191.0,United Kingdom
495030,84520D,PACK OF 20 FAIRY CAKE PAPER NAPKINS,6,2010-01-20 14:04:00,0.85,13982.0,United Kingdom
495031,84997D,PINK 3 PIECE MINI DOTS CUTLERY SET,4,2010-01-20 14:05:00,3.75,16933.0,United Kingdom
495055,M,Manual,1,2010-01-20 14:46:00,756.85,14911.0,EIRE
495056,M,Manual,1,2010-01-20 14:50:00,756.85,14911.0,EIRE
495102,85014D,PINK/BROWN DOTS RUFFLED UMBRELLA,1,2010-01-21 11:11:00,5.95,15547.0,United Kingdom
495110,72225D,VANILLA SCENT CAKE CANDLE ,24,2010-01-21 11:25:00,0.29,14530.0,United Kingdom
495149,85014D,PINK/BROWN DOTS RUFFLED UMBRELLA,3,2010-01-21 11:44:00,5.95,14320.0,United Kingdom
495150,84520D,PACK OF 20 FAIRY CAKE PAPER NAPKINS,4,2010-01-21 11:51:00,0.85,14714.0,United Kingdom
495151,79190D,RETRO PLASTIC DAISY TRAY,1,2010-01-21 11:51:00,0.42,15910.0,United Kingdom
495153,84997D,PINK 3 PIECE MINI DOTS CUTLERY SET,10,2010-01-21 12:10:00,3.75,14527.0,United Kingdom
495182,72799D,BLUE PILLAR CANDLE SILVER FLOCK,24,2010-01-21 13:46:00,2.55,15311.0,United Kingdom
495184,84520D,PACK OF 20 FAIRY CAKE PAPER NAPKINS,1,2010-01-21 13:58:00,0.85,17841.0,United Kingdom
495187,90200D,PINK SWEETHEART BRACELET,3,2010-01-21 14:30:00,4.25,13148.0,United Kingdom
495235,M,Manual,1,2010-01-22 09:40:00,1193.89,14156.0,EIRE
495236,85014D,PINK/BROWN DOTS RUFFLED UMBRELLA,3,2010-01-22 09:43:00,5.95,17409.0,United Kingdom
495237,47591D,PINK FAIRY CAKE CHILD'S APRON,8,2010-01-22 09:44:00,1.95,17160.0,United Kingdom
495241,46000M,POLYESTER FILLER PAD 45x45cm,8,2010-01-22 10:11:00,1.55,13078.0,United Kingdom
495244,85014D,PINK/BROWN DOTS RUFFLED UMBRELLA,6,2010-01-22 10:51:00,5.95,15179.0,United Kingdom
495277,85014D,PINK/BROWN DOTS RUFFLED UMBRELLA,3,2010-01-22 11:41:00,5.95,14911.0,EIRE
495280,84968D,S/16 VINTAGE RED CUTLERY,1,2010-01-22 12:24:00,12.75,12708.0,Germany
495280,POST,POSTAGE,2,2010-01-22 12:24:00,18.0,12708.0,Germany
495300,84932D,SMALL ORIENTAL RED FOLDING STOOL,8,2010-01-22 13:39:00,1.95,12510.0,Spain
495300,POST,POSTAGE,8,2010-01-22 13:39:00,28.0,12510.0,Spain
495304,84520D,PACK OF 20 FAIRY CAKE PAPER NAPKINS,12,2010-01-22 13:52:00,0.85,14156.0,EIRE
495310,84997D,PINK 3 PIECE MINI DOTS CUTLERY SET,6,2010-01-22 14:17:00,3.75,12531.0,Germany
495310,POST,POSTAGE,9,2010-01-22 14:17:00,18.0,12531.0,Germany
495311,84029D,LEOPARD PRINT HOT WATER BOTTLE,1,2010-01-22 14:19:00,3.75,17243.0,United Kingdom
495312,84625D,WHITE NEWBAROQUE CANDLESTICK CANDLE,24,2010-01-22 14:22:00,0.85,16822.0,United Kingdom
495313,85129D,BEADED CRYSTAL HEART PINK SMALL,12,2010-01-22 14:32:00,1.25,13889.0,United Kingdom
495317,47591D,PINK FAIRY CAKE CHILD'S APRON,8,2010-01-22 15:04:00,1.95,16327.0,United Kingdom
495317,84997D,PINK 3 PIECE MINI DOTS CUTLERY SET,6,2010-01-22 15:04:00,3.75,16327.0,United Kingdom
495331,16161M,WRAP  PINK FLOCK,25,2010-01-22 16:28:00,0.42,17799.0,United Kingdom
495331,72801D,S/4 SKY BLUE DINNER CANDLES,2,2010-01-22 16:28:00,1.25,17799.0,United Kingdom
495331,17164D,ASS COL SMALL SAND FROG P'WEIGHT,5,2010-01-22 16:28:00,0.42,17799.0,United Kingdom
495331,17164D,ASS COL SMALL SAND FROG P'WEIGHT,3,2010-01-22 16:28:00,0.42,17799.0,United Kingdom
495340,46000M,POLYESTER FILLER PAD 45x45cm,20,2010-01-22 17:31:00,1.55,14031.0,United Kingdom
495340,85014D,PINK/BROWN DOTS RUFFLED UMBRELLA,2,2010-01-22 17:31:00,5.95,14031.0,United Kingdom
495344,84520D,PACK OF 20 FAIRY CAKE PAPER NAPKINS,12,2010-01-24 10:20:00,0.85,14837.0,United Kingdom
495344,17164D,ASS COL SMALL SAND FROG P'WEIGHT,36,2010-01-24 10:20:00,0.42,14837.0,United Kingdom
495345,84997D,PINK 3 PIECE MINI DOTS CUTLERY SET,6,2010-01-24 10:27:00,3.75,17242.0,United Kingdom
495360,POST,POSTAGE,3,2010-01-24 12:05:00,18.0,12703.0,Germany
495362,85049D,BRIGHT BLUES RIBBONS ,7,2010-01-24 12:12:00,1.25,15727.0,United Kingdom
495365,90210D,PURPLE ACRYLIC FACETED BANGLE,1,2010-01-24 12:15:00,2.95,14701.0,United Kingdom
495365,90036D,"FLOWER GLASS GARLAND NECKL.36""BLACK",3,2010-01-24 12:15:00,7.95,14701.0,United Kingdom
495365,90162D,ANT SILVER PURPLE BOUDICCA RING,2,2010-01-24 12:15:00,2.95,14701.0,United Kingdom
495366,84520D,PACK OF 20 FAIRY CAKE PAPER NAPKINS,5,2010-01-24 12:21:00,0.85,16255.0,United Kingdom
495367,46000M,POLYESTER FILLER PAD 45x45cm,1,2010-01-24 12:27:00,1.55,14070.0,United Kingdom
495372,84569D,PACK 6 HEART/ICE-CREAM PATCHES,12,2010-01-24 12:58:00,1.25,14396.0,United Kingdom
495374,46000M,POLYESTER FILLER PAD 45x45cm,8,2010-01-24 13:05:00,1.55,17071.0,United Kingdom
495379,84997D,PINK 3 PIECE MINI DOTS CUTLERY SET,2,2010-01-24 13:46:00,3.75,17611.0,United Kingdom
495379,85232D,SET/3 DECOUPAGE STACKING TINS,2,2010-01-24 13:46:00,4.95,17611.0,United Kingdom
495383,35471D,SET OF 3 BIRD LIGHT PINK FEATHER ,1,2010-01-24 14:19:00,1.25,17141.0,United Kingdom
495384,17108D,FLOWER FAIRY SUMMER BOUQUET SACHET,12,2010-01-24 14:24:00,0.42,17141.0,United Kingdom
495386,46000M,POLYESTER FILLER PAD 45x45cm,4,2010-01-24 14:36:00,1.55,15696.0,United Kingdom
495388,85129D,BEADED CRYSTAL HEART PINK SMALL,12,2010-01-24 15:14:00,1.25,15680.0,United Kingdom
495391,85129D,BEADED CRYSTAL HEART PINK SMALL,12,2010-01-24 15:25:00,1.25,16206.0,United Kingdom
495399,84520D,PACK OF 20 FAIRY CAKE PAPER NAPKINS,12,2010-01-25 09:12:00,0.85,12949.0,United Kingdom
495401,47591D,PINK FAIRY CAKE CHILD'S APRON,8,2010-01-25 09:38:00,1.95,14329.0,United Kingdom
495401,84520D,PACK OF 20 FAIRY CAKE PAPER NAPKINS,12,2010-01-25 09:38:00,0.85,14329.0,United Kingdom
495405,82613D,METAL SIGN CUPCAKE SINGLE HOOK,2,2010-01-25 09:53:00,1.25,16125.0,United Kingdom
495409,M,Manual,1,2010-01-25 10:26:00,29.95,17810.0,United Kingdom
495439,85014D,PINK/BROWN DOTS RUFFLED UMBRELLA,3,2010-01-25 11:52:00,5.95,13477.0,United Kingdom
495456,84997D,PINK 3 PIECE MINI DOTS CUTLERY SET,6,2010-01-25 12:02:00,3.75,13313.0,United Kingdom
495467,47591D,PINK FAIRY CAKE CHILD'S APRON,8,2010-01-25 12:08:00,1.95,13001.0,United Kingdom
495501,84997D,PINK 3 PIECE MINI DOTS CUTLERY SET,4,2010-01-25 12:33:00,3.75,15719.0,United Kingdom
495509,84997D,PINK 3 PIECE MINI DOTS CUTLERY SET,6,2010-01-25 13:56:00,3.75,16004.0,United Kingdom
495510,72801D,S/4 SKY BLUE DINNER CANDLES,1,2010-01-25 14:01:00,1.25,17841.0,United Kingdom
495514,85049D,BRIGHT BLUES RIBBONS ,1,2010-01-25 14:26:00,1.25,13564.0,United Kingdom
495529,47591D,PINK FAIRY CAKE CHILD'S APRON,4,2010-01-25 15:07:00,1.95,17610.0,United Kingdom
495530,84849D,HOT BATHS SOAP HOLDER,1,2010-01-25 15:22:00,1.69,15768.0,United Kingdom
495544,84795D,SEASIDE STRIPE HAMMOCK,2,2010-01-25 15:42:00,7.95,14538.0,United Kingdom
495546,85049D,BRIGHT BLUES RIBBONS ,7,2010-01-25 15:54:00,1.25,13206.0,United Kingdom
495546,84559D,3D SHEET OF SEA WORLD STICKERS,9,2010-01-25 15:54:00,0.85,13206.0,United Kingdom
495549,16161M,WRAP  PINK FLOCK,25,2010-01-25 16:12:00,0.42,17218.0,United Kingdom
495576,47591D,PINK FAIRY CAKE CHILD'S APRON,8,2010-01-26 09:41:00,1.95,15259.0,United Kingdom
495581,POST,POSTAGE,2,2010-01-26 10:09:00,18.0,12468.0,Germany
495591,84997D,PINK 3 PIECE MINI DOTS CUTLERY SET,144,2010-01-26 10:25:00,3.75,14646.0,Netherlands
495591,85232D,SET/3 DECOUPAGE STACKING TINS,72,2010-01-26 10:25:00,4.25,14646.0,Netherlands
495609,POST,POSTAGE,3,2010-01-26 10:36:00,18.0,12471.0,Germany
495677,16169M,WRAP DAISY CARPET ,25,2010-01-26 11:32:00,0.42,14211.0,United Kingdom
495686,84029D,LEOPARD PRINT HOT WATER BOTTLE,8,2010-01-26 12:10:00,3.75,15044.0,United Kingdom
495688,84997D,PINK 3 PIECE MINI DOTS CUTLERY SET,3,2010-01-26 12:22:00,3.75,14527.0,United Kingdom
495689,47591D,PINK FAIRY CAKE CHILD'S APRON,3,2010-01-26 12:23:00,1.95,14680.0,United Kingdom
495689,84997D,PINK 3 PIECE MINI DOTS CUTLERY SET,5,2010-01-26 12:23:00,3.75,14680.0,United Kingdom
495699,84997D,PINK 3 PIECE MINI DOTS CUTLERY SET,24,2010-01-26 12:38:00,3.75,12709.0,Germany
495706,47310M,"SMALL POP BOX,FUNKY MONKEY",1,2010-01-26 13:04:00,1.25,15003.0,United Kingdom
495706,84997D,PINK 3 PIECE MINI DOTS CUTLERY SET,1,2010-01-26 13:04:00,3.75,15003.0,United Kingdom
495711,85014D,PINK/BROWN DOTS RUFFLED UMBRELLA,3,2010-01-26 13:40:00,5.95,13097.0,United Kingdom
495711,72750D,F.FAIRY S/3 CANDLE/GLASS,1,2010-01-26 13:40:00,5.95,13097.0,United Kingdom
495718,85049D,BRIGHT BLUES RIBBONS ,2,2010-01-26 14:25:00,1.25,16791.0,United Kingdom
495719,POST,POSTAGE,1,2010-01-26 14:37:00,15.0,12361.0,Belgium
495720,47591D,PINK FAIRY CAKE CHILD'S APRON,4,2010-01-26 14:43:00,1.95,17059.0,United Kingdom
495721,90120D,WHITE MURANO TWIST BRACELET,4,2010-01-26 14:44:00,4.25,15845.0,United Kingdom
495724,85129D,BEADED CRYSTAL HEART PINK SMALL,12,2010-01-26 14:58:00,1.25,17726.0,United Kingdom
495725,POST,POSTAGE,4,2010-01-26 15:03:00,18.0,12681.0,France
495731,85049D,BRIGHT BLUES RIBBONS ,2,2010-01-26 16:19:00,1.25,15959.0,United Kingdom
495733,ADJUST,Adjustment by john on 26/01/2010 16,1,2010-01-26 16:21:00,68.34,14911.0,EIRE
495735,ADJUST,Adjustment by john on 26/01/2010 16,1,2010-01-26 16:22:00,201.56,12745.0,EIRE
495734,ADJUST,Adjustment by john on 26/01/2010 16,1,2010-01-26 16:22:00,205.82,14911.0,EIRE
495736,ADJUST,Adjustment by john on 26/01/2010 16,1,2010-01-26 16:23:00,21.0,12606.0,Spain
495742,ADJUST,Adjustment by john on 26/01/2010 16,1,2010-01-26 16:25:00,63.24,12404.0,Finland
495745,ADJUST,Adjustment by john on 26/01/2010 16,1,2010-01-26 16:26:00,56.73,12466.0,France
495748,ADJUST,Adjustment by john on 26/01/2010 16,1,2010-01-26 16:26:00,117.72,16291.0,Portugal
495747,ADJUST,Adjustment by john on 26/01/2010 16,1,2010-01-26 16:26:00,129.23,12555.0,Spain
495750,ADJUST,Adjustment by john on 26/01/2010 16,1,2010-01-26 16:27:00,132.79,14156.0,EIRE
495756,ADJUST,Adjustment by john on 26/01/2010 16,1,2010-01-26 16:29:00,39.67,14912.0,Italy
495755,ADJUST,Adjustment by john on 26/01/2010 16,1,2010-01-26 16:29:00,342.8,14413.0,United Kingdom
495753,ADJUST,Adjustment by john on 26/01/2010 16,1,2010-01-26 16:29:00,178.31,14653.0,United Kingdom
495754,ADJUST,Adjustment by john on 26/01/2010 16,1,2010-01-26 16:29:00,15.58,12846.0,United Kingdom
495758,ADJUST,Adjustment by john on 26/01/2010 16,1,2010-01-26 16:30:00,274.2,14911.0,EIRE
495760,ADJUST,Adjustment by john on 26/01/2010 16,1,2010-01-26 16:31:00,64.13,14156.0,EIRE
495763,ADJUST,Adjustment by john on 26/01/2010 16,1,2010-01-26 16:34:00,107.14,16047.0,EIRE
495766,ADJUST,Adjustment by john on 26/01/2010 16,1,2010-01-26 16:38:00,84.58,12709.0,Germany
495773,ADJUST,Adjustment by john on 26/01/2010 16,1,2010-01-26 16:57:00,4.57,12600.0,Germany
495776,ADJUST,Adjustment by john on 26/01/2010 17,1,2010-01-26 17:03:00,49.35,17940.0,United Kingdom
495777,ADJUST,Adjustment by john on 26/01/2010 17,1,2010-01-26 17:05:00,179.45,14156.0,EIRE
495780,ADJUST,Adjustment by john on 26/01/2010 17,1,2010-01-26 17:08:00,16.33,17867.0,United Kingdom
495782,ADJUST,Adjustment by john on 26/01/2010 17,1,2010-01-26 17:10:00,139.71,14156.0,EIRE
495783,ADJUST,Adjustment by john on 26/01/2010 17,1,2010-01-26 17:11:00,48.96,14380.0,United Kingdom
495784,ADJUST,Adjustment by john on 26/01/2010 17,1,2010-01-26 17:11:00,11.31,14156.0,EIRE
495788,ADJUST,Adjustment by john on 26/01/2010 17,1,2010-01-26 17:16:00,11.9,14156.0,EIRE
495791,ADJUST,Adjustment by john on 26/01/2010 17,1,2010-01-26 17:19:00,243.63,14079.0,United Kingdom
495792,ADJUST,Adjustment by john on 26/01/2010 17,1,2010-01-26 17:20:00,114.89,17672.0,United Kingdom
495794,ADJUST,Adjustment by john on 26/01/2010 17,1,2010-01-26 17:22:00,41.09,12471.0,Germany
495795,ADJUST,Adjustment by john on 26/01/2010 17,1,2010-01-26 17:23:00,27.82,15702.0,Nigeria
495799,ADJUST,Adjustment by john on 26/01/2010 17,1,2010-01-26 17:26:00,81.61,13327.0,United Kingdom
495801,ADJUST,Adjustment by john on 26/01/2010 17,1,2010-01-26 17:28:00,77.52,12570.0,Spain
495802,ADJUST,Adjustment by john on 26/01/2010 17,1,2010-01-26 17:28:00,387.54,12748.0,United Kingdom
495806,84520D,PACK OF 20 FAIRY CAKE PAPER NAPKINS,12,2010-01-27 08:48:00,0.85,15073.0,United Kingdom
495808,72750D,F.FAIRY S/3 CANDLE/GLASS,8,2010-01-27 09:38:00,1.95,16051.0,United Kingdom
495808,72755D,FLOWER FAIRY OIL BURNER SET SUMMER,4,2010-01-27 09:38:00,4.25,16051.0,United Kingdom
495808,17107D,"FLOWER FAIRY,5 SUMMER B'DRAW LINERS",6,2010-01-27 09:38:00,2.55,16051.0,United Kingdom
495809,84997D,PINK 3 PIECE MINI DOTS CUTLERY SET,6,2010-01-27 09:44:00,3.75,14365.0,United Kingdom
495889,85129D,BEADED CRYSTAL HEART PINK SMALL,2,2010-01-27 12:19:00,1.25,17604.0,United Kingdom
495889,85130D,BEADED CRYSTAL HEART PINK LARGE,1,2010-01-27 12:19:00,1.65,17604.0,United Kingdom
495906,85071D,CHARLIE+LOLA MY ROOM DOOR SIGN,288,2010-01-27 12:39:00,0.38,13694.0,United Kingdom
495906,72755D,FLOWER FAIRY OIL BURNER SET SUMMER,160,2010-01-27 12:39:00,1.25,13694.0,United Kingdom
495906,84402D,PINK DRESS JEWELLERY STAND ,36,2010-01-27 12:39:00,0.85,13694.0,United Kingdom
495906,84932D,SMALL ORIENTAL RED FOLDING STOOL,80,2010-01-27 12:39:00,1.95,13694.0,United Kingdom
495945,47591D,PINK FAIRY CAKE CHILD'S APRON,10,2010-01-27 16:23:00,1.95,13758.0,United Kingdom
495963,84249D,FAIRY CAKE GREETINGS CARD,12,2010-01-28 10:42:00,0.42,13448.0,United Kingdom
495995,72750D,F.FAIRY S/3 CANDLE/GLASS,19,2010-01-28 11:40:00,1.95,13694.0,United Kingdom
496010,16168M,FUNKY MONKEY GIFT BAG MEDIUM,1,2010-01-28 12:42:00,0.42,17841.0,United Kingdom
496011,17129D,CLEAR COLOUR GLASS GEMS IN BAG,72,2010-01-28 12:54:00,0.64,12989.0,United Kingdom
496012,84520D,PACK OF 20 FAIRY CAKE PAPER NAPKINS,20,2010-01-28 12:59:00,0.85,16779.0,United Kingdom
496017,90024D,NEW BAROQUE B'FLY NECKLACE PINK,1,2010-01-28 13:23:00,8.5,16326.0,United Kingdom
496047,84997D,PINK 3 PIECE MINI DOTS CUTLERY SET,6,2010-01-28 14:31:00,3.75,14831.0,United Kingdom
496054,47591D,PINK FAIRY CAKE CHILD'S APRON,8,2010-01-28 14:39:00,1.95,15544.0,United Kingdom
496057,84520D,PACK OF 20 FAIRY CAKE PAPER NAPKINS,12,2010-01-28 15:04:00,0.85,16137.0,United Kingdom
496058,85014D,PINK/BROWN DOTS RUFFLED UMBRELLA,8,2010-01-28 15:17:00,5.95,17115.0,United Kingdom
496058,90120D,WHITE MURANO TWIST BRACELET,1,2010-01-28 15:17:00,4.25,17115.0,United Kingdom
496059,M,Manual,1,2010-01-28 15:26:00,20.0,16535.0,United Kingdom
496072,17165D,ASS COL LARGE SAND FROG P'WEIGHT,9,2010-01-28 17:09:00,1.05,15615.0,United Kingdom
496073,84800M,MEDIUM WHITE/PINK ROSE ART FLOWER,6,2010-01-28 17:13:00,1.69,13174.0,United Kingdom
496073,85131D,BEADED CRYSTAL HEART PINK\ON STICK,3,2010-01-28 17:13:00,1.25,13174.0,United Kingdom
496075,90200D,PINK SWEETHEART BRACELET,4,2010-01-28 17:35:00,4.25,13174.0,United Kingdom
496086,47591D,PINK FAIRY CAKE CHILD'S APRON,4,2010-01-28 19:41:00,1.95,15861.0,United Kingdom
496088,46000M,POLYESTER FILLER PAD 45x45cm,4,2010-01-29 09:13:00,1.55,13557.0,United Kingdom
496093,85014D,PINK/BROWN DOTS RUFFLED UMBRELLA,3,2010-01-29 10:10:00,5.95,12949.0,United Kingdom
496093,84520D,PACK OF 20 FAIRY CAKE PAPER NAPKINS,12,2010-01-29 10:10:00,0.85,12949.0,United Kingdom
496094,46000M,POLYESTER FILLER PAD 45x45cm,1,2010-01-29 10:13:00,1.55,15192.0,United Kingdom
496095,POST,POSTAGE,3,2010-01-29 10:15:00,28.0,12484.0,Spain
496115,M,Manual,1,2010-01-29 11:04:00,8985.6,17949.0,United Kingdom
496167,47591D,PINK FAIRY CAKE CHILD'S APRON,8,2010-01-29 11:45:00,1.95,14560.0,United Kingdom
496172,17129D,CLEAR COLOUR GLASS GEMS IN BAG,144,2010-01-29 11:57:00,0.64,12989.0,United Kingdom
496173,85014D,PINK/BROWN DOTS RUFFLED UMBRELLA,1,2010-01-29 11:59:00,5.95,14796.0,United Kingdom
496201,79191D,RETRO PLASTIC DAISY TRAY,2,2010-01-29 12:35:00,0.85,15898.0,United Kingdom
496201,79190D,RETRO PLASTIC DAISY TRAY,2,2010-01-29 12:35:00,0.42,15898.0,United Kingdom
496201,17165D,ASS COL LARGE SAND FROG P'WEIGHT,1,2010-01-29 12:35:00,1.05,15898.0,United Kingdom
496201,90120D,WHITE MURANO TWIST BRACELET,1,2010-01-29 12:35:00,2.5,15898.0,United Kingdom
496201,90161D,ANT COPPER PINK BOUDICCA BRACELET,1,2010-01-29 12:35:00,2.5,15898.0,United Kingdom
496220,84997D,PINK 3 PIECE MINI DOTS CUTLERY SET,6,2010-01-29 13:52:00,3.75,15421.0,United Kingdom
496222,PADS,PADS TO MATCH ALL CUSHIONS,1,2010-01-29 13:53:00,0.001,13583.0,United Kingdom
496221,84849D,HOT BATHS SOAP HOLDER,3,2010-01-29 13:53:00,1.69,17191.0,United Kingdom
496235,16168M,FUNKY MONKEY GIFT BAG MEDIUM,12,2010-01-29 14:37:00,0.42,14099.0,United Kingdom
496292,84520D,PACK OF 20 FAIRY CAKE PAPER NAPKINS,2,2010-01-31 10:08:00,0.85,13259.0,United Kingdom
496293,47591D,PINK FAIRY CAKE CHILD'S APRON,8,2010-01-31 10:10:00,1.95,14068.0,United Kingdom
496294,16161M,WRAP  PINK FLOCK,25,2010-01-31 10:15:00,0.42,17243.0,United Kingdom
496294,17108D,FLOWER FAIRY SUMMER BOUQUET SACHET,24,2010-01-31 10:15:00,0.42,17243.0,United Kingdom
496297,84520D,PACK OF 20 FAIRY CAKE PAPER NAPKINS,2,2010-01-31 10:31:00,0.85,14896.0,United Kingdom
496300,79190D,RETRO PLASTIC DAISY TRAY,15,2010-01-31 10:50:00,0.42,17412.0,United Kingdom
496301,85049D,BRIGHT BLUES RIBBONS ,10,2010-01-31 11:01:00,1.25,16718.0,United Kingdom
496308,85130D,BEADED CRYSTAL HEART PINK LARGE,3,2010-01-31 11:54:00,1.65,17625.0,United Kingdom
496322,16168M,FUNKY MONKEY GIFT BAG MEDIUM,12,2010-01-31 12:43:00,0.42,14481.0,United Kingdom
496321,47591D,PINK FAIRY CAKE CHILD'S APRON,1,2010-01-31 12:43:00,1.95,16014.0,United Kingdom
496321,84402D,PINK DRESS JEWELLERY STAND ,2,2010-01-31 12:43:00,2.95,16014.0,United Kingdom
496322,47591D,PINK FAIRY CAKE CHILD'S APRON,4,2010-01-31 12:43:00,1.95,14481.0,United Kingdom
496325,POST,POSTAGE,2,2010-01-31 13:05:00,18.0,12490.0,France
496326,POST,POSTAGE,2,2010-01-31 13:28:00,40.0,12483.0,Sweden
496327,84520D,PACK OF 20 FAIRY CAKE PAPER NAPKINS,12,2010-01-31 13:30:00,0.85,13443.0,United Kingdom
496333,85184D,S/4 BLUE ROUND DECOUPAGE BOXES,1,2010-01-31 14:25:00,2.95,15338.0,United Kingdom
496337,17129D,CLEAR COLOUR GLASS GEMS IN BAG,1,2010-01-31 15:26:00,0.85,17372.0,United Kingdom
496339,84800M,MEDIUM WHITE/PINK ROSE ART FLOWER,6,2010-01-31 15:40:00,1.69,16655.0,United Kingdom
496340,84997D,PINK 3 PIECE MINI DOTS CUTLERY SET,6,2010-01-31 15:45:00,3.75,12668.0,Germany
496340,POST,POSTAGE,13,2010-01-31 15:45:00,18.0,12668.0,Germany
496341,47591D,PINK FAIRY CAKE CHILD'S APRON,13,2010-01-31 15:47:00,1.95,17107.0,United Kingdom
496341,17129D,CLEAR COLOUR GLASS GEMS IN BAG,48,2010-01-31 15:47:00,0.64,17107.0,United Kingdom
496357,POST,POSTAGE,2,2010-02-01 10:10:00,28.0,12540.0,Spain
496359,POST,POSTAGE,2,2010-02-01 10:13:00,28.0,12540.0,Spain
496370,47591D,PINK FAIRY CAKE CHILD'S APRON,8,2010-02-01 11:20:00,1.95,13510.0,United Kingdom
496370,84520D,PACK OF 20 FAIRY CAKE PAPER NAPKINS,12,2010-02-01 11:20:00,0.85,13510.0,United Kingdom
496373,POST,POSTAGE,4,2010-02-01 11:30:00,18.0,12711.0,Germany
496381,POST,POSTAGE,2,2010-02-01 11:44:00,18.0,12647.0,Germany
496427,72801D,S/4 SKY BLUE DINNER CANDLES,1,2010-02-01 12:13:00,1.25,17841.0,United Kingdom
496431,17108D,FLOWER FAIRY SUMMER BOUQUET SACHET,24,2010-02-01 12:30:00,0.42,16415.0,United Kingdom
496434,84997D,PINK 3 PIECE MINI DOTS CUTLERY SET,1,2010-02-01 12:36:00,3.75,17884.0,United Kingdom
496434,84997D,PINK 3 PIECE MINI DOTS CUTLERY SET,4,2010-02-01 12:36:00,3.75,17884.0,United Kingdom
496439,POST,POSTAGE,2,2010-02-01 13:16:00,28.0,12800.0,Portugal
496441,85232D,SET/3 DECOUPAGE STACKING TINS,1,2010-02-01 13:25:00,4.95,17377.0,United Kingdom
496441,47591D,PINK FAIRY CAKE CHILD'S APRON,1,2010-02-01 13:25:00,1.95,17377.0,United Kingdom
496441,84984D,ORIENTAL RED C/COVER ,2,2010-02-01 13:25:00,4.65,17377.0,United Kingdom
496441,46000M,POLYESTER FILLER PAD 45x45cm,8,2010-02-01 13:25:00,1.55,17377.0,United Kingdom
496443,84997D,PINK 3 PIECE MINI DOTS CUTLERY SET,6,2010-02-01 13:45:00,3.75,13156.0,United Kingdom
496463,85014D,PINK/BROWN DOTS RUFFLED UMBRELLA,3,2010-02-01 14:52:00,5.95,15480.0,Malta
496467,M,Manual,1,2010-02-01 15:17:00,818.19,15480.0,Malta
496470,85049D,BRIGHT BLUES RIBBONS ,3,2010-02-01 15:23:00,1.25,14540.0,United Kingdom
496473,PADS,PADS TO MATCH ALL CUSHIONS,1,2010-02-01 15:38:00,0.001,17350.0,United Kingdom
496476,85184D,S/4 BLUE ROUND DECOUPAGE BOXES,15,2010-02-01 15:44:00,2.95,14821.0,United Kingdom
496502,82613D,METAL SIGN CUPCAKE SINGLE HOOK,8,2010-02-02 09:39:00,1.25,17146.0,United Kingdom
496513,84932D,SMALL ORIENTAL RED FOLDING STOOL,8,2010-02-02 11:54:00,1.95,13162.0,United Kingdom
496514,17108D,FLOWER FAIRY SUMMER BOUQUET SACHET,12,2010-02-02 11:57:00,0.42,17377.0,United Kingdom
496514,85184D,S/4 BLUE ROUND DECOUPAGE BOXES,1,2010-02-02 11:57:00,2.95,17377.0,United Kingdom
496516,84997D,PINK 3 PIECE MINI DOTS CUTLERY SET,3,2010-02-02 11:58:00,3.75,14680.0,United Kingdom
496518,84932D,SMALL ORIENTAL RED FOLDING STOOL,16,2010-02-02 12:03:00,1.95,13854.0,United Kingdom
496520,72800D,S/4 BLUE DINNER CANDLE SILVER FLOCK,36,2010-02-02 12:17:00,2.1,15311.0,United Kingdom
496529,90197D,AMBER GLASS BRACELET HEART CHARMS,4,2010-02-02 12:45:00,4.95,12848.0,United Kingdom
496529,90120D,WHITE MURANO TWIST BRACELET,4,2010-02-02 12:45:00,4.25,12848.0,United Kingdom
496577,46000M,POLYESTER FILLER PAD 45x45cm,8,2010-02-02 13:39:00,1.55,13078.0,United Kingdom
496579,47591D,PINK FAIRY CAKE CHILD'S APRON,2,2010-02-02 13:48:00,1.95,12748.0,United Kingdom
496581,17107D,"FLOWER FAIRY,5 SUMMER B'DRAW LINERS",1,2010-02-02 13:53:00,2.55,12748.0,United Kingdom
496584,M,Manual,1,2010-02-02 14:11:00,608.5,14911.0,EIRE
496611,17109D,FLOWER FAIRY INCENSE BOUQUET,24,2010-02-02 18:01:00,1.69,16067.0,United Kingdom
496611,85232D,SET/3 DECOUPAGE STACKING TINS,6,2010-02-02 18:01:00,4.95,16067.0,United Kingdom
496616,POST,POSTAGE,4,2010-02-03 09:03:00,18.0,12682.0,France
496617,POST,POSTAGE,2,2010-02-03 09:06:00,15.0,12805.0,Netherlands
496626,84997D,PINK 3 PIECE MINI DOTS CUTLERY SET,6,2010-02-03 10:03:00,3.75,13599.0,United Kingdom
496643,PADS,PADS TO MATCH ALL CUSHIONS,1,2010-02-03 11:58:00,0.001,13408.0,United Kingdom
496643,46000M,POLYESTER FILLER PAD 45x45cm,4,2010-02-03 11:58:00,1.55,13408.0,United Kingdom
496644,85232D,SET/3 DECOUPAGE STACKING TINS,1,2010-02-03 11:58:00,4.95,15003.0,United Kingdom
496662,79302M,"ART LIGHTS,FUNK MONKEY",1,2010-02-03 12:37:00,2.95,13757.0,United Kingdom
496677,84997D,PINK 3 PIECE MINI DOTS CUTLERY SET,1,2010-02-03 12:46:00,3.75,16081.0,United Kingdom
496690,85049D,BRIGHT BLUES RIBBONS ,2,2010-02-03 13:09:00,1.25,14399.0,United Kingdom
496703,85049D,BRIGHT BLUES RIBBONS ,12,2010-02-03 13:22:00,1.25,12396.0,RSA
496710,85049D,BRIGHT BLUES RIBBONS ,1,2010-02-03 13:52:00,1.25,18101.0,United Kingdom
496710,84875D,BLUE SQUARE COMPACT MIRROR,1,2010-02-03 13:52:00,3.75,18101.0,United Kingdom
496710,84877D,BLUE ROUND COMPACT MIRROR,1,2010-02-03 13:52:00,3.75,18101.0,United Kingdom
496710,84876D,BLUE HEART COMPACT MIRROR,1,2010-02-03 13:52:00,3.75,18101.0,United Kingdom
496725,M,Manual,1,2010-02-03 14:16:00,1.5,13619.0,United Kingdom
496730,82613D,METAL SIGN CUPCAKE SINGLE HOOK,8,2010-02-03 14:24:00,1.25,16834.0,United Kingdom
496737,85169D,PINK LOVE BIRD CANDLE,12,2010-02-03 14:26:00,1.25,17690.0,United Kingdom
496745,47591D,PINK FAIRY CAKE CHILD'S APRON,8,2010-02-03 14:36:00,1.95,16722.0,United Kingdom
496770,79303D,LILAC FLOWER BLOCK TABLE LAMP,2,2010-02-03 15:19:00,2.95,15015.0,United Kingdom
496772,84249D,FAIRY CAKE GREETINGS CARD,12,2010-02-03 15:34:00,0.42,16945.0,United Kingdom
496773,84997D,PINK 3 PIECE MINI DOTS CUTLERY SET,3,2010-02-03 15:45:00,3.75,15023.0,United Kingdom
496802,16169M,WRAP DAISY CARPET ,25,2010-02-04 08:56:00,0.42,14038.0,United Kingdom
496818,47591D,PINK FAIRY CAKE CHILD'S APRON,8,2010-02-04 10:10:00,1.95,15732.0,United Kingdom
496851,84849D,HOT BATHS SOAP HOLDER,3,2010-02-04 11:40:00,1.69,15768.0,United Kingdom
496862,84029D,LEOPARD PRINT HOT WATER BOTTLE,1,2010-02-04 12:07:00,3.75,16891.0,United Kingdom
496863,85014D,PINK/BROWN DOTS RUFFLED UMBRELLA,1,2010-02-04 12:08:00,5.95,16771.0,United Kingdom
496863,79302M,"ART LIGHTS,FUNK MONKEY",2,2010-02-04 12:08:00,2.95,16771.0,United Kingdom
496864,POST,POSTAGE,2,2010-02-04 12:08:00,40.0,12373.0,Austria
496871,47591D,PINK FAIRY CAKE CHILD'S APRON,4,2010-02-04 13:18:00,1.95,16383.0,United Kingdom
496872,M,Manual,2,2010-02-04 13:34:00,0.5,14648.0,United Kingdom
496872,M,Manual,1,2010-02-04 13:34:00,1.0,14648.0,United Kingdom
496881,16168M,FUNKY MONKEY GIFT BAG MEDIUM,2,2010-02-04 13:53:00,0.42,17841.0,United Kingdom
496882,85049D,BRIGHT BLUES RIBBONS ,1,2010-02-04 14:13:00,1.25,15167.0,United Kingdom
496900,85185D,FROG SOCK PUPPET,6,2010-02-04 14:19:00,2.95,17138.0,United Kingdom
496900,90040D,MURANO STYLE GLASS BRACELET PINK,3,2010-02-04 14:19:00,3.5,17138.0,United Kingdom
496904,46775D,SUNSET COLOUR CHUNKY KNITTED THROW,1,2010-02-04 14:46:00,16.95,16986.0,United Kingdom
496904,46776D,WOVEN SUNSET CUSHION COVER ,2,2010-02-04 14:46:00,4.95,16986.0,United Kingdom
496904,17129D,CLEAR COLOUR GLASS GEMS IN BAG,12,2010-02-04 14:46:00,0.85,16986.0,United Kingdom
496911,84932D,SMALL ORIENTAL RED FOLDING STOOL,8,2010-02-04 15:05:00,1.95,12500.0,Germany
496913,46775D,SUNSET COLOUR CHUNKY KNITTED THROW,1,2010-02-04 15:19:00,16.95,16986.0,United Kingdom
496913,46776D,WOVEN SUNSET CUSHION COVER ,2,2010-02-04 15:19:00,4.95,16986.0,United Kingdom
496913,17129D,CLEAR COLOUR GLASS GEMS IN BAG,12,2010-02-04 15:19:00,0.85,16986.0,United Kingdom
496914,POST,POSTAGE,5,2010-02-04 15:20:00,18.0,12500.0,Germany
496916,POST,POSTAGE,1,2010-02-04 15:33:00,51.0,12490.0,France
496918,46775D,SUNSET COLOUR CHUNKY KNITTED THROW,1,2010-02-04 15:40:00,16.95,16986.0,United Kingdom
496918,46776D,WOVEN SUNSET CUSHION COVER ,2,2010-02-04 15:40:00,4.95,16986.0,United Kingdom
496918,17129D,CLEAR COLOUR GLASS GEMS IN BAG,12,2010-02-04 15:40:00,0.85,16986.0,United Kingdom
496921,46000M,POLYESTER FILLER PAD 45x45cm,1,2010-02-04 15:49:00,1.55,14081.0,United Kingdom
496934,16168M,FUNKY MONKEY GIFT BAG MEDIUM,24,2010-02-04 17:05:00,0.42,14861.0,United Kingdom
496948,84997D,PINK 3 PIECE MINI DOTS CUTLERY SET,12,2010-02-04 18:18:00,3.75,15810.0,United Kingdom
496974,84875D,BLUE SQUARE COMPACT MIRROR,24,2010-02-05 08:53:00,1.25,14298.0,United Kingdom
496974,47310M,"SMALL POP BOX,FUNKY MONKEY",24,2010-02-05 08:53:00,1.05,14298.0,United Kingdom
496975,POST,POSTAGE,2,2010-02-05 09:14:00,18.0,12712.0,Germany
496976,85184D,S/4 BLUE ROUND DECOUPAGE BOXES,1,2010-02-05 09:28:00,2.95,12500.0,Germany
496976,POST,POSTAGE,1,2010-02-05 09:28:00,18.0,12500.0,Germany
496977,84849D,HOT BATHS SOAP HOLDER,12,2010-02-05 09:49:00,1.69,13823.0,United Kingdom
497025,79302M,"ART LIGHTS,FUNK MONKEY",1,2010-02-05 13:14:00,2.95,15311.0,United Kingdom
497027,84997D,PINK 3 PIECE MINI DOTS CUTLERY SET,6,2010-02-05 13:17:00,3.75,13658.0,United Kingdom
497035,35471D,SET OF 3 BIRD LIGHT PINK FEATHER ,4,2010-02-05 14:14:00,1.25,16704.0,United Kingdom
497039,M,Manual,1,2010-02-05 14:34:00,102.84,13758.0,United Kingdom
497043,47591D,PINK FAIRY CAKE CHILD'S APRON,8,2010-02-05 14:42:00,1.95,15784.0,United Kingdom
497084,84249D,FAIRY CAKE GREETINGS CARD,12,2010-02-05 14:57:00,0.42,18168.0,United Kingdom
497084,47591D,PINK FAIRY CAKE CHILD'S APRON,8,2010-02-05 14:57:00,1.95,18168.0,United Kingdom
497124,82613D,METAL SIGN CUPCAKE SINGLE HOOK,5,2010-02-05 15:24:00,1.25,13564.0,United Kingdom
497200,17165D,ASS COL LARGE SAND FROG P'WEIGHT,1,2010-02-07 11:29:00,1.05,13984.0,United Kingdom
497200,17164D,ASS COL SMALL SAND FROG P'WEIGHT,1,2010-02-07 11:29:00,0.42,13984.0,United Kingdom
497201,84932D,SMALL ORIENTAL RED FOLDING STOOL,8,2010-02-07 11:37:00,1.95,12681.0,France
497201,84997D,PINK 3 PIECE MINI DOTS CUTLERY SET,6,2010-02-07 11:37:00,3.75,12681.0,France
497201,POST,POSTAGE,7,2010-02-07 11:37:00,18.0,12681.0,France
497203,84997D,PINK 3 PIECE MINI DOTS CUTLERY SET,1,2010-02-07 11:48:00,3.75,14546.0,United Kingdom
497203,85049D,BRIGHT BLUES RIBBONS ,2,2010-02-07 11:48:00,1.25,14546.0,United Kingdom
497203,84997D,PINK 3 PIECE MINI DOTS CUTLERY SET,6,2010-02-07 11:48:00,3.75,14546.0,United Kingdom
497208,85014D,PINK/BROWN DOTS RUFFLED UMBRELLA,1,2010-02-07 12:16:00,5.95,15584.0,United Kingdom
497209,84569D,PACK 6 HEART/ICE-CREAM PATCHES,1,2010-02-07 12:40:00,1.25,16788.0,United Kingdom
497209,84029D,LEOPARD PRINT HOT WATER BOTTLE,1,2010-02-07 12:40:00,3.75,16788.0,United Kingdom
497209,85049D,BRIGHT BLUES RIBBONS ,1,2010-02-07 12:40:00,1.25,16788.0,United Kingdom
497209,84997D,PINK 3 PIECE MINI DOTS CUTLERY SET,2,2010-02-07 12:40:00,3.75,16788.0,United Kingdom
497210,POST,POSTAGE,1,2010-02-07 12:41:00,15.0,12402.0,Belgium
497214,47591D,PINK FAIRY CAKE CHILD'S APRON,2,2010-02-07 14:10:00,1.95,14562.0,United Kingdom
497218,POST,POSTAGE,1,2010-02-07 14:27:00,18.0,12644.0,Germany
497218,84997D,PINK 3 PIECE MINI DOTS CUTLERY SET,6,2010-02-07 14:27:00,3.75,12644.0,Germany
497216,84249D,FAIRY CAKE GREETINGS CARD,12,2010-02-07 14:27:00,0.42,14685.0,United Kingdom
497221,79302M,"ART LIGHTS,FUNK MONKEY",2,2010-02-07 15:07:00,2.95,17550.0,United Kingdom
497222,79030D,"TUMBLER, BAROQUE",4,2010-02-07 15:16:00,1.65,16082.0,United Kingdom
497229,17107D,"FLOWER FAIRY,5 SUMMER B'DRAW LINERS",12,2010-02-08 09:16:00,2.55,17342.0,United Kingdom
497238,POST,POSTAGE,5,2010-02-08 10:34:00,18.0,12472.0,Germany
497242,47591D,PINK FAIRY CAKE CHILD'S APRON,8,2010-02-08 11:33:00,1.95,16351.0,United Kingdom
497244,79303D,LILAC FLOWER BLOCK TABLE LAMP,1,2010-02-08 11:42:00,2.95,15015.0,United Kingdom
497247,79303D,LILAC FLOWER BLOCK TABLE LAMP,1,2010-02-08 11:54:00,2.95,15015.0,United Kingdom
497263,84249D,FAIRY CAKE GREETINGS CARD,24,2010-02-08 13:19:00,0.42,17965.0,United Kingdom
497266,85014D,PINK/BROWN DOTS RUFFLED UMBRELLA,1,2010-02-08 13:28:00,5.95,15867.0,United Kingdom
497274,46000M,POLYESTER FILLER PAD 45x45cm,5,2010-02-08 13:56:00,1.55,16781.0,United Kingdom
497284,17165D,ASS COL LARGE SAND FROG P'WEIGHT,1,2010-02-08 14:00:00,1.05,17514.0,United Kingdom
497284,84029D,LEOPARD PRINT HOT WATER BOTTLE,2,2010-02-08 14:00:00,3.75,17514.0,United Kingdom
497336,POST,POSTAGE,4,2010-02-08 14:41:00,18.0,12524.0,Germany
497339,M,Manual,1,2010-02-08 15:08:00,365.1,14911.0,EIRE
497340,POST,POSTAGE,1,2010-02-08 15:11:00,18.0,12665.0,Germany
497346,90082D,DIAMANTE BOW BROOCH BLACK COLOUR,6,2010-02-08 15:48:00,6.35,16551.0,United Kingdom
497347,85232D,SET/3 DECOUPAGE STACKING TINS,2,2010-02-08 16:06:00,4.95,17774.0,United Kingdom
497347,37492D,PURPLE GREEN FLOWER PIGGY BANK,1,2010-02-08 16:06:00,4.65,17774.0,United Kingdom
497347,M,Manual,2,2010-02-08 16:06:00,0.5,17774.0,United Kingdom
497360,84932D,SMALL ORIENTAL RED FOLDING STOOL,8,2010-02-09 09:17:00,1.95,12437.0,France
497360,POST,POSTAGE,13,2010-02-09 09:17:00,18.0,12437.0,France
497362,84997D,PINK 3 PIECE MINI DOTS CUTLERY SET,72,2010-02-09 09:19:00,3.39,14160.0,United Kingdom
497363,POST,POSTAGE,4,2010-02-09 09:41:00,40.0,12370.0,Austria
497364,84997D,PINK 3 PIECE MINI DOTS CUTLERY SET,6,2010-02-09 09:47:00,3.75,13131.0,United Kingdom
497365,17164D,ASS COL SMALL SAND FROG P'WEIGHT,144,2010-02-09 09:48:00,0.37,14609.0,United Kingdom
497368,47591D,PINK FAIRY CAKE CHILD'S APRON,8,2010-02-09 10:10:00,1.95,17577.0,United Kingdom
497371,POST,POSTAGE,3,2010-02-09 10:24:00,18.0,12471.0,Germany
497374,POST,POSTAGE,2,2010-02-09 10:49:00,18.0,12645.0,Germany
497376,POST,POSTAGE,2,2010-02-09 11:11:00,18.0,12683.0,France
497377,84997D,PINK 3 PIECE MINI DOTS CUTLERY SET,6,2010-02-09 11:37:00,3.75,12490.0,France
497377,POST,POSTAGE,3,2010-02-09 11:37:00,18.0,12490.0,France
497380,84997D,PINK 3 PIECE MINI DOTS CUTLERY SET,40,2010-02-09 11:46:00,3.75,17083.0,United Kingdom
497382,84997D,PINK 3 PIECE MINI DOTS CUTLERY SET,2,2010-02-09 11:50:00,3.75,14680.0,United Kingdom
497383,POST,POSTAGE,2,2010-02-09 12:01:00,18.0,12621.0,Germany
497384,POST,POSTAGE,6,2010-02-09 12:03:00,18.0,12647.0,Germany
497385,79302M,"ART LIGHTS,FUNK MONKEY",6,2010-02-09 12:05:00,2.95,13293.0,United Kingdom
497391,85049D,BRIGHT BLUES RIBBONS ,12,2010-02-09 12:38:00,1.25,12523.0,France
497391,POST,POSTAGE,2,2010-02-09 12:38:00,18.0,12523.0,France
497393,90210D,PURPLE ACRYLIC FACETED BANGLE,6,2010-02-09 13:08:00,2.95,13976.0,United Kingdom
497394,POST,POSTAGE,1,2010-02-09 13:08:00,18.0,12681.0,France
497400,85170D,SET/6 PINK BIRD T-LIGHT CANDLES,1,2010-02-09 13:26:00,2.1,16419.0,United Kingdom
497403,84249D,FAIRY CAKE GREETINGS CARD,12,2010-02-09 14:25:00,0.42,14422.0,United Kingdom
497403,82613D,METAL SIGN CUPCAKE SINGLE HOOK,8,2010-02-09 14:25:00,1.25,14422.0,United Kingdom
497404,POST,POSTAGE,2,2010-02-09 14:28:00,18.0,12663.0,Germany
497473,84800M,MEDIUM WHITE/PINK ROSE ART FLOWER,6,2010-02-09 15:27:00,1.69,13156.0,United Kingdom
497489,16168M,FUNKY MONKEY GIFT BAG MEDIUM,1,2010-02-09 16:18:00,0.42,17841.0,United Kingdom
497494,85232D,SET/3 DECOUPAGE STACKING TINS,3,2010-02-10 08:44:00,4.95,13092.0,United Kingdom
497496,POST,POSTAGE,1,2010-02-10 09:07:00,40.0,12483.0,Sweden
497504,90175D,TIGRIS EYE CHUNKY CHARM BRACELET,2,2010-02-10 11:21:00,8.95,14593.0,United Kingdom
497504,90120D,WHITE MURANO TWIST BRACELET,4,2010-02-10 11:21:00,4.25,14593.0,United Kingdom
497506,47591D,PINK FAIRY CAKE CHILD'S APRON,5,2010-02-10 11:26:00,1.95,14593.0,United Kingdom
497510,POST,POSTAGE,1,2010-02-10 12:11:00,28.0,12776.0,Portugal
497517,POST,POSTAGE,3,2010-02-10 13:04:00,18.0,13813.0,Germany
497521,72801D,S/4 SKY BLUE DINNER CANDLES,2,2010-02-10 13:39:00,1.25,17780.0,United Kingdom
497521,72800D,S/4 BLUE DINNER CANDLE SILVER FLOCK,1,2010-02-10 13:39:00,2.55,17780.0,United Kingdom
497521,84997D,PINK 3 PIECE MINI DOTS CUTLERY SET,1,2010-02-10 13:39:00,3.75,17780.0,United Kingdom
497522,90200D,PINK SWEETHEART BRACELET,1,2010-02-10 13:43:00,4.25,17780.0,United Kingdom
497522,90082D,DIAMANTE BOW BROOCH BLACK COLOUR,1,2010-02-10 13:43:00,6.35,17780.0,United Kingdom
497522,90202D,PINK ENAMEL FLOWER HAIR TIE,1,2010-02-10 13:43:00,2.95,17780.0,United Kingdom
497588,47591D,PINK FAIRY CAKE CHILD'S APRON,1,2010-02-10 17:16:00,1.95,17377.0,United Kingdom
497588,85232D,SET/3 DECOUPAGE STACKING TINS,3,2010-02-10 17:16:00,4.95,17377.0,United Kingdom
497594,POST,POSTAGE,2,2010-02-11 09:41:00,40.0,13520.0,Switzerland
497593,POST,POSTAGE,1,2010-02-11 09:41:00,18.0,12474.0,Germany
497601,POST,POSTAGE,1,2010-02-11 10:13:00,18.0,12670.0,France
497603,POST,POSTAGE,2,2010-02-11 10:30:00,18.0,12567.0,France
497606,POST,POSTAGE,2,2010-02-11 11:28:00,18.0,12682.0,France
497608,47310M,"SMALL POP BOX,FUNKY MONKEY",12,2010-02-11 11:42:00,1.25,13468.0,United Kingdom
497612,POST,POSTAGE,1,2010-02-11 11:53:00,18.0,12523.0,France
497619,47591D,PINK FAIRY CAKE CHILD'S APRON,2,2010-02-11 12:22:00,1.95,14451.0,United Kingdom
497625,84997D,PINK 3 PIECE MINI DOTS CUTLERY SET,12,2010-02-11 12:47:00,3.75,15738.0,United Kingdom
497628,47591D,PINK FAIRY CAKE CHILD'S APRON,3,2010-02-11 13:03:00,1.95,15005.0,United Kingdom
497628,84249D,FAIRY CAKE GREETINGS CARD,12,2010-02-11 13:03:00,0.42,15005.0,United Kingdom
497662,POST,POSTAGE,1,2010-02-11 13:55:00,18.0,12677.0,France
497684,35598D,PINK/WHITE CHRISTMAS TREE 60CM,48,2010-02-11 15:02:00,0.65,14401.0,United Kingdom
497739,84997D,PINK 3 PIECE MINI DOTS CUTLERY SET,1,2010-02-12 10:21:00,3.75,14606.0,United Kingdom
497740,16169M,WRAP DAISY CARPET ,25,2010-02-12 10:26:00,0.42,13815.0,Germany
497740,85049D,BRIGHT BLUES RIBBONS ,12,2010-02-12 10:26:00,1.25,13815.0,Germany
497740,84997D,PINK 3 PIECE MINI DOTS CUTLERY SET,6,2010-02-12 10:26:00,3.75,13815.0,Germany
497740,POST,POSTAGE,3,2010-02-12 10:26:00,18.0,13815.0,Germany
497743,90129D,AMBER GLASS TASSLE BAG CHARM,3,2010-02-12 11:07:00,2.95,16895.0,United Kingdom
497743,47591D,PINK FAIRY CAKE CHILD'S APRON,2,2010-02-12 11:07:00,1.95,16895.0,United Kingdom
497788,85014D,PINK/BROWN DOTS RUFFLED UMBRELLA,3,2010-02-12 12:04:00,5.95,18065.0,United Kingdom
497791,90175D,TIGRIS EYE CHUNKY CHARM BRACELET,1,2010-02-12 12:21:00,8.95,16713.0,United Kingdom
497807,15044D,RED PAPER PARASOL,50,2010-02-12 14:00:00,2.55,12971.0,United Kingdom
497809,47591D,PINK FAIRY CAKE CHILD'S APRON,8,2010-02-12 14:34:00,1.95,17547.0,United Kingdom
497839,M,Manual,3,2010-02-12 15:24:00,0.85,17954.0,United Kingdom
497839,17109D,FLOWER FAIRY INCENSE BOUQUET,1,2010-02-12 15:24:00,1.69,17954.0,United Kingdom
497844,84997D,PINK 3 PIECE MINI DOTS CUTLERY SET,4,2010-02-12 15:51:00,3.75,17258.0,United Kingdom
497882,M,Manual,1,2010-02-14 11:42:00,100.0,12748.0,United Kingdom
497883,85184D,S/4 BLUE ROUND DECOUPAGE BOXES,6,2010-02-14 11:52:00,2.95,13446.0,United Kingdom
497885,85184D,S/4 BLUE ROUND DECOUPAGE BOXES,6,2010-02-14 12:06:00,2.95,15093.0,United Kingdom
497894,47591D,PINK FAIRY CAKE CHILD'S APRON,6,2010-02-14 12:36:00,1.95,15425.0,United Kingdom
497898,85049D,BRIGHT BLUES RIBBONS ,6,2010-02-14 12:49:00,1.25,18077.0,United Kingdom
497901,90024D,NEW BAROQUE B'FLY NECKLACE PINK,1,2010-02-14 12:52:00,8.5,12872.0,United Kingdom
497901,84625D,WHITE NEWBAROQUE CANDLESTICK CANDLE,3,2010-02-14 12:52:00,2.95,12872.0,United Kingdom
497902,85014D,PINK/BROWN DOTS RUFFLED UMBRELLA,3,2010-02-14 12:57:00,5.95,15795.0,United Kingdom
497906,46775D,SUNSET COLOUR CHUNKY KNITTED THROW,2,2010-02-14 13:26:00,16.95,14156.0,EIRE
497907,46000M,POLYESTER FILLER PAD 45x45cm,8,2010-02-14 13:37:00,1.55,14970.0,United Kingdom
497907,85049D,BRIGHT BLUES RIBBONS ,12,2010-02-14 13:37:00,1.25,14970.0,United Kingdom
497908,46000M,POLYESTER FILLER PAD 45x45cm,1,2010-02-14 13:38:00,1.55,14970.0,United Kingdom
497909,47310M,"SMALL POP BOX,FUNKY MONKEY",1,2010-02-14 13:39:00,1.25,15272.0,United Kingdom
497911,84625D,WHITE NEWBAROQUE CANDLESTICK CANDLE,4,2010-02-14 14:10:00,2.95,17285.0,United Kingdom
497912,79190D,RETRO PLASTIC DAISY TRAY,5,2010-02-14 14:35:00,0.42,12867.0,United Kingdom
497912,85049D,BRIGHT BLUES RIBBONS ,3,2010-02-14 14:35:00,1.25,12867.0,United Kingdom
497912,17013D,ORIGAMI ROSE INCENSE IN TUBE,4,2010-02-14 14:35:00,1.65,12867.0,United Kingdom
497917,84249D,FAIRY CAKE GREETINGS CARD,12,2010-02-14 15:13:00,0.42,13421.0,United Kingdom
497920,84997D,PINK 3 PIECE MINI DOTS CUTLERY SET,5,2010-02-14 15:30:00,3.75,15964.0,United Kingdom
497920,17165D,ASS COL LARGE SAND FROG P'WEIGHT,1,2010-02-14 15:30:00,1.05,15964.0,United Kingdom
497920,17164D,ASS COL SMALL SAND FROG P'WEIGHT,16,2010-02-14 15:30:00,0.42,15964.0,United Kingdom
497921,46137D,GREEN CHENILLE SHAGGY RUG,3,2010-02-14 15:38:00,2.95,14869.0,United Kingdom
497921,79030D,"TUMBLER, BAROQUE",6,2010-02-14 15:38:00,1.65,14869.0,United Kingdom
497921,85049D,BRIGHT BLUES RIBBONS ,4,2010-02-14 15:38:00,1.25,14869.0,United Kingdom
497922,47591D,PINK FAIRY CAKE CHILD'S APRON,8,2010-02-14 15:47:00,1.95,14909.0,United Kingdom
497926,POST,POSTAGE,4,2010-02-15 08:41:00,18.0,12426.0,Germany
497932,84997D,PINK 3 PIECE MINI DOTS CUTLERY SET,6,2010-02-15 10:12:00,3.75,12391.0,Cyprus
497932,46000M,POLYESTER FILLER PAD 45x45cm,2,2010-02-15 10:12:00,1.55,12391.0,Cyprus
497935,46000M,POLYESTER FILLER PAD 45x45cm,4,2010-02-15 10:47:00,1.55,13408.0,United Kingdom
497935,PADS,PADS TO MATCH ALL CUSHIONS,1,2010-02-15 10:47:00,0.001,13408.0,United Kingdom
497943,84625D,WHITE NEWBAROQUE CANDLESTICK CANDLE,48,2010-02-15 11:46:00,0.85,13225.0,United Kingdom
497948,47591D,PINK FAIRY CAKE CHILD'S APRON,16,2010-02-15 12:05:00,1.95,13081.0,United Kingdom
497947,84997D,PINK 3 PIECE MINI DOTS CUTLERY SET,6,2010-02-15 12:05:00,3.75,12380.0,Belgium
497949,85130D,BEADED CRYSTAL HEART PINK LARGE,12,2010-02-15 12:10:00,1.65,16327.0,United Kingdom
497952,M,Manual,1,2010-02-15 12:31:00,1508.65,12380.0,Belgium
497954,47591D,PINK FAIRY CAKE CHILD'S APRON,2,2010-02-15 12:50:00,1.95,16225.0,United Kingdom
497958,84997D,PINK 3 PIECE MINI DOTS CUTLERY SET,15,2010-02-15 13:20:00,3.75,14680.0,United Kingdom
497958,47591D,PINK FAIRY CAKE CHILD'S APRON,2,2010-02-15 13:20:00,1.95,14680.0,United Kingdom
497959,44217M,MULTICOLOUR FEATHERS CURTAIN,48,2010-02-15 13:20:00,2.95,16544.0,United Kingdom
497966,44217M,MULTICOLOUR FEATHERS CURTAIN,12,2010-02-15 13:28:00,3.95,16544.0,United Kingdom
497969,44217M,MULTICOLOUR FEATHERS CURTAIN,12,2010-02-15 13:29:00,3.95,16544.0,United Kingdom
498012,84997D,PINK 3 PIECE MINI DOTS CUTLERY SET,24,2010-02-15 14:47:00,3.75,17241.0,United Kingdom
498013,17129D,CLEAR COLOUR GLASS GEMS IN BAG,96,2010-02-15 14:49:00,0.64,15311.0,United Kingdom
498015,85049D,BRIGHT BLUES RIBBONS ,12,2010-02-15 15:54:00,1.25,17442.0,United Kingdom
498021,47591D,PINK FAIRY CAKE CHILD'S APRON,4,2010-02-15 17:01:00,1.95,14911.0,EIRE
498037,84402D,PINK DRESS JEWELLERY STAND ,36,2010-02-16 10:11:00,0.85,13802.0,United Kingdom
498049,47591D,PINK FAIRY CAKE CHILD'S APRON,8,2010-02-16 11:13:00,1.95,13407.0,United Kingdom
498055,84559D,3D SHEET OF SEA WORLD STICKERS,11,2010-02-16 12:11:00,0.85,14669.0,United Kingdom
498070,85049D,BRIGHT BLUES RIBBONS ,2,2010-02-16 12:19:00,1.25,14669.0,United Kingdom
498091,46000M,POLYESTER FILLER PAD 45x45cm,3,2010-02-16 12:35:00,1.55,14639.0,United Kingdom
498096,84997D,PINK 3 PIECE MINI DOTS CUTLERY SET,6,2010-02-16 12:59:00,3.75,12836.0,United Kingdom
498099,47591D,PINK FAIRY CAKE CHILD'S APRON,10,2010-02-16 13:23:00,1.95,14466.0,United Kingdom
498101,85184D,S/4 BLUE ROUND DECOUPAGE BOXES,6,2010-02-16 13:32:00,2.95,12960.0,United Kingdom
498103,16169M,WRAP DAISY CARPET ,25,2010-02-16 13:39:00,0.42,15680.0,United Kingdom
498104,90002D,FLOWER BURST SILVER RING CRYSTAL,3,2010-02-16 13:49:00,3.75,13503.0,United Kingdom
498104,90025D,BAROQUE BUTTERFLY EARRINGS PINK,1,2010-02-16 13:49:00,3.75,13503.0,United Kingdom
498104,90200D,PINK SWEETHEART BRACELET,6,2010-02-16 13:49:00,4.25,13503.0,United Kingdom
498104,90003D,CRYSTAL PAIR HEART HAIR SLIDES,6,2010-02-16 13:49:00,3.75,13503.0,United Kingdom
498104,90024D,NEW BAROQUE B'FLY NECKLACE PINK,1,2010-02-16 13:49:00,8.5,13503.0,United Kingdom
498104,85014D,PINK/BROWN DOTS RUFFLED UMBRELLA,2,2010-02-16 13:49:00,5.95,13503.0,United Kingdom
498114,M,Manual,12,2010-02-16 14:32:00,6.75,15311.0,United Kingdom
498114,47591D,PINK FAIRY CAKE CHILD'S APRON,50,2010-02-16 14:32:00,1.65,15311.0,United Kingdom
498114,82613D,METAL SIGN CUPCAKE SINGLE HOOK,1,2010-02-16 14:32:00,1.25,15311.0,United Kingdom
498121,M,Manual,3,2010-02-16 15:27:00,7.95,17351.0,United Kingdom
498123,79191D,RETRO PLASTIC DAISY TRAY,3,2010-02-16 15:35:00,0.85,16409.0,United Kingdom
498138,84849D,HOT BATHS SOAP HOLDER,12,2010-02-17 08:47:00,1.69,14944.0,United Kingdom
498141,85232D,SET/3 DECOUPAGE STACKING TINS,3,2010-02-17 09:05:00,4.95,13659.0,United Kingdom
498143,16161M,WRAP  PINK FLOCK,25,2010-02-17 09:53:00,0.42,13901.0,United Kingdom
498143,84569D,PACK 6 HEART/ICE-CREAM PATCHES,12,2010-02-17 09:53:00,1.25,13901.0,United Kingdom
498153,46000M,POLYESTER FILLER PAD 45x45cm,6,2010-02-17 11:05:00,1.55,14198.0,United Kingdom
498154,46000M,POLYESTER FILLER PAD 45x45cm,10,2010-02-17 11:27:00,1.55,14732.0,United Kingdom
498158,37492D,PURPLE GREEN FLOWER PIGGY BANK,1,2010-02-17 11:44:00,4.65,15002.0,United Kingdom
498221,72799D,BLUE PILLAR CANDLE SILVER FLOCK,2,2010-02-17 13:53:00,2.95,17075.0,United Kingdom
498221,72800D,S/4 BLUE DINNER CANDLE SILVER FLOCK,2,2010-02-17 13:53:00,2.55,17075.0,United Kingdom
498222,37491D,PURPLE/BLUE CERAMIC CANDLE HOLDER,1,2010-02-17 14:01:00,1.65,14584.0,United Kingdom
498240,84997D,PINK 3 PIECE MINI DOTS CUTLERY SET,6,2010-02-17 14:35:00,3.75,12921.0,United Kingdom
498249,47591D,PINK FAIRY CAKE CHILD'S APRON,8,2010-02-17 14:39:00,1.95,14911.0,EIRE
498249,85232D,SET/3 DECOUPAGE STACKING TINS,12,2010-02-17 14:39:00,4.95,14911.0,EIRE
498249,85185D,FROG SOCK PUPPET,24,2010-02-17 14:39:00,2.55,14911.0,EIRE
498261,85170D,SET/6 PINK BIRD T-LIGHT CANDLES,2,2010-02-17 14:47:00,2.1,16938.0,United Kingdom
498261,84997D,PINK 3 PIECE MINI DOTS CUTLERY SET,4,2010-02-17 14:47:00,3.75,16938.0,United Kingdom
498269,BANK CHARGES, Bank Charges,1,2010-02-17 15:03:00,15.0,16928.0,United Kingdom
498301,15044D,RED PAPER PARASOL,6,2010-02-18 09:20:00,2.95,13767.0,United Kingdom
498325,84997D,PINK 3 PIECE MINI DOTS CUTLERY SET,6,2010-02-18 10:26:00,3.75,15544.0,United Kingdom
498328,15044D,RED PAPER PARASOL,12,2010-02-18 10:27:00,2.95,15586.0,United Kingdom
498338,85185D,FROG SOCK PUPPET,6,2010-02-18 10:35:00,2.95,13020.0,United Kingdom
498343,POST,POSTAGE,1,2010-02-18 11:19:00,1.0,12600.0,Germany
498350,46000M,POLYESTER FILLER PAD 45x45cm,3,2010-02-18 12:25:00,1.55,14085.0,United Kingdom
498353,84249D,FAIRY CAKE GREETINGS CARD,12,2010-02-18 12:36:00,0.42,12949.0,United Kingdom
498354,46000M,POLYESTER FILLER PAD 45x45cm,1,2010-02-18 12:50:00,1.55,14527.0,United Kingdom
498357,46000M,POLYESTER FILLER PAD 45x45cm,1,2010-02-18 13:15:00,1.55,17841.0,United Kingdom
498366,17108D,FLOWER FAIRY SUMMER BOUQUET SACHET,12,2010-02-18 13:57:00,0.42,14152.0,United Kingdom
498389,85014D,PINK/BROWN DOTS RUFFLED UMBRELLA,1,2010-02-18 14:43:00,5.95,14606.0,United Kingdom
498397,84706D,CHERRY BLOSSOM TABLE CLOCK ,24,2010-02-18 15:18:00,1.95,17721.0,United Kingdom
498400,17108D,FLOWER FAIRY SUMMER BOUQUET SACHET,12,2010-02-18 15:33:00,0.42,15005.0,United Kingdom
498400,17107D,"FLOWER FAIRY,5 SUMMER B'DRAW LINERS",2,2010-02-18 15:33:00,2.55,15005.0,United Kingdom
498431,85014D,PINK/BROWN DOTS RUFFLED UMBRELLA,2,2010-02-18 17:29:00,5.95,14031.0,United Kingdom
498433,84849D,HOT BATHS SOAP HOLDER,2,2010-02-18 17:50:00,1.69,13001.0,United Kingdom
498433,84997D,PINK 3 PIECE MINI DOTS CUTLERY SET,4,2010-02-18 17:50:00,3.75,13001.0,United Kingdom
498435,90129D,AMBER GLASS TASSLE BAG CHARM,1,2010-02-18 18:29:00,2.95,14686.0,United Kingdom
498435,90040D,MURANO STYLE GLASS BRACELET PINK,1,2010-02-18 18:29:00,3.5,14686.0,United Kingdom
498435,90039D,FIRE POLISHED GLASS BRACELET GREEN,1,2010-02-18 18:29:00,3.75,14686.0,United Kingdom
498442,47591D,PINK FAIRY CAKE CHILD'S APRON,8,2010-02-19 09:41:00,1.95,13004.0,United Kingdom
498513,47591D,PINK FAIRY CAKE CHILD'S APRON,8,2010-02-19 12:07:00,1.95,17145.0,United Kingdom
498517,17129D,CLEAR COLOUR GLASS GEMS IN BAG,1,2010-02-19 12:34:00,0.85,15808.0,United Kingdom
498517,35471D,SET OF 3 BIRD LIGHT PINK FEATHER ,2,2010-02-19 12:34:00,1.25,15808.0,United Kingdom
498517,84800M,MEDIUM WHITE/PINK ROSE ART FLOWER,6,2010-02-19 12:34:00,1.69,15808.0,United Kingdom
498518,M,Manual,2,2010-02-19 12:48:00,7.49,15867.0,United Kingdom
498518,85232D,SET/3 DECOUPAGE STACKING TINS,1,2010-02-19 12:48:00,4.95,15867.0,United Kingdom
498545,M,Manual,2,2010-02-19 17:02:00,1.25,13191.0,United Kingdom
498545,M,Manual,2,2010-02-19 17:02:00,1.49,13191.0,United Kingdom
498545,72801D,S/4 SKY BLUE DINNER CANDLES,1,2010-02-19 17:02:00,1.25,13191.0,United Kingdom
498550,84849D,HOT BATHS SOAP HOLDER,12,2010-02-21 10:19:00,1.69,12416.0,Australia
498552,72799D,BLUE PILLAR CANDLE SILVER FLOCK,3,2010-02-21 10:25:00,2.95,17243.0,United Kingdom
498560,85014D,PINK/BROWN DOTS RUFFLED UMBRELLA,2,2010-02-21 11:29:00,5.95,16335.0,United Kingdom
498560,84997D,PINK 3 PIECE MINI DOTS CUTLERY SET,1,2010-02-21 11:29:00,3.75,16335.0,United Kingdom
498562,PADS,PADS TO MATCH ALL CUSHIONS,1,2010-02-21 12:03:00,0.001,15182.0,United Kingdom
498562,46000M,POLYESTER FILLER PAD 45x45cm,4,2010-02-21 12:03:00,1.55,15182.0,United Kingdom
498567,90003D,CRYSTAL PAIR HEART HAIR SLIDES,1,2010-02-21 12:42:00,3.75,16693.0,United Kingdom
498570,M,Manual,2,2010-02-21 12:52:00,0.4,15059.0,United Kingdom
498571,M,Manual,1,2010-02-21 12:57:00,1.25,15774.0,United Kingdom
498573,85130D,BEADED CRYSTAL HEART PINK LARGE,1,2010-02-21 13:16:00,1.65,14606.0,United Kingdom
498579,47591D,PINK FAIRY CAKE CHILD'S APRON,4,2010-02-21 14:41:00,1.95,17332.0,United Kingdom
498584,85169D,PINK LOVE BIRD CANDLE,2,2010-02-21 15:06:00,1.25,16200.0,United Kingdom
498594,47591D,PINK FAIRY CAKE CHILD'S APRON,1,2010-02-21 15:48:00,1.95,16797.0,United Kingdom
498618,15044D,RED PAPER PARASOL,6,2010-02-22 10:24:00,2.95,15382.0,United Kingdom
498642,84997D,PINK 3 PIECE MINI DOTS CUTLERY SET,6,2010-02-22 11:13:00,3.75,16057.0,United Kingdom
498642,47591D,PINK FAIRY CAKE CHILD'S APRON,8,2010-02-22 11:13:00,1.95,16057.0,United Kingdom
498696,84795D,SEASIDE STRIPE HAMMOCK,2,2010-02-22 12:05:00,7.95,16619.0,United Kingdom
498697,85129D,BEADED CRYSTAL HEART PINK SMALL,24,2010-02-22 12:11:00,1.25,14997.0,United Kingdom
498705,84997D,PINK 3 PIECE MINI DOTS CUTLERY SET,9,2010-02-22 12:44:00,3.75,14680.0,United Kingdom
498704,84997D,PINK 3 PIECE MINI DOTS CUTLERY SET,1,2010-02-22 12:44:00,3.75,17841.0,United Kingdom
498717,85049D,BRIGHT BLUES RIBBONS ,2,2010-02-22 13:38:00,1.25,17259.0,United Kingdom
498721,47591D,PINK FAIRY CAKE CHILD'S APRON,8,2010-02-22 14:34:00,1.95,13178.0,United Kingdom
498725,84997D,PINK 3 PIECE MINI DOTS CUTLERY SET,2,2010-02-22 15:12:00,3.75,14667.0,United Kingdom
498728,84997D,PINK 3 PIECE MINI DOTS CUTLERY SET,17,2010-02-22 15:39:00,3.75,13408.0,United Kingdom
498762,85170D,SET/6 PINK BIRD T-LIGHT CANDLES,1,2010-02-22 17:10:00,2.1,14081.0,United Kingdom
498763,85232D,SET/3 DECOUPAGE STACKING TINS,1,2010-02-22 17:14:00,4.95,14030.0,United Kingdom
498764,85232D,SET/3 DECOUPAGE STACKING TINS,1,2010-02-22 17:21:00,4.95,14081.0,United Kingdom
498764,85014D,PINK/BROWN DOTS RUFFLED UMBRELLA,1,2010-02-22 17:21:00,5.95,14081.0,United Kingdom
498765,84569D,PACK 6 HEART/ICE-CREAM PATCHES,1,2010-02-23 09:37:00,1.25,12755.0,Japan
498768,84625D,WHITE NEWBAROQUE CANDLESTICK CANDLE,12,2010-02-23 09:54:00,2.95,12727.0,France
498768,POST,POSTAGE,5,2010-02-23 09:54:00,18.0,12727.0,France
498774,47591D,PINK FAIRY CAKE CHILD'S APRON,16,2010-02-23 10:12:00,1.95,13330.0,United Kingdom
498778,84795D,SEASIDE STRIPE HAMMOCK,12,2010-02-23 10:48:00,6.95,14134.0,United Kingdom
498797,72755D,FLOWER FAIRY OIL BURNER SET SUMMER,1,2010-02-23 11:14:00,4.25,15493.0,United Kingdom
498797,M,Manual,1,2010-02-23 11:14:00,8.49,15493.0,United Kingdom
498849,72800D,S/4 BLUE DINNER CANDLE SILVER FLOCK,1,2010-02-23 11:49:00,2.55,15967.0,United Kingdom
498877,85014D,PINK/BROWN DOTS RUFFLED UMBRELLA,2,2010-02-23 12:31:00,5.95,13052.0,United Kingdom
498890,POST,POSTAGE,3,2010-02-23 13:21:00,18.0,12682.0,France
498899,85049D,BRIGHT BLUES RIBBONS ,2,2010-02-23 13:55:00,1.25,13772.0,United Kingdom
498901,85014D,PINK/BROWN DOTS RUFFLED UMBRELLA,1,2010-02-23 14:12:00,5.95,15311.0,United Kingdom
498905,47591D,PINK FAIRY CAKE CHILD'S APRON,4,2010-02-23 14:40:00,1.95,12854.0,United Kingdom
498907,POST,POSTAGE,2,2010-02-23 14:52:00,18.0,12472.0,Germany
498911,84569D,PACK 6 HEART/ICE-CREAM PATCHES,24,2010-02-23 15:27:00,1.25,16702.0,United Kingdom
498911,M,Manual,2,2010-02-23 15:27:00,0.65,16702.0,United Kingdom
498914,85049D,BRIGHT BLUES RIBBONS ,12,2010-02-23 16:36:00,1.25,15955.0,United Kingdom
498914,46000M,POLYESTER FILLER PAD 45x45cm,8,2010-02-23 16:36:00,1.55,15955.0,United Kingdom
498918,46000M,POLYESTER FILLER PAD 45x45cm,8,2010-02-24 08:50:00,1.55,15607.0,United Kingdom
498921,47591D,PINK FAIRY CAKE CHILD'S APRON,8,2010-02-24 09:24:00,1.95,14911.0,EIRE
498928,85014D,PINK/BROWN DOTS RUFFLED UMBRELLA,48,2010-02-24 10:18:00,4.95,13694.0,United Kingdom
498929,46000M,POLYESTER FILLER PAD 45x45cm,4,2010-02-24 10:20:00,1.55,16388.0,United Kingdom
498935,84795D,SEASIDE STRIPE HAMMOCK,2,2010-02-24 10:42:00,7.95,14911.0,EIRE
498944,46000M,POLYESTER FILLER PAD 45x45cm,6,2010-02-24 11:06:00,1.55,17377.0,United Kingdom
498964,85049D,BRIGHT BLUES RIBBONS ,1,2010-02-24 11:28:00,1.25,15984.0,United Kingdom
498999,85049D,BRIGHT BLUES RIBBONS ,1,2010-02-24 11:51:00,1.25,16406.0,United Kingdom
499011,85049D,BRIGHT BLUES RIBBONS ,12,2010-02-24 12:06:00,1.25,14284.0,United Kingdom
499020,M,Manual,4,2010-02-24 12:19:00,2.95,14527.0,United Kingdom
499031,46000M,POLYESTER FILLER PAD 45x45cm,6,2010-02-24 12:48:00,1.55,14541.0,United Kingdom
499035,46000M,POLYESTER FILLER PAD 45x45cm,6,2010-02-24 13:04:00,1.55,13982.0,United Kingdom
499056,PADS,PADS TO MATCH ALL CUSHIONS,1,2010-02-24 13:46:00,0.001,13765.0,United Kingdom
499057,M,Manual,3,2010-02-24 13:48:00,1.25,15898.0,United Kingdom
499058,85049D,BRIGHT BLUES RIBBONS ,1,2010-02-24 13:54:00,1.25,17027.0,United Kingdom
499065,82613D,METAL SIGN CUPCAKE SINGLE HOOK,8,2010-02-24 14:24:00,1.25,16208.0,United Kingdom
499067,72755D,FLOWER FAIRY OIL BURNER SET SUMMER,16,2010-02-24 14:30:00,1.25,14911.0,EIRE
499170,47591D,PINK FAIRY CAKE CHILD'S APRON,50,2010-02-25 09:40:00,1.65,16118.0,United Kingdom
499218,POST,POSTAGE,5,2010-02-25 11:23:00,18.0,12647.0,Germany
499220,90214D,"LETTER ""D"" BLING KEY RING",1,2010-02-25 11:32:00,1.25,14606.0,United Kingdom
499220,85129D,BEADED CRYSTAL HEART PINK SMALL,1,2010-02-25 11:32:00,1.25,14606.0,United Kingdom
499222,47591D,PINK FAIRY CAKE CHILD'S APRON,4,2010-02-25 11:41:00,1.95,15573.0,United Kingdom
499222,85129D,BEADED CRYSTAL HEART PINK SMALL,1,2010-02-25 11:41:00,1.25,15573.0,United Kingdom
499223,POST,POSTAGE,3,2010-02-25 11:45:00,18.0,12583.0,France
499231,85049D,BRIGHT BLUES RIBBONS ,12,2010-02-25 12:18:00,1.25,15674.0,United Kingdom
499232,85014D,PINK/BROWN DOTS RUFFLED UMBRELLA,1,2010-02-25 12:21:00,5.95,13334.0,United Kingdom
499232,47591D,PINK FAIRY CAKE CHILD'S APRON,3,2010-02-25 12:21:00,1.95,13334.0,United Kingdom
499237,84849D,HOT BATHS SOAP HOLDER,6,2010-02-25 13:19:00,1.69,13735.0,United Kingdom
499247,72800D,S/4 BLUE DINNER CANDLE SILVER FLOCK,1,2010-02-25 13:46:00,2.55,17841.0,United Kingdom
499248,47310M,"SMALL POP BOX,FUNKY MONKEY",24,2010-02-25 14:18:00,1.05,14298.0,United Kingdom
499249,47591D,PINK FAIRY CAKE CHILD'S APRON,16,2010-02-25 14:19:00,1.65,14298.0,United Kingdom
499264,47591D,PINK FAIRY CAKE CHILD'S APRON,50,2010-02-25 15:39:00,1.65,18041.0,United Kingdom
499270,POST,POSTAGE,1,2010-02-25 16:21:00,18.0,12500.0,Germany
499276,72801D,S/4 SKY BLUE DINNER CANDLES,4,2010-02-25 18:12:00,1.25,15456.0,United Kingdom
499285,M,Manual,1,2010-02-25 19:08:00,0.85,17207.0,United Kingdom
499326,85049D,BRIGHT BLUES RIBBONS ,1,2010-02-26 11:22:00,1.25,13598.0,United Kingdom
499327,90082D,DIAMANTE BOW BROOCH BLACK COLOUR,1,2010-02-26 11:26:00,6.35,13598.0,United Kingdom
499377,84520D,PACK OF 20 FAIRY CAKE PAPER NAPKINS,1,2010-02-26 11:59:00,0.85,14177.0,United Kingdom
499379,85129D,BEADED CRYSTAL HEART PINK SMALL,24,2010-02-26 12:04:00,1.25,14177.0,United Kingdom
499382,POST,POSTAGE,1,2010-02-26 12:08:00,15.0,14646.0,Netherlands
499387,47591D,PINK FAIRY CAKE CHILD'S APRON,1,2010-02-26 12:41:00,1.95,14680.0,United Kingdom
499387,84997D,PINK 3 PIECE MINI DOTS CUTLERY SET,1,2010-02-26 12:41:00,3.75,14680.0,United Kingdom
499399,PADS,PADS TO MATCH ALL CUSHIONS,1,2010-02-26 13:26:00,0.001,14459.0,United Kingdom
499399,46000M,POLYESTER FILLER PAD 45x45cm,36,2010-02-26 13:26:00,1.55,14459.0,United Kingdom
499403,46000M,POLYESTER FILLER PAD 45x45cm,10,2010-02-26 14:23:00,1.55,13727.0,United Kingdom
499403,84795D,SEASIDE STRIPE HAMMOCK,2,2010-02-26 14:23:00,7.95,13727.0,United Kingdom
499405,85049D,BRIGHT BLUES RIBBONS ,24,2010-02-26 14:35:00,1.25,14739.0,United Kingdom
499411,46000M,POLYESTER FILLER PAD 45x45cm,2,2010-02-26 15:09:00,1.55,13999.0,United Kingdom
499453,47591D,PINK FAIRY CAKE CHILD'S APRON,12,2010-02-28 10:25:00,1.95,14466.0,United Kingdom
499454,POST,POSTAGE,2,2010-02-28 10:31:00,18.0,12708.0,Germany
499459,84984D,ORIENTAL RED C/COVER ,2,2010-02-28 11:13:00,4.65,15149.0,United Kingdom
499474,85014D,PINK/BROWN DOTS RUFFLED UMBRELLA,1,2010-02-28 12:29:00,5.95,15421.0,United Kingdom
499475,84997D,PINK 3 PIECE MINI DOTS CUTLERY SET,1,2010-02-28 12:30:00,3.75,15990.0,United Kingdom
499478,M,Manual,6,2010-02-28 12:50:00,3.75,15664.0,United Kingdom
499482,POST,POSTAGE,3,2010-02-28 13:25:00,18.0,12471.0,Germany
499487,46000M,POLYESTER FILLER PAD 45x45cm,2,2010-02-28 13:42:00,1.55,13561.0,United Kingdom
499490,82613D,METAL SIGN CUPCAKE SINGLE HOOK,2,2010-02-28 13:55:00,1.25,18106.0,United Kingdom
499490,46000M,POLYESTER FILLER PAD 45x45cm,3,2010-02-28 13:55:00,1.55,18106.0,United Kingdom
499494,85014D,PINK/BROWN DOTS RUFFLED UMBRELLA,1,2010-02-28 14:12:00,5.95,16283.0,United Kingdom
499496,85049D,BRIGHT BLUES RIBBONS ,6,2010-02-28 14:17:00,1.25,17373.0,United Kingdom
499497,85049D,BRIGHT BLUES RIBBONS ,1,2010-02-28 14:24:00,1.25,14396.0,United Kingdom
499502,47591D,PINK FAIRY CAKE CHILD'S APRON,1,2010-02-28 15:01:00,1.95,14044.0,United Kingdom
499505,85232D,SET/3 DECOUPAGE STACKING TINS,1,2010-02-28 15:58:00,4.95,14606.0,United Kingdom
499510,85232D,SET/3 DECOUPAGE STACKING TINS,3,2010-03-01 08:38:00,4.95,14798.0,United Kingdom
499516,47591D,PINK FAIRY CAKE CHILD'S APRON,8,2010-03-01 09:56:00,1.95,12779.0,Poland
499517,POST,POSTAGE,3,2010-03-01 09:58:00,18.0,12598.0,France
499520,84984D,ORIENTAL RED CUSHION COVER ,100,2010-03-01 10:07:00,1.25,13694.0,United Kingdom
499521,15044D,RED PAPER PARASOL,50,2010-03-01 10:14:00,2.55,13694.0,United Kingdom
499524,72225D,VANILLA SCENT CAKE CANDLE ,576,2010-03-01 10:19:00,0.21,13694.0,United Kingdom
499535,84795D,SEASIDE STRIPE HAMMOCK,1,2010-03-01 11:45:00,7.95,14527.0,United Kingdom
499542,84800M,MEDIUM WHITE/PINK ROSE ART FLOWER,6,2010-03-01 11:59:00,1.69,14131.0,United Kingdom
499596,85071D,CHARLIE+LOLA MY ROOM DOOR SIGN,3,2010-03-01 12:21:00,2.55,16511.0,United Kingdom
499596,85232D,SET/3 DECOUPAGE STACKING TINS,2,2010-03-01 12:21:00,4.95,16511.0,United Kingdom
499623,84800M,MEDIUM WHITE/PINK ROSE ART FLOWER,2,2010-03-01 13:06:00,1.69,17377.0,United Kingdom
499623,85184D,S/4 BLUE ROUND DECOUPAGE BOXES,1,2010-03-01 13:06:00,2.95,17377.0,United Kingdom
499624,90162D,ANT SILVER PURPLE BOUDICCA RING,6,2010-03-01 13:10:00,2.95,17593.0,United Kingdom
499628,85232D,SET/3 DECOUPAGE STACKING TINS,1,2010-03-01 13:22:00,4.95,16521.0,United Kingdom
499628,M,Manual,1,2010-03-01 13:22:00,3.75,16521.0,United Kingdom
499631,POST,POSTAGE,3,2010-03-01 13:29:00,28.0,12540.0,Spain
499640,84849D,HOT BATHS SOAP HOLDER,12,2010-03-01 13:57:00,1.69,15291.0,United Kingdom
499641,72801D,S/4 SKY BLUE DINNER CANDLES,1,2010-03-01 14:01:00,1.25,17841.0,United Kingdom
499659,17164D,ASS COL SMALL SAND FROG P'WEIGHT,4,2010-03-01 15:05:00,0.42,16731.0,United Kingdom
499664,85049D,BRIGHT BLUES RIBBONS ,12,2010-03-01 15:36:00,1.25,14257.0,United Kingdom
499664,47591D,PINK FAIRY CAKE CHILD'S APRON,8,2010-03-01 15:36:00,1.95,14257.0,United Kingdom
499674,72755D,FLOWER FAIRY OIL BURNER SET SUMMER,16,2010-03-01 16:02:00,1.25,15603.0,United Kingdom
499681,84968D,S/16 VINTAGE RED CUTLERY,6,2010-03-02 09:23:00,12.75,12731.0,France
499682,POST,POSTAGE,2,2010-03-02 09:25:00,18.0,12623.0,Germany
499692,85184D,S/4 BLUE ROUND DECOUPAGE BOXES,12,2010-03-02 10:49:00,2.95,16946.0,United Kingdom
499758,17109D,FLOWER FAIRY INCENSE BOUQUET,1,2010-03-02 12:20:00,1.69,15003.0,United Kingdom
499759,72755D,FLOWER FAIRY OIL BURNER SET SUMMER,16,2010-03-02 12:24:00,1.25,13126.0,United Kingdom
499768,17108D,FLOWER FAIRY SUMMER BOUQUET SACHET,24,2010-03-02 13:20:00,0.42,13173.0,United Kingdom
499772,47591D,PINK FAIRY CAKE CHILD'S APRON,3,2010-03-02 13:36:00,1.95,16960.0,United Kingdom
499777,POST,POSTAGE,5,2010-03-02 14:01:00,18.0,12525.0,France
499779,46000M,POLYESTER FILLER PAD 45x45cm,12,2010-03-02 14:12:00,1.55,16103.0,United Kingdom
499780,84932D,SMALL ORIENTAL RED FOLDING STOOL,8,2010-03-02 14:19:00,1.95,12809.0,Portugal
499780,POST,POSTAGE,1,2010-03-02 14:19:00,119.6,12809.0,Portugal
499781,85014D,PINK/BROWN DOTS RUFFLED UMBRELLA,3,2010-03-02 14:23:00,5.95,13327.0,United Kingdom
499789,47591D,PINK FAIRY CAKE CHILD'S APRON,50,2010-03-02 14:59:00,1.65,15311.0,United Kingdom
499789,84849D,HOT BATHS SOAP HOLDER,1,2010-03-02 14:59:00,1.69,15311.0,United Kingdom
499789,82613D,METAL SIGN CUPCAKE SINGLE HOOK,2,2010-03-02 14:59:00,1.25,15311.0,United Kingdom
499850,84849D,HOT BATHS SOAP HOLDER,3,2010-03-02 16:36:00,1.69,13593.0,United Kingdom
499850,72801D,S/4 SKY BLUE DINNER CANDLES,2,2010-03-02 16:36:00,1.25,13593.0,United Kingdom
499850,84249D,FAIRY CAKE GREETINGS CARD,12,2010-03-02 16:36:00,0.42,13593.0,United Kingdom
499880,46000M,POLYESTER FILLER PAD 45x45cm,4,2010-03-03 10:11:00,1.55,13663.0,United Kingdom
499879,47591D,PINK FAIRY CAKE CHILD'S APRON,8,2010-03-03 10:11:00,1.95,15224.0,United Kingdom
499881,POST,POSTAGE,3,2010-03-03 10:19:00,18.0,12645.0,Germany
499883,85049D,BRIGHT BLUES RIBBONS ,12,2010-03-03 10:54:00,1.25,16947.0,United Kingdom
499890,85129D,BEADED CRYSTAL HEART PINK SMALL,1,2010-03-03 11:34:00,1.25,14606.0,United Kingdom
499890,47310M,"SMALL POP BOX,FUNKY MONKEY",4,2010-03-03 11:34:00,1.25,14606.0,United Kingdom
499890,85170D,SET/6 PINK BIRD T-LIGHT CANDLES,4,2010-03-03 11:34:00,2.1,14606.0,United Kingdom
499894,90175D,TIGRIS EYE CHUNKY CHARM BRACELET,4,2010-03-03 11:40:00,8.95,14593.0,United Kingdom
499894,17164D,ASS COL SMALL SAND FROG P'WEIGHT,1,2010-03-03 11:40:00,0.42,14593.0,United Kingdom
499895,M,Manual,2,2010-03-03 11:51:00,3.75,14593.0,United Kingdom
499895,90214M,"LETTER ""M"" BLING KEY RING",1,2010-03-03 11:51:00,1.25,14593.0,United Kingdom
499897,85071D,CHARLIE+LOLA MY ROOM DOOR SIGN,48,2010-03-03 11:53:00,0.38,14298.0,United Kingdom
499897,84932D,SMALL ORIENTAL RED FOLDING STOOL,8,2010-03-03 11:53:00,1.95,14298.0,United Kingdom
499897,84402D,PINK DRESS JEWELLERY STAND ,36,2010-03-03 11:53:00,0.85,14298.0,United Kingdom
499897,72755D,FLOWER FAIRY OIL BURNER SET SUMMER,16,2010-03-03 11:53:00,1.25,14298.0,United Kingdom
499897,17013D,ORIGAMI ROSE INCENSE IN TUBE,96,2010-03-03 11:53:00,0.42,14298.0,United Kingdom
499897,15044D,RED PAPER PARASOL,12,2010-03-03 11:53:00,2.55,14298.0,United Kingdom
499897,72225D,VANILLA SCENT CAKE CANDLE ,96,2010-03-03 11:53:00,0.21,14298.0,United Kingdom
499899,85129D,BEADED CRYSTAL HEART PINK SMALL,4,2010-03-03 11:57:00,1.25,13820.0,United Kingdom
499914,79191D,RETRO PLASTIC DAISY TRAY,12,2010-03-03 12:10:00,0.85,13097.0,United Kingdom
499918,85170D,SET/6 PINK BIRD T-LIGHT CANDLES,1,2010-03-03 12:16:00,2.1,13097.0,United Kingdom
499918,85232D,SET/3 DECOUPAGE STACKING TINS,1,2010-03-03 12:16:00,4.95,13097.0,United Kingdom
499919,84706D,CHERRY BLOSSOM TABLE CLOCK ,24,2010-03-03 12:20:00,1.95,14911.0,EIRE
499956,84569D,PACK 6 HEART/ICE-CREAM PATCHES,8,2010-03-03 12:42:00,1.25,15015.0,United Kingdom
499959,POST,POSTAGE,1,2010-03-03 12:53:00,200.0,12380.0,Belgium
499964,POST,POSTAGE,1,2010-03-03 13:51:00,35.0,12594.0,Italy
499965,85185D,FROG SOCK PUPPET,1,2010-03-03 13:57:00,2.95,16461.0,United Kingdom
499965,M,Manual,6,2010-03-03 13:57:00,1.0,16461.0,United Kingdom
499965,85049D,BRIGHT BLUES RIBBONS ,2,2010-03-03 13:57:00,1.25,16461.0,United Kingdom
499965,35471D,SET OF 3 BIRD LIGHT PINK FEATHER ,1,2010-03-03 13:57:00,1.25,16461.0,United Kingdom
499968,16168M,FUNKY MONKEY GIFT BAG MEDIUM,24,2010-03-03 14:10:00,0.42,13214.0,United Kingdom
499968,16161M,WRAP  PINK FLOCK,25,2010-03-03 14:10:00,0.42,13214.0,United Kingdom
499973,72045D,ROSES ON BLUE TEACUP CANDLE ,15,2010-03-03 14:42:00,1.69,13595.0,United Kingdom
499982,POST,POSTAGE,2,2010-03-03 15:56:00,18.0,12681.0,France
499990,17108D,FLOWER FAIRY SUMMER BOUQUET SACHET,12,2010-03-03 16:33:00,0.42,13890.0,United Kingdom
499991,84984D,ORIENTAL RED CUSHION COVER ,10,2010-03-03 16:37:00,1.25,14156.0,EIRE
499997,85129D,BEADED CRYSTAL HEART PINK SMALL,12,2010-03-04 09:08:00,1.25,15798.0,United Kingdom
499997,82613D,METAL SIGN CUPCAKE SINGLE HOOK,8,2010-03-04 09:08:00,1.25,15798.0,United Kingdom
500012,85014D,PINK/BROWN DOTS RUFFLED UMBRELLA,3,2010-03-04 10:23:00,5.95,17049.0,United Kingdom
500015,47591D,PINK FAIRY CAKE CHILD'S APRON,2,2010-03-04 10:31:00,1.95,17861.0,United Kingdom
500015,84569D,PACK 6 HEART/ICE-CREAM PATCHES,6,2010-03-04 10:31:00,1.25,17861.0,United Kingdom
500015,84559D,3D SHEET OF SEA WORLD STICKERS,6,2010-03-04 10:31:00,0.85,17861.0,United Kingdom
500092,85049D,BRIGHT BLUES RIBBONS ,3,2010-03-04 12:11:00,1.25,12978.0,United Kingdom
500093,85049D,BRIGHT BLUES RIBBONS ,1,2010-03-04 12:13:00,1.25,15910.0,United Kingdom
500094,M,Manual,3,2010-03-04 12:24:00,0.1,15005.0,United Kingdom
500094,47591D,PINK FAIRY CAKE CHILD'S APRON,2,2010-03-04 12:24:00,1.95,15005.0,United Kingdom
500098,M,Manual,3,2010-03-04 12:32:00,1.25,16771.0,United Kingdom
500098,M,Manual,3,2010-03-04 12:32:00,4.25,16771.0,United Kingdom
500098,37492D,PURPLE GREEN FLOWER PIGGY BANK,1,2010-03-04 12:32:00,4.65,16771.0,United Kingdom
500098,17108D,FLOWER FAIRY SUMMER BOUQUET SACHET,12,2010-03-04 12:32:00,0.42,16771.0,United Kingdom
500108,84249D,FAIRY CAKE GREETINGS CARD,12,2010-03-04 12:41:00,0.42,15358.0,United Kingdom
500108,85049D,BRIGHT BLUES RIBBONS ,12,2010-03-04 12:41:00,1.25,15358.0,United Kingdom
500113,M,Manual,1,2010-03-04 12:50:00,308.74,13097.0,United Kingdom
500115,M,Manual,1,2010-03-04 12:57:00,3.95,17847.0,United Kingdom
500115,47310M,"SMALL POP BOX,FUNKY MONKEY",4,2010-03-04 12:57:00,1.25,17847.0,United Kingdom
500116,47591D,PINK FAIRY CAKE CHILD'S APRON,16,2010-03-04 13:01:00,1.95,17577.0,United Kingdom
500118,47591D,PINK FAIRY CAKE CHILD'S APRON,5,2010-03-04 13:39:00,1.95,14680.0,United Kingdom
500121,POST,POSTAGE,2,2010-03-04 14:05:00,18.0,12490.0,France
500122,47591D,PINK FAIRY CAKE CHILD'S APRON,8,2010-03-04 14:23:00,1.95,14018.0,United Kingdom
500123,47591D,PINK FAIRY CAKE CHILD'S APRON,8,2010-03-04 14:24:00,1.95,14911.0,EIRE
500126,17014D,ORIGAMI ROSE INCENSE CONES,192,2010-03-04 14:41:00,0.42,13881.0,United Kingdom
500128,M,Manual,1,2010-03-04 14:45:00,1.25,13610.0,United Kingdom
500129,90214M,"LETTER ""M"" BLING KEY RING",2,2010-03-04 14:50:00,1.25,15768.0,United Kingdom
500129,90214D,"LETTER ""D"" BLING KEY RING",2,2010-03-04 14:50:00,1.25,15768.0,United Kingdom
500157,POST,POSTAGE,2,2010-03-04 18:23:00,40.0,12371.0,Switzerland
500158,85014D,PINK/BROWN DOTS RUFFLED UMBRELLA,3,2010-03-04 18:25:00,5.95,12371.0,Switzerland
500158,POST,POSTAGE,1,2010-03-04 18:25:00,40.0,12371.0,Switzerland
500161,POST,POSTAGE,5,2010-03-05 07:15:00,18.0,12647.0,Germany
500163,POST,POSTAGE,1,2010-03-05 08:45:00,15.0,12399.0,Belgium
500167,POST,POSTAGE,1,2010-03-05 09:15:00,18.0,12568.0,Germany
500169,POST,POSTAGE,9,2010-03-05 09:39:00,18.0,12497.0,Germany
500170,84795D,SEASIDE STRIPE HAMMOCK,2,2010-03-05 10:05:00,7.95,18226.0,United Kingdom
500172,47591D,PINK FAIRY CAKE CHILD'S APRON,50,2010-03-05 10:12:00,1.2,18102.0,United Kingdom
500175,17109D,FLOWER FAIRY INCENSE BOUQUET,72,2010-03-05 10:20:00,0.38,14156.0,EIRE
500175,72755D,FLOWER FAIRY OIL BURNER SET SUMMER,16,2010-03-05 10:20:00,1.25,14156.0,EIRE
500176,84932D,SMALL ORIENTAL RED FOLDING STOOL,8,2010-03-05 10:35:00,1.95,12437.0,France
500176,POST,POSTAGE,3,2010-03-05 10:35:00,18.0,12437.0,France
500198,85049D,BRIGHT BLUES RIBBONS ,12,2010-03-05 10:55:00,1.25,13037.0,United Kingdom
500198,16169M,WRAP DAISY CARPET ,25,2010-03-05 10:55:00,0.42,13037.0,United Kingdom
500220,82613D,METAL SIGN CUPCAKE SINGLE HOOK,3,2010-03-05 11:16:00,1.25,14896.0,United Kingdom
500234,16168M,FUNKY MONKEY GIFT BAG MEDIUM,1,2010-03-05 11:50:00,0.42,17841.0,United Kingdom
500234,17129D,CLEAR COLOUR GLASS GEMS IN BAG,6,2010-03-05 11:50:00,0.85,17841.0,United Kingdom
500234,79302M,"ART LIGHTS,FUNK MONKEY",1,2010-03-05 11:50:00,2.95,17841.0,United Kingdom
500237,85014D,PINK/BROWN DOTS RUFFLED UMBRELLA,3,2010-03-05 11:56:00,5.95,12417.0,Belgium
500237,POST,POSTAGE,4,2010-03-05 11:56:00,15.0,12417.0,Belgium
500241,47591D,PINK FAIRY CAKE CHILD'S APRON,8,2010-03-05 12:09:00,1.95,16156.0,United Kingdom
500256,90161D,ANT COPPER PINK BOUDICCA BRACELET,3,2010-03-05 13:24:00,4.95,14649.0,United Kingdom
500256,90200D,PINK SWEETHEART BRACELET,3,2010-03-05 13:24:00,4.25,14649.0,United Kingdom
500256,90160D,PINK BOUDICCA LARGE BRACELET,3,2010-03-05 13:24:00,6.95,14649.0,United Kingdom
500256,90040D,MURANO STYLE GLASS BRACELET PINK,3,2010-03-05 13:24:00,3.5,14649.0,United Kingdom
500257,17165D,ASS COL LARGE SAND FROG P'WEIGHT,1,2010-03-05 13:33:00,1.05,17006.0,United Kingdom
500257,17109D,FLOWER FAIRY INCENSE BOUQUET,2,2010-03-05 13:33:00,1.69,17006.0,United Kingdom
500285,90202D,PINK ENAMEL FLOWER HAIR TIE,1,2010-03-05 15:07:00,2.95,17961.0,United Kingdom
500289,47591D,PINK FAIRY CAKE CHILD'S APRON,150,2010-03-05 15:36:00,1.65,14045.0,United Kingdom
500297,85014D,PINK/BROWN DOTS RUFFLED UMBRELLA,3,2010-03-05 16:39:00,5.95,13799.0,United Kingdom
500306,84849D,HOT BATHS SOAP HOLDER,12,2010-03-07 11:01:00,1.69,13201.0,United Kingdom
500320,37492D,PURPLE GREEN FLOWER PIGGY BANK,1,2010-03-07 12:03:00,4.65,16271.0,United Kingdom
500322,90201D,GREEN ENAMEL FLOWER RING,1,2010-03-07 12:06:00,2.95,16798.0,United Kingdom
500322,90161D,ANT COPPER PINK BOUDICCA BRACELET,1,2010-03-07 12:06:00,4.95,16798.0,United Kingdom
500322,37492D,PURPLE GREEN FLOWER PIGGY BANK,1,2010-03-07 12:06:00,4.65,16798.0,United Kingdom
500326,72800D,S/4 BLUE DINNER CANDLE SILVER FLOCK,1,2010-03-07 12:25:00,2.55,14877.0,United Kingdom
500329,M,Manual,1,2010-03-07 12:56:00,7.95,13764.0,United Kingdom
500332,84795D,SEASIDE STRIPE HAMMOCK,1,2010-03-07 13:08:00,7.95,17085.0,United Kingdom
500335,47310M,"SMALL POP BOX,FUNKY MONKEY",1,2010-03-07 13:44:00,1.25,14606.0,United Kingdom
500335,90214M,"LETTER ""M"" BLING KEY RING",1,2010-03-07 13:44:00,1.25,14606.0,United Kingdom
500337,46000M,POLYESTER FILLER PAD 45x45cm,4,2010-03-07 13:55:00,1.55,17734.0,United Kingdom
500337,46775D,SUNSET COLOUR CHUNKY KNITTED THROW,2,2010-03-07 13:55:00,16.95,17734.0,United Kingdom
500340,85131D,BEADED CRYSTAL HEART PINK\ON STICK,2,2010-03-07 14:25:00,1.25,13561.0,United Kingdom
500341,79191D,RETRO PLASTIC DAISY TRAY,1,2010-03-07 14:31:00,0.85,16466.0,United Kingdom
500342,46000M,POLYESTER FILLER PAD 45x45cm,6,2010-03-07 14:32:00,1.55,13561.0,United Kingdom
500343,POST,POSTAGE,2,2010-03-07 14:37:00,18.0,12530.0,Germany
500343,85049D,BRIGHT BLUES RIBBONS ,12,2010-03-07 14:37:00,1.25,12530.0,Germany
500353,82613D,METAL SIGN CUPCAKE SINGLE HOOK,8,2010-03-07 15:25:00,1.25,12668.0,Germany
500354,17090D,VANILLA INCENSE 40 CONES IN TIN,6,2010-03-07 15:27:00,1.25,13026.0,United Kingdom
500354,17108D,FLOWER FAIRY SUMMER BOUQUET SACHET,24,2010-03-07 15:27:00,0.42,13026.0,United Kingdom
500356,90082D,DIAMANTE BOW BROOCH BLACK COLOUR,1,2010-03-07 15:34:00,6.35,16984.0,United Kingdom
500356,90200D,PINK SWEETHEART BRACELET,1,2010-03-07 15:34:00,4.25,16984.0,United Kingdom
500356,90039D,FIRE POLISHED GLASS BRACELET GREEN,1,2010-03-07 15:34:00,3.75,16984.0,United Kingdom
500356,90013D,PURPLE VINTAGE EARRINGS,1,2010-03-07 15:34:00,3.75,16984.0,United Kingdom
500356,85184D,S/4 BLUE ROUND DECOUPAGE BOXES,1,2010-03-07 15:34:00,2.95,16984.0,United Kingdom
500356,84849D,HOT BATHS SOAP HOLDER,1,2010-03-07 15:34:00,1.69,16984.0,United Kingdom
500356,15044D,RED PAPER PARASOL,1,2010-03-07 15:34:00,2.95,16984.0,United Kingdom
500356,85071D,CHARLIE+LOLA MY ROOM DOOR SIGN,2,2010-03-07 15:34:00,2.55,16984.0,United Kingdom
500357,85232D,SET/3 DECOUPAGE STACKING TINS,3,2010-03-07 15:41:00,4.95,16310.0,United Kingdom
500359,17109D,FLOWER FAIRY INCENSE BOUQUET,6,2010-03-07 15:47:00,1.69,14369.0,United Kingdom
500362,85049D,BRIGHT BLUES RIBBONS ,1,2010-03-07 16:12:00,1.25,17449.0,United Kingdom
500367,POST,POSTAGE,1,2010-03-08 08:09:00,40.0,12369.0,Austria
500368,47591D,PINK FAIRY CAKE CHILD'S APRON,8,2010-03-08 08:33:00,1.95,14493.0,United Kingdom
500374,POST,POSTAGE,1,2010-03-08 09:43:00,15.0,12765.0,Netherlands
500374,84849D,HOT BATHS SOAP HOLDER,12,2010-03-08 09:43:00,1.69,12765.0,Netherlands
500376,POST,POSTAGE,5,2010-03-08 09:57:00,18.0,12524.0,Germany
500449,84249D,FAIRY CAKE GREETINGS CARD,12,2010-03-08 12:08:00,0.42,17542.0,United Kingdom
500449,85185D,FROG SOCK PUPPET,1,2010-03-08 12:08:00,2.95,17542.0,United Kingdom
500453,85185D,FROG SOCK PUPPET,1,2010-03-08 12:17:00,2.95,17542.0,United Kingdom
500455,84569D,PACK 6 HEART/ICE-CREAM PATCHES,12,2010-03-08 12:18:00,1.25,12514.0,Italy
500495,M,Manual,1,2010-03-08 13:04:00,10.0,15078.0,United Kingdom
500498,84795D,SEASIDE STRIPE HAMMOCK,2,2010-03-08 13:17:00,7.95,17672.0,United Kingdom
500498,47591D,PINK FAIRY CAKE CHILD'S APRON,8,2010-03-08 13:17:00,1.95,17672.0,United Kingdom
500498,46000M,POLYESTER FILLER PAD 45x45cm,24,2010-03-08 13:17:00,1.55,17672.0,United Kingdom
500503,37489D,PINK/GREEN FLOWER DESIGN BIG MUG,2,2010-03-08 13:38:00,1.95,15916.0,United Kingdom
500503,79172D,PURPLE TINT ACRYLIC FLOWER VASE,7,2010-03-08 13:38:00,0.85,15916.0,United Kingdom
500504,84559D,3D SHEET OF SEA WORLD STICKERS,3,2010-03-08 13:41:00,0.85,16537.0,United Kingdom
500504,M,Manual,16,2010-03-08 13:41:00,0.5,16537.0,United Kingdom
500504,M,Manual,24,2010-03-08 13:41:00,0.2,16537.0,United Kingdom
500506,47591D,PINK FAIRY CAKE CHILD'S APRON,2,2010-03-08 13:48:00,1.95,14562.0,United Kingdom
500508,85049D,BRIGHT BLUES RIBBONS ,12,2010-03-08 13:52:00,1.25,12932.0,United Kingdom
500510,46000M,POLYESTER FILLER PAD 45x45cm,4,2010-03-08 14:07:00,1.55,17488.0,United Kingdom
500535,POST,POSTAGE,2,2010-03-08 14:27:00,18.0,12472.0,Germany
500537,16161M,WRAP  PINK FLOCK,25,2010-03-08 14:40:00,0.42,13454.0,United Kingdom
500537,17108D,FLOWER FAIRY SUMMER BOUQUET SACHET,12,2010-03-08 14:40:00,0.42,13454.0,United Kingdom
500567,46137D,GREEN CHENILLE SHAGGY RUG,30,2010-03-08 15:49:00,2.95,13694.0,United Kingdom
500567,84402D,PINK DRESS JEWELLERY STAND ,72,2010-03-08 15:49:00,0.85,13694.0,United Kingdom
500582,POST,POSTAGE,2,2010-03-09 09:46:00,18.0,12490.0,France
500583,47591D,PINK FAIRY CAKE CHILD'S APRON,8,2010-03-09 09:49:00,1.95,13178.0,United Kingdom
500584,POST,POSTAGE,1,2010-03-09 09:55:00,18.0,12648.0,Germany
500639,POST,POSTAGE,2,2010-03-09 10:53:00,40.0,12495.0,Sweden
500653,POST,POSTAGE,3,2010-03-09 11:10:00,18.0,12682.0,France
500654,POST,POSTAGE,1,2010-03-09 11:10:00,145.0,12668.0,Germany
500656,47591D,PINK FAIRY CAKE CHILD'S APRON,1,2010-03-09 11:19:00,1.95,18039.0,United Kingdom
500658,85049D,BRIGHT BLUES RIBBONS ,1,2010-03-09 11:22:00,1.25,12748.0,United Kingdom
500663,85049D,BRIGHT BLUES RIBBONS ,12,2010-03-09 12:10:00,1.25,17700.0,United Kingdom
500663,82613D,METAL SIGN CUPCAKE SINGLE HOOK,8,2010-03-09 12:10:00,1.25,17700.0,United Kingdom
500664,72801D,S/4 SKY BLUE DINNER CANDLES,1,2010-03-09 12:12:00,1.25,17841.0,United Kingdom
500711,85232D,SET/3 DECOUPAGE STACKING TINS,3,2010-03-09 14:03:00,4.95,13627.0,United Kingdom
500718,90120D,WHITE MURANO TWIST BRACELET,10,2010-03-09 15:05:00,4.25,15722.0,United Kingdom
500721,85049D,BRIGHT BLUES RIBBONS ,2,2010-03-09 15:22:00,1.25,17059.0,United Kingdom
500721,47591D,PINK FAIRY CAKE CHILD'S APRON,11,2010-03-09 15:22:00,1.95,17059.0,United Kingdom
500741,79190D,RETRO PLASTIC DAISY TRAY,15,2010-03-09 17:12:00,0.42,15856.0,United Kingdom
500745,84249D,FAIRY CAKE GREETINGS CARD,12,2010-03-10 09:16:00,0.42,13426.0,United Kingdom
500751,15044D,RED PAPER PARASOL,6,2010-03-10 10:25:00,2.95,13081.0,United Kingdom
500751,85184D,S/4 BLUE ROUND DECOUPAGE BOXES,6,2010-03-10 10:25:00,2.95,13081.0,United Kingdom
500751,72801D,S/4 SKY BLUE DINNER CANDLES,12,2010-03-10 10:25:00,1.25,13081.0,United Kingdom
500751,84795D,SEASIDE STRIPE HAMMOCK,2,2010-03-10 10:25:00,7.95,13081.0,United Kingdom
500754,POST,POSTAGE,2,2010-03-10 10:30:00,40.0,12638.0,Sweden
500784,85049D,BRIGHT BLUES RIBBONS ,12,2010-03-10 10:51:00,1.25,14286.0,United Kingdom
500840,17164D,ASS COL SMALL SAND FROG P'WEIGHT,2,2010-03-10 12:10:00,0.42,13413.0,United Kingdom
500843,M,Manual,25,2010-03-10 12:13:00,0.42,17348.0,United Kingdom
500853,M,Manual,7,2010-03-10 12:22:00,0.55,13566.0,United Kingdom
500857,47591D,PINK FAIRY CAKE CHILD'S APRON,3,2010-03-10 12:23:00,1.95,15911.0,United Kingdom
500864,72755D,FLOWER FAIRY OIL BURNER SET SUMMER,16,2010-03-10 12:51:00,1.25,14924.0,United Kingdom
500868,85184D,S/4 BLUE ROUND DECOUPAGE BOXES,6,2010-03-10 13:08:00,2.95,14156.0,EIRE
500869,M,Manual,2,2010-03-10 13:21:00,2.95,17220.0,United Kingdom
500872,15044D,RED PAPER PARASOL,4,2010-03-10 13:34:00,2.95,13668.0,United Kingdom
500874,M,Manual,50,2010-03-10 13:43:00,0.1,16719.0,United Kingdom
500881,17164D,ASS COL SMALL SAND FROG P'WEIGHT,36,2010-03-10 14:49:00,0.42,13305.0,United Kingdom
500881,17108D,FLOWER FAIRY SUMMER BOUQUET SACHET,12,2010-03-10 14:49:00,0.42,13305.0,United Kingdom
500881,17107D,"FLOWER FAIRY,5 SUMMER B'DRAW LINERS",3,2010-03-10 14:49:00,2.55,13305.0,United Kingdom
500881,37491D,PURPLE/BLUE CERAMIC CANDLE HOLDER,2,2010-03-10 14:49:00,1.65,13305.0,United Kingdom
500883,POST,POSTAGE,3,2010-03-10 14:52:00,18.0,12471.0,Germany
500884,POST,POSTAGE,3,2010-03-10 15:03:00,18.0,12483.0,Sweden
500899,47591D,PINK FAIRY CAKE CHILD'S APRON,8,2010-03-11 09:26:00,1.95,12976.0,United Kingdom
500933,47310M,"SMALL POP BOX,FUNKY MONKEY",1,2010-03-11 11:45:00,1.25,14606.0,United Kingdom
500963,46000M,POLYESTER FILLER PAD 45x45cm,4,2010-03-11 12:17:00,1.55,15696.0,United Kingdom
500998,85130D,BEADED CRYSTAL HEART PINK LARGE,12,2010-03-11 13:43:00,1.65,12957.0,United Kingdom
500999,90214M,"LETTER ""M"" BLING KEY RING",2,2010-03-11 13:46:00,1.25,16933.0,United Kingdom
501005,85129D,BEADED CRYSTAL HEART PINK SMALL,12,2010-03-11 14:23:00,1.06,17448.0,United Kingdom
501007,85049D,BRIGHT BLUES RIBBONS ,6,2010-03-11 14:51:00,1.25,16126.0,United Kingdom
501008,85185D,FROG SOCK PUPPET,6,2010-03-11 15:26:00,2.55,17448.0,United Kingdom
501010,47591D,PINK FAIRY CAKE CHILD'S APRON,2,2010-03-11 15:33:00,1.95,13715.0,United Kingdom
501035,47591D,PINK FAIRY CAKE CHILD'S APRON,2,2010-03-11 19:24:00,1.95,14713.0,United Kingdom
501038,85130D,BEADED CRYSTAL HEART PINK LARGE,12,2010-03-12 09:21:00,1.45,17448.0,United Kingdom
501039,47310M,"SMALL POP BOX,FUNKY MONKEY",48,2010-03-12 09:26:00,1.05,13162.0,United Kingdom
501042,POST,POSTAGE,2,2010-03-12 09:57:00,18.0,12523.0,France
501085,90130D,RED STONE/CRYSTAL EARRINGS,6,2010-03-12 11:48:00,2.95,17289.0,United Kingdom
501085,90013D,PURPLE VINTAGE EARRINGS,4,2010-03-12 11:48:00,3.75,17289.0,United Kingdom
501093,17164D,ASS COL SMALL SAND FROG P'WEIGHT,36,2010-03-12 12:34:00,0.42,17588.0,United Kingdom
501103,47591D,PINK FAIRY CAKE CHILD'S APRON,8,2010-03-12 13:07:00,1.95,14824.0,United Kingdom
501103,85185D,FROG SOCK PUPPET,6,2010-03-12 13:07:00,2.95,14824.0,United Kingdom
501121,47591D,PINK FAIRY CAKE CHILD'S APRON,8,2010-03-12 15:13:00,1.95,15428.0,United Kingdom
501123,84249D,FAIRY CAKE GREETINGS CARD,12,2010-03-12 15:17:00,0.42,15808.0,United Kingdom
501128,M,Manual,1,2010-03-12 16:06:00,1.45,13573.0,United Kingdom
501129,46000M,POLYESTER FILLER PAD 45x45cm,20,2010-03-12 16:18:00,1.55,17754.0,United Kingdom
501133,15044D,RED PAPER PARASOL,1,2010-03-14 10:10:00,2.95,17920.0,United Kingdom
501136,85049D,BRIGHT BLUES RIBBONS ,1,2010-03-14 11:55:00,1.25,15994.0,United Kingdom
501137,82613D,METAL SIGN CUPCAKE SINGLE HOOK,8,2010-03-14 12:01:00,1.25,13802.0,United Kingdom
501138,85129D,BEADED CRYSTAL HEART PINK SMALL,3,2010-03-14 12:05:00,1.25,14532.0,United Kingdom
501146,M,Manual,2,2010-03-14 13:08:00,3.75,13634.0,United Kingdom
501146,M,Manual,2,2010-03-14 13:08:00,2.95,13634.0,United Kingdom
501147,M,Manual,25,2010-03-14 13:28:00,0.42,17905.0,United Kingdom
501147,85049D,BRIGHT BLUES RIBBONS ,1,2010-03-14 13:28:00,1.25,17905.0,United Kingdom
501153,47591D,PINK FAIRY CAKE CHILD'S APRON,3,2010-03-14 15:07:00,1.95,15665.0,United Kingdom
501157,47591D,PINK FAIRY CAKE CHILD'S APRON,1,2010-03-14 16:18:00,1.95,16686.0,United Kingdom
501160,POST,POSTAGE,1,2010-03-15 09:20:00,18.0,12703.0,Germany
501167,16168M,FUNKY MONKEY GIFT BAG MEDIUM,24,2010-03-15 09:46:00,0.32,17448.0,United Kingdom
501166,90040D,MURANO STYLE GLASS BRACELET PINK,3,2010-03-15 09:46:00,3.5,13481.0,United Kingdom
501176,PADS,PADS TO MATCH ALL CUSHIONS,1,2010-03-15 11:00:00,0.001,14857.0,United Kingdom
501176,46000M,POLYESTER FILLER PAD 45x45cm,4,2010-03-15 11:00:00,1.55,14857.0,United Kingdom
501176,85049D,BRIGHT BLUES RIBBONS ,12,2010-03-15 11:00:00,1.25,14857.0,United Kingdom
501176,84795D,SEASIDE STRIPE HAMMOCK,2,2010-03-15 11:00:00,7.95,14857.0,United Kingdom
501181,47591D,PINK FAIRY CAKE CHILD'S APRON,8,2010-03-15 11:33:00,1.95,14645.0,United Kingdom
501186,84795D,SEASIDE STRIPE HAMMOCK,1,2010-03-15 12:07:00,7.95,14527.0,United Kingdom
501267,84795D,SEASIDE STRIPE HAMMOCK,1,2010-03-15 12:54:00,7.95,17085.0,United Kingdom
501272,47591D,PINK FAIRY CAKE CHILD'S APRON,9,2010-03-15 13:34:00,1.95,13543.0,United Kingdom
501275,M,Manual,50,2010-03-15 13:45:00,0.42,14667.0,United Kingdom
501275,M,Manual,25,2010-03-15 13:45:00,0.42,14667.0,United Kingdom
501281,85232D,SET/3 DECOUPAGE STACKING TINS,3,2010-03-15 14:15:00,4.95,14911.0,EIRE
501284,15044D,RED PAPER PARASOL,6,2010-03-15 14:19:00,2.95,12714.0,France
501284,POST,POSTAGE,6,2010-03-15 14:19:00,18.0,12714.0,France
501291,17090D,VANILLA INCENSE 40 CONES IN TIN,1,2010-03-15 15:33:00,1.25,14343.0,United Kingdom
501291,85049D,BRIGHT BLUES RIBBONS ,2,2010-03-15 15:33:00,1.25,14343.0,United Kingdom
501296,46000M,POLYESTER FILLER PAD 45x45cm,1,2010-03-15 16:02:00,1.55,16242.0,United Kingdom
501298,84625D,WHITE NEWBAROQUE CANDLESTICK CANDLE,2,2010-03-15 16:13:00,2.95,17218.0,United Kingdom
501299,85018D,YULETIDE IMAGES S/6 PAPER BOXES,2,2010-03-15 16:19:00,2.55,18008.0,United Kingdom
501299,85184D,S/4 BLUE ROUND DECOUPAGE BOXES,1,2010-03-15 16:19:00,2.95,18008.0,United Kingdom
501302,M,Manual,25,2010-03-15 17:01:00,0.42,17848.0,United Kingdom
501305,17164D,ASS COL SMALL SAND FROG P'WEIGHT,15,2010-03-15 17:16:00,0.42,13600.0,United Kingdom
501305,17165D,ASS COL LARGE SAND FROG P'WEIGHT,8,2010-03-15 17:16:00,1.05,13600.0,United Kingdom
501305,84795D,SEASIDE STRIPE HAMMOCK,2,2010-03-15 17:16:00,7.95,13600.0,United Kingdom
501305,15044D,RED PAPER PARASOL,2,2010-03-15 17:16:00,2.95,13600.0,United Kingdom
501431,85049D,BRIGHT BLUES RIBBONS ,1,2010-03-16 13:00:00,1.25,14604.0,United Kingdom
501431,M,Manual,2,2010-03-16 13:00:00,3.75,14604.0,United Kingdom
501434,16161M,WRAP  PINK FLOCK,25,2010-03-16 13:15:00,0.42,14496.0,United Kingdom
501437,POST,POSTAGE,1,2010-03-16 13:22:00,18.0,12703.0,Germany
501438,POST,POSTAGE,2,2010-03-16 13:23:00,18.0,12701.0,Germany
501440,82613D,METAL SIGN CUPCAKE SINGLE HOOK,3,2010-03-16 13:28:00,1.25,15311.0,United Kingdom
501463,POST,POSTAGE,1,2010-03-16 15:19:00,18.0,12500.0,Germany
501470,84569D,PACK 6 HEART/ICE-CREAM PATCHES,5,2010-03-16 16:18:00,1.25,17596.0,United Kingdom
501470,90013D,PURPLE VINTAGE EARRINGS,1,2010-03-16 16:18:00,3.75,17596.0,United Kingdom
501470,90082D,DIAMANTE BOW BROOCH BLACK COLOUR,1,2010-03-16 16:18:00,6.35,17596.0,United Kingdom
501472,17164D,ASS COL SMALL SAND FROG P'WEIGHT,36,2010-03-16 16:24:00,0.42,14465.0,United Kingdom
501474,17164D,ASS COL SMALL SAND FROG P'WEIGHT,1,2010-03-16 16:45:00,0.42,17568.0,United Kingdom
501474,17164D,ASS COL SMALL SAND FROG P'WEIGHT,2,2010-03-16 16:45:00,0.42,17568.0,United Kingdom
501476,90040D,MURANO STYLE GLASS BRACELET PINK,3,2010-03-17 08:59:00,3.5,15990.0,United Kingdom
501484,47591D,PINK FAIRY CAKE CHILD'S APRON,8,2010-03-17 10:33:00,1.95,14911.0,EIRE
501515,85049D,BRIGHT BLUES RIBBONS ,2,2010-03-17 11:53:00,1.25,15867.0,United Kingdom
501515,M,Manual,50,2010-03-17 11:53:00,0.42,15867.0,United Kingdom
501523,46000M,POLYESTER FILLER PAD 45x45cm,8,2010-03-17 12:14:00,1.55,13612.0,United Kingdom
501523,47591D,PINK FAIRY CAKE CHILD'S APRON,8,2010-03-17 12:14:00,1.95,13612.0,United Kingdom
501540,M,Manual,1,2010-03-17 14:12:00,0.42,16085.0,United Kingdom
501544,M,Manual,5,2010-03-17 14:55:00,0.3,18196.0,United Kingdom
501546,M,Manual,6,2010-03-17 15:11:00,1.45,17933.0,United Kingdom
501550,47591D,PINK FAIRY CAKE CHILD'S APRON,8,2010-03-17 15:29:00,1.95,13371.0,United Kingdom
501552,84625D,WHITE NEWBAROQUE CANDLESTICK CANDLE,4,2010-03-17 15:37:00,2.95,14249.0,United Kingdom
501553,84800M,MEDIUM WHITE/PINK ROSE ART FLOWER,6,2010-03-17 15:43:00,1.69,16254.0,United Kingdom
501556,47591D,PINK FAIRY CAKE CHILD'S APRON,8,2010-03-17 16:14:00,1.95,12921.0,United Kingdom
501570,85049D,BRIGHT BLUES RIBBONS ,12,2010-03-18 08:06:00,1.25,16336.0,United Kingdom
501616,84795D,SEASIDE STRIPE HAMMOCK,6,2010-03-18 11:06:00,7.95,16977.0,United Kingdom
501638,POST,POSTAGE,6,2010-03-18 12:08:00,18.0,12621.0,Germany
501641,35471D,SET OF 3 BIRD LIGHT PINK FEATHER ,1,2010-03-18 12:14:00,1.25,13057.0,United Kingdom
501641,17164D,ASS COL SMALL SAND FROG P'WEIGHT,36,2010-03-18 12:14:00,0.42,13057.0,United Kingdom
501657,84932D,SMALL ORIENTAL RED FOLDING STOOL,1,2010-03-18 13:10:00,8.5,13243.0,United Kingdom
501664,47591D,PINK FAIRY CAKE CHILD'S APRON,8,2010-03-18 14:12:00,1.95,16303.0,United Kingdom
501671,16169M,WRAP DAISY CARPET ,25,2010-03-18 15:11:00,0.42,18171.0,United Kingdom
501677,85049D,BRIGHT BLUES RIBBONS ,24,2010-03-18 16:16:00,1.25,12647.0,Germany
501677,POST,POSTAGE,4,2010-03-18 16:16:00,18.0,12647.0,Germany
501679,84625D,WHITE NEWBAROQUE CANDLESTICK CANDLE,24,2010-03-18 16:20:00,0.85,13203.0,United Kingdom
501679,72225D,VANILLA SCENT CAKE CANDLE ,24,2010-03-18 16:20:00,0.29,13203.0,United Kingdom
501699,M,Manual,4,2010-03-18 19:29:00,2.95,14702.0,United Kingdom
501700,M,Manual,25,2010-03-18 20:02:00,0.42,13230.0,United Kingdom
501700,85049D,BRIGHT BLUES RIBBONS ,1,2010-03-18 20:02:00,1.25,13230.0,United Kingdom
501709,17164D,ASS COL SMALL SAND FROG P'WEIGHT,24,2010-03-19 10:02:00,0.42,15615.0,United Kingdom
501714,72801D,S/4 SKY BLUE DINNER CANDLES,12,2010-03-19 10:22:00,1.25,17581.0,United Kingdom
501730,M,Manual,3,2010-03-19 11:05:00,2.95,14159.0,United Kingdom
501730,84849D,HOT BATHS SOAP HOLDER,2,2010-03-19 11:05:00,1.69,14159.0,United Kingdom
501732,47591D,PINK FAIRY CAKE CHILD'S APRON,8,2010-03-19 11:10:00,1.95,14292.0,United Kingdom
501766,M,Manual,1,2010-03-19 11:35:00,6958.17,15760.0,Norway
501767,85049D,BRIGHT BLUES RIBBONS ,3,2010-03-19 11:39:00,1.25,16335.0,United Kingdom
501767,47591D,PINK FAIRY CAKE CHILD'S APRON,4,2010-03-19 11:39:00,1.95,16335.0,United Kingdom
501768,M,Manual,1,2010-03-19 11:45:00,6958.17,15760.0,Norway
501800,46137D,GREEN CHENILLE SHAGGY RUG,10,2010-03-19 13:51:00,2.95,13694.0,United Kingdom
501800,84402D,PINK DRESS JEWELLERY STAND ,104,2010-03-19 13:51:00,0.85,13694.0,United Kingdom
501806,15044D,RED PAPER PARASOL,1,2010-03-19 14:02:00,2.95,17673.0,United Kingdom
501807,72800D,S/4 BLUE DINNER CANDLE SILVER FLOCK,3,2010-03-19 14:05:00,2.55,17799.0,United Kingdom
501819,M,Manual,1,2010-03-19 15:14:00,322.69,14832.0,United Kingdom
501828,M,Manual,12,2010-03-19 15:45:00,1.25,15218.0,United Kingdom
501836,46000M,POLYESTER FILLER PAD 45x45cm,4,2010-03-19 17:03:00,1.55,15808.0,United Kingdom
501853,85071D,CHARLIE+LOLA MY ROOM DOOR SIGN,1,2010-03-21 11:07:00,2.55,16782.0,United Kingdom
501853,84569D,PACK 6 HEART/ICE-CREAM PATCHES,1,2010-03-21 11:07:00,1.25,16782.0,United Kingdom
501854,M,Manual,3,2010-03-21 11:15:00,1.0,15446.0,United Kingdom
501858,37492D,PURPLE GREEN FLOWER PIGGY BANK,2,2010-03-21 11:21:00,4.65,13593.0,United Kingdom
501858,72801D,S/4 SKY BLUE DINNER CANDLES,2,2010-03-21 11:21:00,1.25,13593.0,United Kingdom
501860,85130D,BEADED CRYSTAL HEART PINK LARGE,24,2010-03-21 11:32:00,1.65,15425.0,United Kingdom
501860,47591D,PINK FAIRY CAKE CHILD'S APRON,6,2010-03-21 11:32:00,1.95,15425.0,United Kingdom
501859,46775D,SUNSET COLOUR CHUNKY KNITTED THROW,2,2010-03-21 11:32:00,16.95,14080.0,United Kingdom
501862,90197D,AMBER GLASS BRACELET HEART CHARMS,1,2010-03-21 11:41:00,4.95,16326.0,United Kingdom
501877,79191D,RETRO PLASTIC DAISY TRAY,2,2010-03-21 13:14:00,0.85,17611.0,United Kingdom
501877,M,Manual,50,2010-03-21 13:14:00,1.0,17611.0,United Kingdom
501877,85232D,SET/3 DECOUPAGE STACKING TINS,2,2010-03-21 13:14:00,4.95,17611.0,United Kingdom
501877,79302M,"ART LIGHTS,FUNK MONKEY",4,2010-03-21 13:14:00,2.95,17611.0,United Kingdom
501877,17165D,ASS COL LARGE SAND FROG P'WEIGHT,4,2010-03-21 13:14:00,1.05,17611.0,United Kingdom
501877,85184D,S/4 BLUE ROUND DECOUPAGE BOXES,1,2010-03-21 13:14:00,2.95,17611.0,United Kingdom
501880,M,Manual,2,2010-03-21 13:38:00,3.75,17285.0,United Kingdom
501884,90160D,PINK BOUDICCA LARGE BRACELET,1,2010-03-21 14:04:00,6.95,17611.0,United Kingdom
501884,90161D,ANT COPPER PINK BOUDICCA BRACELET,1,2010-03-21 14:04:00,4.95,17611.0,United Kingdom
501884,90027D,GLASS BEAD HOOP EARRINGS AMETHYST,2,2010-03-21 14:04:00,2.95,17611.0,United Kingdom
501884,90175D,TIGRIS EYE CHUNKY CHARM BRACELET,1,2010-03-21 14:04:00,8.95,17611.0,United Kingdom
501887,M,Manual,1,2010-03-21 14:16:00,2.95,17587.0,United Kingdom
501887,72799D,BLUE PILLAR CANDLE SILVER FLOCK,1,2010-03-21 14:16:00,2.95,17587.0,United Kingdom
501887,84926D,LA PALMIERA TILE COASTER,2,2010-03-21 14:16:00,1.25,17587.0,United Kingdom
501902,POST,POSTAGE,2,2010-03-21 15:49:00,15.0,12796.0,Netherlands
501910,POST,POSTAGE,1,2010-03-22 09:05:00,40.0,12639.0,Sweden
501911,85232D,SET/3 DECOUPAGE STACKING TINS,3,2010-03-22 09:14:00,4.95,14928.0,United Kingdom
501911,16161M,WRAP  PINK FLOCK,25,2010-03-22 09:14:00,0.42,14928.0,United Kingdom
501921,85049D,BRIGHT BLUES RIBBONS ,12,2010-03-22 10:25:00,1.25,16132.0,United Kingdom
501922,90199D,5 STRAND GLASS NECKLACE AMBER,6,2010-03-22 10:26:00,6.35,13151.0,United Kingdom
501922,M,Manual,25,2010-03-22 10:26:00,0.42,13151.0,United Kingdom
501927,85169D,PINK LOVE BIRD CANDLE,12,2010-03-22 10:56:00,1.25,12533.0,Germany
501927,POST,POSTAGE,2,2010-03-22 10:56:00,18.0,12533.0,Germany
501938,47591D,PINK FAIRY CAKE CHILD'S APRON,50,2010-03-22 11:49:00,1.65,15523.0,United Kingdom
501944,47591D,PINK FAIRY CAKE CHILD'S APRON,8,2010-03-22 11:53:00,1.95,15732.0,United Kingdom
501960,47310M,"SMALL POP BOX,FUNKY MONKEY",6,2010-03-22 12:10:00,1.25,14817.0,United Kingdom
502037,POST,POSTAGE,2,2010-03-22 13:44:00,18.0,12472.0,Germany
502055,84249D,FAIRY CAKE GREETINGS CARD,36,2010-03-22 14:30:00,0.42,13357.0,United Kingdom
502055,M,Manual,25,2010-03-22 14:30:00,0.42,13357.0,United Kingdom
502055,84849D,HOT BATHS SOAP HOLDER,4,2010-03-22 14:30:00,1.69,13357.0,United Kingdom
502056,47591D,PINK FAIRY CAKE CHILD'S APRON,8,2010-03-22 14:34:00,1.95,17138.0,United Kingdom
502060,85049D,BRIGHT BLUES RIBBONS ,12,2010-03-22 14:50:00,1.25,17696.0,United Kingdom
502060,90013D,PURPLE VINTAGE EARRINGS,4,2010-03-22 14:50:00,3.75,17696.0,United Kingdom
502087,85049D,BRIGHT BLUES RIBBONS ,12,2010-03-22 15:59:00,1.25,17496.0,United Kingdom
502089,16168M,FUNKY MONKEY GIFT BAG MEDIUM,24,2010-03-22 16:04:00,0.42,14307.0,United Kingdom
502105,84800M,MEDIUM WHITE/PINK ROSE ART FLOWER,24,2010-03-23 10:06:00,1.69,13711.0,United Kingdom
502113,84559D,3D SHEET OF SEA WORLD STICKERS,2,2010-03-23 11:01:00,0.85,15998.0,United Kingdom
502118,84795D,SEASIDE STRIPE HAMMOCK,12,2010-03-23 11:13:00,6.95,15614.0,United Kingdom
502189,79303D,LILAC FLOWER BLOCK TABLE LAMP,1,2010-03-23 11:41:00,2.95,15003.0,United Kingdom
502189,47591D,PINK FAIRY CAKE CHILD'S APRON,1,2010-03-23 11:41:00,1.95,15003.0,United Kingdom
502228,M,Manual,6,2010-03-23 12:11:00,0.42,15716.0,United Kingdom
502230,47591D,PINK FAIRY CAKE CHILD'S APRON,1,2010-03-23 12:13:00,1.95,14596.0,United Kingdom
502230,90129D,AMBER GLASS TASSLE BAG CHARM,1,2010-03-23 12:13:00,2.95,14596.0,United Kingdom
502234,47591D,PINK FAIRY CAKE CHILD'S APRON,8,2010-03-23 12:24:00,1.95,16327.0,United Kingdom
502234,15044D,RED PAPER PARASOL,6,2010-03-23 12:24:00,2.95,16327.0,United Kingdom
502235,15044D,RED PAPER PARASOL,2,2010-03-23 12:41:00,2.95,15571.0,United Kingdom
502235,47591D,PINK FAIRY CAKE CHILD'S APRON,1,2010-03-23 12:41:00,1.95,15571.0,United Kingdom
502236,47591D,PINK FAIRY CAKE CHILD'S APRON,8,2010-03-23 12:44:00,1.95,14160.0,United Kingdom
502237,90161D,ANT COPPER PINK BOUDICCA BRACELET,3,2010-03-23 13:05:00,4.95,18009.0,United Kingdom
502247,85232D,SET/3 DECOUPAGE STACKING TINS,6,2010-03-23 13:52:00,4.95,17147.0,United Kingdom
502263,M,Manual,1,2010-03-23 15:22:00,10953.5,12918.0,United Kingdom
502280,46000M,POLYESTER FILLER PAD 45x45cm,12,2010-03-23 16:45:00,1.55,14156.0,EIRE
502286,85049D,BRIGHT BLUES RIBBONS ,6,2010-03-23 17:11:00,1.25,17576.0,United Kingdom
502288,POST,POSTAGE,3,2010-03-24 08:31:00,18.0,12681.0,France
502293,82613D,METAL SIGN CUPCAKE SINGLE HOOK,8,2010-03-24 08:55:00,1.25,13896.0,United Kingdom
502323,46000M,POLYESTER FILLER PAD 45x45cm,12,2010-03-24 10:15:00,1.55,17838.0,United Kingdom
502331,POST,POSTAGE,1,2010-03-24 10:39:00,40.0,12360.0,Austria
502334,M,Manual,1,2010-03-24 10:42:00,36.8,14911.0,EIRE
502337,46000M,POLYESTER FILLER PAD 45x45cm,8,2010-03-24 10:45:00,1.55,17377.0,United Kingdom
502363,M,Manual,2,2010-03-24 11:19:00,2.95,14606.0,United Kingdom
502375,46000M,POLYESTER FILLER PAD 45x45cm,4,2010-03-24 11:38:00,1.55,17165.0,United Kingdom
502393,16168M,FUNKY MONKEY GIFT BAG MEDIUM,144,2010-03-24 11:49:00,0.32,12524.0,Germany
502393,POST,POSTAGE,9,2010-03-24 11:49:00,18.0,12524.0,Germany
502404,37492D,PURPLE GREEN FLOWER PIGGY BANK,12,2010-03-24 11:56:00,1.65,15607.0,United Kingdom
502419,17165D,ASS COL LARGE SAND FROG P'WEIGHT,1,2010-03-24 12:15:00,1.05,16300.0,United Kingdom
502420,85049D,BRIGHT BLUES RIBBONS ,4,2010-03-24 12:17:00,1.25,15015.0,United Kingdom
502424,M,Manual,10,2010-03-24 12:30:00,2.9,14527.0,United Kingdom
502424,46000M,POLYESTER FILLER PAD 45x45cm,1,2010-03-24 12:30:00,1.55,14527.0,United Kingdom
502427,79190D,RETRO PLASTIC DAISY TRAY,3,2010-03-24 12:33:00,0.42,17019.0,United Kingdom
502429,47591D,PINK FAIRY CAKE CHILD'S APRON,8,2010-03-24 12:43:00,1.95,12742.0,United Arab Emirates
502436,85049D,BRIGHT BLUES RIBBONS ,1,2010-03-24 13:08:00,1.25,16002.0,United Kingdom
502450,82613D,METAL SIGN CUPCAKE SINGLE HOOK,8,2010-03-24 14:10:00,1.25,14026.0,United Kingdom
502455,M,Manual,1,2010-03-24 14:17:00,782.56,14911.0,EIRE
502456,M,Manual,1,2010-03-24 14:19:00,91.8,14911.0,EIRE
502467,POST,POSTAGE,2,2010-03-24 15:24:00,18.0,12437.0,France
502487,POST,POSTAGE,1,2010-03-25 09:40:00,18.0,12663.0,Germany
502488,17107D,"FLOWER FAIRY,5 SUMMER B'DRAW LINERS",6,2010-03-25 09:44:00,2.55,12540.0,Spain
502488,POST,POSTAGE,2,2010-03-25 09:44:00,28.0,12540.0,Spain
502491,POST,POSTAGE,5,2010-03-25 10:20:00,18.0,12471.0,Germany
502492,16161M,WRAP  PINK FLOCK,25,2010-03-25 10:24:00,0.42,13459.0,United Kingdom
502493,POST,POSTAGE,1,2010-03-25 10:28:00,40.0,12370.0,Austria
502501,47591D,PINK FAIRY CAKE CHILD'S APRON,8,2010-03-25 11:20:00,1.95,13004.0,United Kingdom
502525,84706D,CHERRY BLOSSOM TABLE CLOCK ,48,2010-03-25 11:28:00,1.95,13694.0,United Kingdom
502534,46138D,GREEN CHENILLE SHAGGY C/COVER,1,2010-03-25 11:32:00,1.95,15547.0,United Kingdom
502534,M,Manual,25,2010-03-25 11:32:00,0.42,15547.0,United Kingdom
502568,POST,POSTAGE,1,2010-03-25 12:10:00,40.0,12370.0,Austria
502586,84795D,SEASIDE STRIPE HAMMOCK,2,2010-03-25 12:41:00,7.95,17001.0,United Kingdom
502588,M,Manual,2,2010-03-25 12:43:00,2.95,16550.0,United Kingdom
502595,47591D,PINK FAIRY CAKE CHILD'S APRON,8,2010-03-25 13:13:00,1.95,14911.0,EIRE
502599,47591D,PINK FAIRY CAKE CHILD'S APRON,1,2010-03-25 13:16:00,1.95,17301.0,United Kingdom
502602,M,Manual,1,2010-03-25 13:34:00,241.38,16943.0,United Kingdom
502605,84249D,FAIRY CAKE GREETINGS CARD,12,2010-03-25 13:43:00,0.42,14685.0,United Kingdom
502607,POST,POSTAGE,2,2010-03-25 13:49:00,40.0,12373.0,Austria
502611,15044D,RED PAPER PARASOL,4,2010-03-25 14:12:00,2.95,13668.0,United Kingdom
502613,M,Manual,2,2010-03-25 14:22:00,0.42,14535.0,United Kingdom
502613,M,Manual,25,2010-03-25 14:22:00,0.42,14535.0,United Kingdom
502613,47591D,PINK FAIRY CAKE CHILD'S APRON,1,2010-03-25 14:22:00,1.95,14535.0,United Kingdom
502618,85049D,BRIGHT BLUES RIBBONS ,3,2010-03-25 14:43:00,1.25,14085.0,United Kingdom
502633,POST,POSTAGE,3,2010-03-25 16:19:00,28.0,12510.0,Spain
502633,84849D,HOT BATHS SOAP HOLDER,12,2010-03-25 16:19:00,1.69,12510.0,Spain
502636,POST,POSTAGE,2,2010-03-25 16:25:00,18.0,12726.0,France
502660,M,Manual,6,2010-03-25 17:18:00,1.0,13187.0,United Kingdom
502660,M,Manual,7,2010-03-25 17:18:00,1.0,13187.0,United Kingdom
502663,POST,POSTAGE,1,2010-03-25 17:29:00,15.0,12791.0,Netherlands
502669,47591D,PINK FAIRY CAKE CHILD'S APRON,50,2010-03-26 08:51:00,1.65,15523.0,United Kingdom
502670,47591D,PINK FAIRY CAKE CHILD'S APRON,8,2010-03-26 09:10:00,1.95,14330.0,United Kingdom
502721,84795D,SEASIDE STRIPE HAMMOCK,2,2010-03-26 11:21:00,7.95,15789.0,United Kingdom
502724,47591D,PINK FAIRY CAKE CHILD'S APRON,8,2010-03-26 11:26:00,1.95,14110.0,United Kingdom
502733,M,Manual,1,2010-03-26 11:56:00,5.95,15911.0,United Kingdom
502733,M,Manual,25,2010-03-26 11:56:00,0.42,15911.0,United Kingdom
502735,POST,POSTAGE,1,2010-03-26 12:05:00,15.0,12791.0,Netherlands
502738,M,Manual,1,2010-03-26 12:08:00,131.68,12791.0,Netherlands
502747,85049D,BRIGHT BLUES RIBBONS ,12,2010-03-26 13:03:00,1.25,18215.0,United Kingdom
502749,16169M,WRAP DAISY CARPET ,25,2010-03-26 13:08:00,0.42,18245.0,United Kingdom
502755,46000M,POLYESTER FILLER PAD 45x45cm,20,2010-03-26 13:39:00,1.55,16601.0,United Kingdom
502765,M,Manual,2,2010-03-26 14:01:00,2.0,17371.0,United Kingdom
502765,85071D,CHARLIE+LOLA MY ROOM DOOR SIGN,1,2010-03-26 14:01:00,2.55,17371.0,United Kingdom
502764,85049D,BRIGHT BLUES RIBBONS ,24,2010-03-26 14:01:00,1.25,12477.0,Germany
502768,79190D,RETRO PLASTIC DAISY TRAY,2,2010-03-26 14:16:00,0.42,14994.0,United Kingdom
502771,17109D,FLOWER FAIRY INCENSE BOUQUET,360,2010-03-26 14:29:00,0.38,13694.0,United Kingdom
502771,37492D,PURPLE GREEN FLOWER PIGGY BANK,144,2010-03-26 14:29:00,1.65,13694.0,United Kingdom
502771,72755D,FLOWER FAIRY OIL BURNER SET SUMMER,76,2010-03-26 14:29:00,1.25,13694.0,United Kingdom
502784,16169M,WRAP DAISY CARPET ,25,2010-03-26 14:51:00,0.42,15249.0,United Kingdom
502796,84849D,HOT BATHS SOAP HOLDER,5,2010-03-26 15:32:00,1.69,17191.0,United Kingdom
502799,M,Manual,1,2010-03-26 16:17:00,2.95,15867.0,United Kingdom
502811,M,Manual,25,2010-03-28 10:13:00,0.42,17243.0,United Kingdom
502829,84559D,3D SHEET OF SEA WORLD STICKERS,3,2010-03-28 12:20:00,0.85,17827.0,United Kingdom
502831,M,Manual,3,2010-03-28 12:26:00,10.0,17372.0,United Kingdom
502834,35471D,SET OF 3 BIRD LIGHT PINK FEATHER ,12,2010-03-28 12:43:00,1.25,17731.0,United Kingdom
502840,84800M,MEDIUM WHITE/PINK ROSE ART FLOWER,6,2010-03-28 13:18:00,1.69,15068.0,United Kingdom
502847,M,Manual,2,2010-03-28 13:47:00,2.95,14572.0,United Kingdom
502848,85169D,PINK LOVE BIRD CANDLE,1,2010-03-28 14:04:00,1.25,15570.0,United Kingdom
502852,M,Manual,2,2010-03-28 14:32:00,2.95,18231.0,United Kingdom
502854,35471D,SET OF 3 BIRD LIGHT PINK FEATHER ,2,2010-03-28 14:48:00,1.25,13684.0,United Kingdom
502854,72801D,S/4 SKY BLUE DINNER CANDLES,1,2010-03-28 14:48:00,1.25,13684.0,United Kingdom
502854,72800D,S/4 BLUE DINNER CANDLE SILVER FLOCK,2,2010-03-28 14:48:00,2.55,13684.0,United Kingdom
502855,72800D,S/4 BLUE DINNER CANDLE SILVER FLOCK,2,2010-03-28 14:53:00,2.55,16710.0,United Kingdom
502855,17108D,FLOWER FAIRY SUMMER BOUQUET SACHET,12,2010-03-28 14:53:00,0.42,16710.0,United Kingdom
502856,M,Manual,1,2010-03-28 15:05:00,1.65,14078.0,United Kingdom
502860,35471D,SET OF 3 BIRD LIGHT PINK FEATHER ,1,2010-03-28 15:13:00,1.25,16666.0,United Kingdom
502870,85049D,BRIGHT BLUES RIBBONS ,12,2010-03-28 16:17:00,1.25,13373.0,United Kingdom
502880,84569D,PACK 6 HEART/ICE-CREAM PATCHES,12,2010-03-29 10:37:00,1.25,17994.0,United Kingdom
502880,47591D,PINK FAIRY CAKE CHILD'S APRON,2,2010-03-29 10:37:00,1.95,17994.0,United Kingdom
502881,16161M,WRAP  PINK FLOCK,25,2010-03-29 10:38:00,0.34,17448.0,United Kingdom
502884,84849D,HOT BATHS SOAP HOLDER,12,2010-03-29 10:55:00,1.69,16019.0,United Kingdom
502891,16168M,FUNKY MONKEY GIFT BAG MEDIUM,24,2010-03-29 11:41:00,0.32,17448.0,United Kingdom
502893,47591D,PINK FAIRY CAKE CHILD'S APRON,8,2010-03-29 11:43:00,1.65,17448.0,United Kingdom
502924,47591D,PINK FAIRY CAKE CHILD'S APRON,12,2010-03-29 14:15:00,1.95,18168.0,United Kingdom
502925,85014D,PINK/BROWN DOTS RUFFLED UMBRELLA,1,2010-03-29 14:19:00,5.95,17841.0,United Kingdom
502954,90197D,AMBER GLASS BRACELET HEART CHARMS,3,2010-03-29 14:47:00,4.95,16036.0,United Kingdom
503068,84795D,SEASIDE STRIPE HAMMOCK,2,2010-03-30 10:26:00,7.95,15713.0,United Kingdom
503069,85049D,BRIGHT BLUES RIBBONS ,12,2010-03-30 10:31:00,1.25,16455.0,United Kingdom
503070,47591D,PINK FAIRY CAKE CHILD'S APRON,8,2010-03-30 10:49:00,1.95,17676.0,United Kingdom
503071,46000M,POLYESTER FILLER PAD 45x45cm,3,2010-03-30 10:55:00,1.55,14469.0,United Kingdom
503074,84849D,HOT BATHS SOAP HOLDER,12,2010-03-30 11:14:00,1.69,14461.0,United Kingdom
503074,85232D,SET/3 DECOUPAGE STACKING TINS,3,2010-03-30 11:14:00,4.95,14461.0,United Kingdom
503144,85049D,BRIGHT BLUES RIBBONS ,2,2010-03-30 12:13:00,1.25,14505.0,United Kingdom
503146,47591D,PINK FAIRY CAKE CHILD'S APRON,16,2010-03-30 12:16:00,1.95,15029.0,United Kingdom
503148,46000M,POLYESTER FILLER PAD 45x45cm,4,2010-03-30 12:17:00,1.55,15715.0,United Kingdom
503151,15044D,RED PAPER PARASOL,12,2010-03-30 12:26:00,2.55,14298.0,United Kingdom
503155,84795D,SEASIDE STRIPE HAMMOCK,2,2010-03-30 12:35:00,7.95,15981.0,United Kingdom
503156,35471D,SET OF 3 BIRD LIGHT PINK FEATHER ,1,2010-03-30 12:36:00,1.25,15862.0,United Kingdom
503156,M,Manual,1,2010-03-30 12:36:00,3.75,15862.0,United Kingdom
503159,46000M,POLYESTER FILLER PAD 45x45cm,8,2010-03-30 12:58:00,1.55,13659.0,United Kingdom
503163,84875D,BLUE SQUARE COMPACT MIRROR,24,2010-03-30 13:13:00,1.25,13694.0,United Kingdom
503163,84876D,BLUE HEART COMPACT MIRROR,24,2010-03-30 13:13:00,1.25,13694.0,United Kingdom
503183,47591D,PINK FAIRY CAKE CHILD'S APRON,30,2010-03-30 14:26:00,1.2,18102.0,United Kingdom
503184,79030D,"TUMBLER, BAROQUE",360,2010-03-30 14:28:00,0.6,18102.0,United Kingdom
503217,85232D,SET/3 DECOUPAGE STACKING TINS,1,2010-03-30 16:17:00,4.95,18002.0,United Kingdom
503220,46000M,POLYESTER FILLER PAD 45x45cm,3,2010-03-30 16:24:00,1.55,16658.0,United Kingdom
503220,M,Manual,7,2010-03-30 16:24:00,0.29,16658.0,United Kingdom
503235,84249D,FAIRY CAKE GREETINGS CARD,12,2010-03-30 17:25:00,0.42,17602.0,United Kingdom
503259,85129D,BEADED CRYSTAL HEART PINK SMALL,10,2010-03-31 11:09:00,1.25,14706.0,United Kingdom
503260,84249D,FAIRY CAKE GREETINGS CARD,12,2010-03-31 11:11:00,0.42,16393.0,United Kingdom
503330,85049D,BRIGHT BLUES RIBBONS ,4,2010-03-31 11:58:00,1.25,15013.0,United Kingdom
503332,47591D,PINK FAIRY CAKE CHILD'S APRON,8,2010-03-31 12:19:00,1.95,13802.0,United Kingdom
503336,84984D,ORIENTAL RED CUSHION COVER ,2,2010-03-31 12:23:00,4.65,13059.0,United Kingdom
503337,85049D,BRIGHT BLUES RIBBONS ,2,2010-03-31 12:28:00,1.25,15046.0,United Kingdom
503340,37492D,PURPLE GREEN FLOWER PIGGY BANK,1,2010-03-31 12:52:00,4.65,13059.0,United Kingdom
503340,85184D,S/4 BLUE ROUND DECOUPAGE BOXES,1,2010-03-31 12:52:00,2.95,13059.0,United Kingdom
503340,84705D,CHERRY BLOSSOM PHOTO FRAME ,1,2010-03-31 12:52:00,4.65,13059.0,United Kingdom
503344,M,Manual,5,2010-03-31 13:15:00,0.42,15454.0,United Kingdom
503353,84849D,HOT BATHS SOAP HOLDER,1,2010-03-31 13:39:00,1.69,15311.0,United Kingdom
503353,82613D,METAL SIGN CUPCAKE SINGLE HOOK,2,2010-03-31 13:39:00,1.25,15311.0,United Kingdom
503354,46000M,POLYESTER FILLER PAD 45x45cm,1,2010-03-31 13:40:00,1.55,15573.0,United Kingdom
503358,47591D,PINK FAIRY CAKE CHILD'S APRON,8,2010-03-31 13:42:00,1.95,15544.0,United Kingdom
503394,47591D,PINK FAIRY CAKE CHILD'S APRON,8,2010-03-31 15:22:00,1.95,13464.0,United Kingdom
503430,84706D,CHERRY BLOSSOM TABLE CLOCK ,24,2010-04-01 07:49:00,1.95,13361.0,United Kingdom
503433,POST,POSTAGE,2,2010-04-01 08:43:00,18.0,12609.0,Germany
503436,POST,POSTAGE,2,2010-04-01 09:50:00,18.0,12662.0,Germany
503438,POST,POSTAGE,1,2010-04-01 10:05:00,15.0,12417.0,Belgium
503439,POST,POSTAGE,7,2010-04-01 10:16:00,18.0,12647.0,Germany
503442,90160D,PINK BOUDICCA LARGE BRACELET,3,2010-04-01 10:33:00,6.95,18009.0,United Kingdom
503469,M,Manual,85,2010-04-01 11:55:00,0.4,15311.0,United Kingdom
503497,BANK CHARGES,Bank Charges,1,2010-04-01 12:07:00,15.0,17539.0,United Kingdom
503503,POST,POSTAGE,4,2010-04-01 12:30:00,18.0,12583.0,France
503531,POST,POSTAGE,1,2010-04-01 13:17:00,18.0,12708.0,Germany
503532,POST,POSTAGE,3,2010-04-01 13:20:00,18.0,12472.0,Germany
503547,85049D,BRIGHT BLUES RIBBONS ,1,2010-04-01 14:52:00,1.25,14049.0,United Kingdom
503575,79190D,RETRO PLASTIC DAISY TRAY,15,2010-04-01 16:35:00,0.42,15856.0,United Kingdom
503579,17090D,VANILLA INCENSE 40 CONES IN TIN,1,2010-04-01 16:40:00,1.25,15768.0,United Kingdom
503579,17107D,"FLOWER FAIRY,5 SUMMER B'DRAW LINERS",1,2010-04-01 16:40:00,2.55,15768.0,United Kingdom
503588,47591D,PINK FAIRY CAKE CHILD'S APRON,3,2010-04-01 18:03:00,1.95,14713.0,United Kingdom
503606,85049D,BRIGHT BLUES RIBBONS ,12,2010-04-06 09:56:00,1.25,17416.0,United Kingdom
503614,47591D,PINK FAIRY CAKE CHILD'S APRON,8,2010-04-06 11:17:00,1.95,14481.0,United Kingdom
503666,46000M,POLYESTER FILLER PAD 45x45cm,12,2010-04-06 11:41:00,1.55,13202.0,United Kingdom
503667,84849D,HOT BATHS SOAP HOLDER,1,2010-04-06 11:42:00,1.69,15493.0,United Kingdom
503667,17165D,ASS COL LARGE SAND FROG P'WEIGHT,4,2010-04-06 11:42:00,1.05,15493.0,United Kingdom
503706,84625D,WHITE NEWBAROQUE CANDLESTICK CANDLE,2,2010-04-06 13:54:00,2.95,14990.0,United Kingdom
503714,M,Manual,3,2010-04-06 14:42:00,0.85,13432.0,United Kingdom
503714,85184D,S/4 BLUE ROUND DECOUPAGE BOXES,1,2010-04-06 14:42:00,2.95,13432.0,United Kingdom
503773,47591D,PINK FAIRY CAKE CHILD'S APRON,3,2010-04-07 10:59:00,1.95,16400.0,United Kingdom
503775,46000M,POLYESTER FILLER PAD 45x45cm,4,2010-04-07 11:07:00,1.55,13727.0,United Kingdom
503775,90162D,ANT SILVER PURPLE BOUDICCA RING,1,2010-04-07 11:07:00,2.95,13727.0,United Kingdom
503775,90197D,AMBER GLASS BRACELET HEART CHARMS,1,2010-04-07 11:07:00,4.95,13727.0,United Kingdom
503777,85049D,BRIGHT BLUES RIBBONS ,1,2010-04-07 11:20:00,1.25,13727.0,United Kingdom
503777,46000M,POLYESTER FILLER PAD 45x45cm,1,2010-04-07 11:20:00,1.55,13727.0,United Kingdom
503782,85232D,SET/3 DECOUPAGE STACKING TINS,3,2010-04-07 11:59:00,4.95,12711.0,Germany
503782,POST,POSTAGE,3,2010-04-07 11:59:00,18.0,12711.0,Germany
503790,M,Manual,2,2010-04-07 12:45:00,1.95,13174.0,United Kingdom
503790,90202D,PINK ENAMEL FLOWER HAIR TIE,12,2010-04-07 12:45:00,2.95,13174.0,United Kingdom
503800,84968D,S/16 VINTAGE RED CUTLERY,2,2010-04-07 13:46:00,12.75,15827.0,United Kingdom
503801,M,Manual,1,2010-04-07 13:48:00,10.0,15521.0,United Kingdom
503801,M,Manual,2,2010-04-07 13:48:00,0.3,15521.0,United Kingdom
503802,72800D,S/4 BLUE DINNER CANDLE SILVER FLOCK,3,2010-04-07 13:54:00,2.55,14514.0,United Kingdom
503812,17107D,"FLOWER FAIRY,5 SUMMER B'DRAW LINERS",1,2010-04-07 14:21:00,2.55,17969.0,United Kingdom
503824,84849D,HOT BATHS SOAP HOLDER,2,2010-04-07 15:02:00,1.69,13593.0,United Kingdom
503827,84997D,PINK 3 PIECE MINI DOTS CUTLERY SET,36,2010-04-07 15:33:00,3.75,13640.0,United Kingdom
503829,85049D,BRIGHT BLUES RIBBONS ,4,2010-04-07 15:47:00,1.25,14667.0,United Kingdom
503830,46000M,POLYESTER FILLER PAD 45x45cm,1,2010-04-07 15:54:00,1.55,16454.0,United Kingdom
503832,84997D,PINK 3 PIECE MINI DOTS CUTLERY SET,6,2010-04-07 16:09:00,3.75,15738.0,United Kingdom
503838,84997D,PINK 3 PIECE MINI DOTS CUTLERY SET,6,2010-04-07 16:22:00,3.75,17738.0,United Kingdom
503852,15044D,RED PAPER PARASOL,50,2010-04-08 09:47:00,2.55,14145.0,United Kingdom
503854,POST,POSTAGE,2,2010-04-08 10:08:00,15.0,12765.0,Netherlands
503864,84997D,PINK 3 PIECE MINI DOTS CUTLERY SET,6,2010-04-08 11:11:00,3.75,16053.0,United Kingdom
503877,47591D,PINK FAIRY CAKE CHILD'S APRON,3,2010-04-08 11:50:00,1.95,15005.0,United Kingdom
503895,M,Manual,25,2010-04-08 11:59:00,0.42,13278.0,United Kingdom
503922,47591D,PINK FAIRY CAKE CHILD'S APRON,16,2010-04-08 12:54:00,1.95,17746.0,United Kingdom
503941,85071D,CHARLIE+LOLA MY ROOM DOOR SIGN,96,2010-04-08 15:04:00,0.38,13044.0,United Kingdom
503941,46000M,POLYESTER FILLER PAD 45x45cm,4,2010-04-08 15:04:00,1.55,13044.0,United Kingdom
503945,15044D,RED PAPER PARASOL,10,2010-04-08 15:30:00,2.95,13668.0,United Kingdom
503950,85049D,BRIGHT BLUES RIBBONS ,3,2010-04-08 15:40:00,1.25,17362.0,United Kingdom
503951,16161M,WRAP  PINK FLOCK,25,2010-04-08 15:41:00,0.42,15062.0,United Kingdom
503951,85185D,FROG SOCK PUPPET,6,2010-04-08 15:41:00,2.95,15062.0,United Kingdom
503954,46000M,POLYESTER FILLER PAD 45x45cm,4,2010-04-08 16:36:00,1.55,13999.0,United Kingdom
503956,79303D,LILAC FLOWER BLOCK TABLE LAMP,1,2010-04-08 16:45:00,2.95,13443.0,United Kingdom
503956,M,Manual,2,2010-04-08 16:45:00,0.42,13443.0,United Kingdom
503960,BANK CHARGES,Bank Charges,1,2010-04-08 16:50:00,15.0,12843.0,United Kingdom
503971,46000M,POLYESTER FILLER PAD 45x45cm,8,2010-04-08 17:39:00,1.55,13446.0,United Kingdom
503972,35471D,SET OF 3 BIRD LIGHT PINK FEATHER ,1,2010-04-08 17:44:00,1.25,17180.0,United Kingdom
503972,84249D,FAIRY CAKE GREETINGS CARD,12,2010-04-08 17:44:00,0.42,17180.0,United Kingdom
503985,POST,POSTAGE,15,2010-04-09 10:08:00,18.0,12468.0,Germany
503995,47591D,PINK FAIRY CAKE CHILD'S APRON,50,2010-04-09 11:15:00,1.65,13798.0,United Kingdom
504026,POST,POSTAGE,4,2010-04-09 12:12:00,15.0,12786.0,Netherlands
504094,POST,POSTAGE,2,2010-04-09 13:08:00,18.0,12681.0,France
504097,POST,POSTAGE,2,2010-04-09 14:01:00,18.0,12613.0,Germany
504119,M,Manual,12,2010-04-09 16:54:00,0.42,17609.0,United Kingdom
504119,17014D,ORIGAMI ROSE INCENSE CONES,1,2010-04-09 16:54:00,1.65,17609.0,United Kingdom
504119,17014D,ORIGAMI ROSE INCENSE CONES,2,2010-04-09 16:54:00,1.65,17609.0,United Kingdom
504120,M,Manual,1,2010-04-09 17:13:00,1.25,15889.0,United Kingdom
504122,85049D,BRIGHT BLUES RIBBONS ,7,2010-04-11 10:30:00,1.25,12916.0,United Kingdom
504125,POST,POSTAGE,1,2010-04-11 10:44:00,18.0,12500.0,Germany
504130,POST,POSTAGE,3,2010-04-11 11:14:00,40.0,13520.0,Switzerland
504140,46000M,POLYESTER FILLER PAD 45x45cm,8,2010-04-11 12:45:00,1.55,16814.0,United Kingdom
504140,84849D,HOT BATHS SOAP HOLDER,3,2010-04-11 12:45:00,1.69,16814.0,United Kingdom
504142,M,Manual,1,2010-04-11 13:01:00,3.75,13259.0,United Kingdom
504144,84997D,PINK 3 PIECE MINI DOTS CUTLERY SET,3,2010-04-11 13:09:00,3.75,17372.0,United Kingdom
504146,85049D,BRIGHT BLUES RIBBONS ,24,2010-04-11 13:10:00,1.25,12481.0,Germany
504146,16169M,WRAP DAISY CARPET ,25,2010-04-11 13:10:00,0.42,12481.0,Germany
504152,46000M,POLYESTER FILLER PAD 45x45cm,8,2010-04-11 13:49:00,1.55,17838.0,United Kingdom
504153,M,Manual,1,2010-04-11 14:11:00,1.25,17068.0,United Kingdom
504153,79302M,"ART LIGHTS,FUNK MONKEY",5,2010-04-11 14:11:00,2.95,17068.0,United Kingdom
504153,85184D,S/4 BLUE ROUND DECOUPAGE BOXES,2,2010-04-11 14:11:00,2.95,17068.0,United Kingdom
504154,46000M,POLYESTER FILLER PAD 45x45cm,6,2010-04-11 14:28:00,1.55,15443.0,United Kingdom
504155,17165D,ASS COL LARGE SAND FROG P'WEIGHT,9,2010-04-11 14:42:00,1.05,17858.0,United Kingdom
504157,85071D,CHARLIE+LOLA MY ROOM DOOR SIGN,1,2010-04-11 15:34:00,2.55,17221.0,United Kingdom
504158,47591D,PINK FAIRY CAKE CHILD'S APRON,8,2010-04-11 15:38:00,1.95,13001.0,United Kingdom
504161,84968D,S/16 VINTAGE RED CUTLERY,6,2010-04-11 15:54:00,12.75,15067.0,United Kingdom
504163,15044D,RED PAPER PARASOL,12,2010-04-11 15:59:00,2.95,14430.0,United Kingdom
504193,POST,POSTAGE,1,2010-04-12 10:10:00,306.0,12481.0,Germany
504195,84569D,PACK 6 HEART/ICE-CREAM PATCHES,12,2010-04-12 10:15:00,1.25,16126.0,United Kingdom
504204,46000M,POLYESTER FILLER PAD 45x45cm,2,2010-04-12 11:22:00,1.55,14930.0,Channel Islands
504216,M,Manual,3,2010-04-12 12:48:00,3.75,15504.0,United Kingdom
504232,M,Manual,1,2010-04-12 13:01:00,0.5,15044.0,United Kingdom
504257,84795D,SEASIDE STRIPE HAMMOCK,2,2010-04-12 13:50:00,7.95,12982.0,United Kingdom
504328,47591D,PINK FAIRY CAKE CHILD'S APRON,1,2010-04-12 15:59:00,1.95,16987.0,United Kingdom
504328,M,Manual,1,2010-04-12 15:59:00,21.95,16987.0,United Kingdom
504332,PADS,PADS TO MATCH ALL CUSHIONS,1,2010-04-12 16:30:00,0.001,12671.0,Germany
504332,46000M,POLYESTER FILLER PAD 45x45cm,24,2010-04-12 16:30:00,1.55,12671.0,Germany
504340,M,Manual,25,2010-04-12 16:50:00,0.42,13564.0,United Kingdom
504340,82613D,METAL SIGN CUPCAKE SINGLE HOOK,2,2010-04-12 16:50:00,1.25,13564.0,United Kingdom
504340,84249D,FAIRY CAKE GREETINGS CARD,24,2010-04-12 16:50:00,0.42,13564.0,United Kingdom
504341,17090D,VANILLA INCENSE 40 CONES IN TIN,6,2010-04-12 17:23:00,1.25,17048.0,United Kingdom
504373,82613D,METAL SIGN CUPCAKE SINGLE HOOK,8,2010-04-13 11:04:00,1.25,13468.0,United Kingdom
504406,35471D,SET OF 3 BIRD LIGHT PINK FEATHER ,3,2010-04-13 11:55:00,1.25,17841.0,United Kingdom
504414,POST,POSTAGE,4,2010-04-13 12:30:00,18.0,12805.0,Netherlands
504427,85049D,BRIGHT BLUES RIBBONS ,2,2010-04-13 13:21:00,1.25,14030.0,United Kingdom
504427,47591D,PINK FAIRY CAKE CHILD'S APRON,1,2010-04-13 13:21:00,1.95,14030.0,United Kingdom
504430,72800D,S/4 BLUE DINNER CANDLE SILVER FLOCK,1,2010-04-13 13:26:00,2.55,14172.0,United Kingdom
504435,85232D,SET/3 DECOUPAGE STACKING TINS,2,2010-04-13 13:31:00,4.95,14606.0,United Kingdom
504440,M,Manual,1,2010-04-13 14:02:00,0.85,13052.0,United Kingdom
504449,POST,POSTAGE,2,2010-04-13 14:53:00,28.0,12459.0,Spain
504450,47591D,PINK FAIRY CAKE CHILD'S APRON,9,2010-04-13 14:55:00,1.95,14723.0,United Kingdom
504451,46000M,POLYESTER FILLER PAD 45x45cm,24,2010-04-13 15:01:00,1.55,16709.0,United Kingdom
504454,47591D,PINK FAIRY CAKE CHILD'S APRON,2,2010-04-13 15:34:00,1.95,16809.0,United Kingdom
504475,84569D,PACK 6 HEART/ICE-CREAM PATCHES,12,2010-04-14 09:43:00,1.25,13266.0,United Kingdom
504477,POST,POSTAGE,2,2010-04-14 10:08:00,18.0,12437.0,France
504478,POST,POSTAGE,4,2010-04-14 10:13:00,18.0,12682.0,France
504519,17165D,ASS COL LARGE SAND FROG P'WEIGHT,4,2010-04-14 11:36:00,1.05,15563.0,United Kingdom
504519,84997D,PINK 3 PIECE MINI DOTS CUTLERY SET,2,2010-04-14 11:36:00,3.75,15563.0,United Kingdom
504532,POST,POSTAGE,5,2010-04-14 11:50:00,18.0,12471.0,Germany
504542,47591D,PINK FAIRY CAKE CHILD'S APRON,50,2010-04-14 12:17:00,1.65,13694.0,United Kingdom
504548,84849D,HOT BATHS SOAP HOLDER,12,2010-04-14 12:40:00,1.69,14210.0,United Kingdom
504558,47591D,PINK FAIRY CAKE CHILD'S APRON,3,2010-04-14 13:55:00,1.95,14344.0,United Kingdom
504571,47591D,PINK FAIRY CAKE CHILD'S APRON,1,2010-04-14 14:38:00,1.95,15572.0,United Kingdom
504572,84875D,BLUE SQUARE COMPACT MIRROR,1,2010-04-14 14:49:00,3.75,18057.0,United Kingdom
504572,M,Manual,1,2010-04-14 14:49:00,0.85,18057.0,United Kingdom
504572,M,Manual,36,2010-04-14 14:49:00,0.42,18057.0,United Kingdom
504572,M,Manual,3,2010-04-14 14:49:00,1.45,18057.0,United Kingdom
504572,79191D,RETRO PLASTIC DAISY TRAY,2,2010-04-14 14:49:00,0.85,18057.0,United Kingdom
504572,79190D,RETRO PLASTIC DAISY TRAY,2,2010-04-14 14:49:00,0.42,18057.0,United Kingdom
504572,85049D,BRIGHT BLUES RIBBONS ,1,2010-04-14 14:49:00,1.25,18057.0,United Kingdom
504574,85049D,BRIGHT BLUES RIBBONS ,12,2010-04-14 15:10:00,1.25,14016.0,EIRE
504581,47591D,PINK FAIRY CAKE CHILD'S APRON,8,2010-04-15 08:35:00,1.95,16631.0,United Kingdom
504585,POST,POSTAGE,2,2010-04-15 09:15:00,28.0,12540.0,Spain
504592,85232D,SET/3 DECOUPAGE STACKING TINS,3,2010-04-15 10:35:00,4.95,13433.0,United Kingdom
504594,47591D,PINK FAIRY CAKE CHILD'S APRON,3,2010-04-15 10:49:00,1.95,15910.0,United Kingdom
504618,85232D,SET/3 DECOUPAGE STACKING TINS,3,2010-04-15 11:33:00,4.95,13659.0,United Kingdom
504623,35471D,SET OF 3 BIRD LIGHT PINK FEATHER ,3,2010-04-15 12:10:00,1.25,14656.0,United Kingdom
504638,85170D,SET/6 PINK BIRD T-LIGHT CANDLES,6,2010-04-15 14:10:00,2.1,18245.0,United Kingdom
504675,90120D,WHITE MURANO TWIST BRACELET,12,2010-04-15 15:28:00,4.25,15722.0,United Kingdom
504686,M,Manual,1,2010-04-15 16:17:00,94.8,15354.0,United Kingdom
504687,M,Manual,1,2010-04-15 16:21:00,94.8,15354.0,United Kingdom
504688,M,Manual,1,2010-04-15 16:24:00,94.8,15354.0,United Kingdom
504695,84997D,PINK 3 PIECE MINI DOTS CUTLERY SET,2,2010-04-15 17:06:00,3.75,17799.0,United Kingdom
504697,POST,POSTAGE,2,2010-04-15 17:18:00,18.0,12474.0,Germany
504698,15044D,RED PAPER PARASOL,6,2010-04-15 17:24:00,2.95,13591.0,United Kingdom
504700,D,Discount,1,2010-04-15 18:08:00,57.63,17032.0,United Kingdom
504704,84569D,PACK 6 HEART/ICE-CREAM PATCHES,1,2010-04-15 19:22:00,1.25,15031.0,United Kingdom
504704,85049D,BRIGHT BLUES RIBBONS ,1,2010-04-15 19:22:00,1.25,15031.0,United Kingdom
504711,84569D,PACK 6 HEART/ICE-CREAM PATCHES,12,2010-04-16 09:57:00,1.25,12778.0,Netherlands
504711,POST,POSTAGE,2,2010-04-16 09:57:00,15.0,12778.0,Netherlands
504714,POST,POSTAGE,6,2010-04-16 10:16:00,15.0,12395.0,Belgium
504730,84997D,PINK 3 PIECE MINI DOTS CUTLERY SET,12,2010-04-16 11:21:00,3.75,14680.0,United Kingdom
504741,85049D,BRIGHT BLUES RIBBONS ,1,2010-04-16 11:33:00,1.25,15716.0,United Kingdom
504741,85049D,BRIGHT BLUES RIBBONS ,3,2010-04-16 11:33:00,1.25,15716.0,United Kingdom
504789,POST,POSTAGE,2,2010-04-16 11:59:00,18.0,13813.0,Germany
504830,84249D,FAIRY CAKE GREETINGS CARD,12,2010-04-16 13:34:00,0.42,14988.0,United Kingdom
504831,84997D,PINK 3 PIECE MINI DOTS CUTLERY SET,1,2010-04-16 13:35:00,3.75,17913.0,United Kingdom
504831,M,Manual,10,2010-04-16 13:35:00,0.42,17913.0,United Kingdom
504831,47591D,PINK FAIRY CAKE CHILD'S APRON,2,2010-04-16 13:35:00,1.95,17913.0,United Kingdom
504842,47591D,PINK FAIRY CAKE CHILD'S APRON,8,2010-04-16 15:55:00,1.95,15259.0,United Kingdom
504847,46776D,WOVEN SUNSET CUSHION COVER ,3,2010-04-16 16:51:00,4.95,17931.0,United Kingdom
504860,POST,POSTAGE,1,2010-04-18 12:04:00,15.0,12402.0,Belgium
504862,84875D,BLUE SQUARE COMPACT MIRROR,12,2010-04-18 12:07:00,1.25,17850.0,United Kingdom
504867,46000M,POLYESTER FILLER PAD 45x45cm,5,2010-04-18 12:31:00,1.55,13408.0,United Kingdom
504881,84875D,BLUE SQUARE COMPACT MIRROR,12,2010-04-18 13:00:00,1.25,17850.0,United Kingdom
504882,16161M,WRAP  PINK FLOCK,25,2010-04-18 13:12:00,0.42,14395.0,United Kingdom
504885,84795D,SEASIDE STRIPE HAMMOCK,1,2010-04-18 13:31:00,7.95,17969.0,United Kingdom
504887,84875D,BLUE SQUARE COMPACT MIRROR,12,2010-04-18 13:40:00,1.25,17850.0,United Kingdom
504890,84997D,PINK 3 PIECE MINI DOTS CUTLERY SET,2,2010-04-18 13:53:00,3.75,14415.0,United Kingdom
504890,84849D,HOT BATHS SOAP HOLDER,2,2010-04-18 13:53:00,1.69,14415.0,United Kingdom
504891,POST,POSTAGE,1,2010-04-18 14:00:00,15.0,12791.0,Netherlands
504894,84997D,PINK 3 PIECE MINI DOTS CUTLERY SET,6,2010-04-18 14:10:00,3.75,15990.0,United Kingdom
504896,47591D,PINK FAIRY CAKE CHILD'S APRON,3,2010-04-18 14:25:00,1.95,17041.0,United Kingdom
504898,84997D,PINK 3 PIECE MINI DOTS CUTLERY SET,1,2010-04-18 14:35:00,3.75,16409.0,United Kingdom
504900,84875D,BLUE SQUARE COMPACT MIRROR,12,2010-04-18 15:12:00,1.25,17850.0,United Kingdom
504901,90175D,TIGRIS EYE CHUNKY CHARM BRACELET,1,2010-04-18 15:34:00,8.95,16921.0,United Kingdom
504903,84849D,HOT BATHS SOAP HOLDER,1,2010-04-18 15:48:00,1.69,16549.0,United Kingdom
504904,17109D,FLOWER FAIRY INCENSE BOUQUET,2,2010-04-18 15:53:00,1.69,18069.0,United Kingdom
504904,84927D,LA PALMIERA TILE HOOK,1,2010-04-18 15:53:00,2.1,18069.0,United Kingdom
504906,84875D,BLUE SQUARE COMPACT MIRROR,12,2010-04-19 07:14:00,1.25,17850.0,United Kingdom
504907,84875D,BLUE SQUARE COMPACT MIRROR,12,2010-04-19 08:19:00,1.25,17850.0,United Kingdom
504910,84875D,BLUE SQUARE COMPACT MIRROR,24,2010-04-19 09:35:00,1.25,17850.0,United Kingdom
504913,85049D,BRIGHT BLUES RIBBONS ,12,2010-04-19 10:04:00,1.25,14911.0,EIRE
504922,84997D,PINK 3 PIECE MINI DOTS CUTLERY SET,6,2010-04-19 10:46:00,3.75,14952.0,United Kingdom
504934,84875D,BLUE SQUARE COMPACT MIRROR,12,2010-04-19 11:15:00,1.25,17850.0,United Kingdom
505001,84875D,BLUE SQUARE COMPACT MIRROR,12,2010-04-19 12:38:00,1.25,17850.0,United Kingdom
505002,M,Manual,2,2010-04-19 12:39:00,1.25,16905.0,United Kingdom
505011,84875D,BLUE SQUARE COMPACT MIRROR,12,2010-04-19 13:15:00,1.25,17850.0,United Kingdom
505014,84997D,PINK 3 PIECE MINI DOTS CUTLERY SET,3,2010-04-19 13:28:00,3.75,17802.0,United Kingdom
505014,85049D,BRIGHT BLUES RIBBONS ,2,2010-04-19 13:28:00,1.25,17802.0,United Kingdom
505015,84997D,PINK 3 PIECE MINI DOTS CUTLERY SET,6,2010-04-19 13:30:00,3.75,14156.0,EIRE
505017,84875D,BLUE SQUARE COMPACT MIRROR,12,2010-04-19 14:03:00,1.25,17850.0,United Kingdom
505023,35600D,PINK AND WHITE CHRISTMAS TREE 180CM,12,2010-04-19 14:14:00,2.95,12516.0,Germany
505023,35598D,PINK/WHITE CHRISTMAS TREE 60CM,24,2010-04-19 14:14:00,0.65,12516.0,Germany
505023,84932D,SMALL ORIENTAL RED FOLDING STOOL,8,2010-04-19 14:14:00,1.95,12516.0,Germany
505023,POST,POSTAGE,10,2010-04-19 14:14:00,18.0,12516.0,Germany
505024,84997D,PINK 3 PIECE MINI DOTS CUTLERY SET,4,2010-04-19 14:21:00,3.75,15005.0,United Kingdom
505052,84875D,BLUE SQUARE COMPACT MIRROR,12,2010-04-19 14:52:00,1.25,17850.0,United Kingdom
505056,84997D,PINK 3 PIECE MINI DOTS CUTLERY SET,6,2010-04-19 14:59:00,3.75,14667.0,United Kingdom
505056,84849D,HOT BATHS SOAP HOLDER,6,2010-04-19 14:59:00,1.69,14667.0,United Kingdom
505057,85049D,BRIGHT BLUES RIBBONS ,12,2010-04-19 15:20:00,1.25,17644.0,United Kingdom
505067,M,Manual,3,2010-04-19 16:48:00,0.42,14606.0,United Kingdom
505068,84875D,BLUE SQUARE COMPACT MIRROR,12,2010-04-19 16:50:00,1.25,17850.0,United Kingdom
505075,84875D,BLUE SQUARE COMPACT MIRROR,12,2010-04-20 08:44:00,1.25,17850.0,United Kingdom
505076,84875D,BLUE SQUARE COMPACT MIRROR,12,2010-04-20 09:29:00,1.25,17850.0,United Kingdom
505078,POST,POSTAGE,1,2010-04-20 09:40:00,15.0,12780.0,Netherlands
505080,84795D,SEASIDE STRIPE HAMMOCK,2,2010-04-20 09:47:00,7.95,15447.0,United Kingdom
505083,84932D,SMALL ORIENTAL RED FOLDING STOOL,8,2010-04-20 09:56:00,1.95,12623.0,Germany
505083,POST,POSTAGE,3,2010-04-20 09:56:00,18.0,12623.0,Germany
505087,84875D,BLUE SQUARE COMPACT MIRROR,12,2010-04-20 10:23:00,1.25,17850.0,United Kingdom
505142,82613D,METAL SIGN CUPCAKE SINGLE HOOK,8,2010-04-20 11:19:00,1.25,17138.0,United Kingdom
505142,84927D,LA PALMIERA TILE HOOK,6,2010-04-20 11:19:00,2.1,17138.0,United Kingdom
505144,84875D,BLUE SQUARE COMPACT MIRROR,12,2010-04-20 11:24:00,1.25,17850.0,United Kingdom
505147,84997D,PINK 3 PIECE MINI DOTS CUTLERY SET,6,2010-04-20 11:30:00,3.75,15970.0,United Kingdom
505148,84932D,SMALL ORIENTAL RED FOLDING STOOL,33,2010-04-20 11:37:00,1.95,13694.0,United Kingdom
505162,79302M,"ART LIGHTS,FUNK MONKEY",2,2010-04-20 12:13:00,2.95,14812.0,United Kingdom
505162,47591D,PINK FAIRY CAKE CHILD'S APRON,3,2010-04-20 12:13:00,1.95,14812.0,United Kingdom
505167,M,Manual,1,2010-04-20 12:46:00,1.45,17841.0,United Kingdom
505170,POST,POSTAGE,7,2010-04-20 12:49:00,18.0,12647.0,Germany
505169,84875D,BLUE SQUARE COMPACT MIRROR,12,2010-04-20 12:49:00,1.25,17850.0,United Kingdom
505171,79190D,RETRO PLASTIC DAISY TRAY,2,2010-04-20 12:51:00,0.42,16774.0,United Kingdom
505174,84875D,BLUE SQUARE COMPACT MIRROR,12,2010-04-20 13:24:00,1.25,17850.0,United Kingdom
505179,84997D,PINK 3 PIECE MINI DOTS CUTLERY SET,2,2010-04-20 13:49:00,3.75,17185.0,United Kingdom
505180,85049D,BRIGHT BLUES RIBBONS ,2,2010-04-20 13:52:00,1.25,17185.0,United Kingdom
505188,90160D,PINK BOUDICCA LARGE BRACELET,1,2010-04-20 15:03:00,6.95,15886.0,United Kingdom
505204,BANK CHARGES,Bank Charges,1,2010-04-20 16:24:00,15.0,17448.0,United Kingdom
505209,85049D,BRIGHT BLUES RIBBONS ,1,2010-04-20 17:25:00,1.25,14081.0,United Kingdom
505227,M,Manual,1,2010-04-21 10:33:00,874.84,12482.0,Sweden
505229,M,Manual,1,2010-04-21 10:34:00,874.84,12482.0,Sweden
505233,46000M,POLYESTER FILLER PAD 45x45cm,10,2010-04-21 10:46:00,1.55,17377.0,United Kingdom
505236,85049D,BRIGHT BLUES RIBBONS ,12,2010-04-21 10:58:00,1.25,12391.0,Cyprus
505297,POST,POSTAGE,2,2010-04-21 11:51:00,18.0,12530.0,Germany
505314,47591D,PINK FAIRY CAKE CHILD'S APRON,8,2010-04-21 12:02:00,1.95,12681.0,France
505314,POST,POSTAGE,6,2010-04-21 12:02:00,18.0,12681.0,France
505316,47591D,PINK FAIRY CAKE CHILD'S APRON,2,2010-04-21 12:06:00,1.95,16231.0,United Kingdom
505317,47591D,PINK FAIRY CAKE CHILD'S APRON,8,2010-04-21 12:22:00,1.95,12588.0,Finland
505317,POST,POSTAGE,2,2010-04-21 12:22:00,40.0,12588.0,Finland
505328,84795D,SEASIDE STRIPE HAMMOCK,1,2010-04-21 12:30:00,7.95,14527.0,United Kingdom
505332,84997D,PINK 3 PIECE MINI DOTS CUTLERY SET,2,2010-04-21 12:43:00,3.75,15719.0,United Kingdom
505335,84997D,PINK 3 PIECE MINI DOTS CUTLERY SET,24,2010-04-21 13:00:00,3.75,12709.0,Germany
505336,85049D,BRIGHT BLUES RIBBONS ,12,2010-04-21 13:11:00,1.25,17644.0,United Kingdom
505337,84997D,PINK 3 PIECE MINI DOTS CUTLERY SET,6,2010-04-21 13:14:00,3.75,12631.0,Finland
505340,16168M,FUNKY MONKEY GIFT BAG MEDIUM,24,2010-04-21 13:20:00,0.32,17448.0,United Kingdom
505349,84997D,PINK 3 PIECE MINI DOTS CUTLERY SET,2,2010-04-21 14:05:00,3.75,15580.0,United Kingdom
505356,15044D,RED PAPER PARASOL,1,2010-04-21 15:08:00,2.95,15570.0,United Kingdom
505356,15044D,RED PAPER PARASOL,2,2010-04-21 15:08:00,2.95,15570.0,United Kingdom
505356,84795D,SEASIDE STRIPE HAMMOCK,1,2010-04-21 15:08:00,7.95,15570.0,United Kingdom
505358,46000M,POLYESTER FILLER PAD 45x45cm,20,2010-04-21 15:24:00,1.55,14605.0,United Kingdom
505358,79172D,PURPLE TINT ACRYLIC FLOWER VASE,3,2010-04-21 15:24:00,0.85,14605.0,United Kingdom
505363,84927D,LA PALMIERA TILE HOOK,6,2010-04-21 15:42:00,2.1,17865.0,United Kingdom
505363,37492D,PURPLE GREEN FLOWER PIGGY BANK,4,2010-04-21 15:42:00,4.65,17865.0,United Kingdom
505367,47591D,PINK FAIRY CAKE CHILD'S APRON,8,2010-04-21 16:20:00,1.95,13963.0,United Kingdom
505381,84997D,PINK 3 PIECE MINI DOTS CUTLERY SET,72,2010-04-22 08:38:00,3.39,14646.0,Netherlands
505393,POST,POSTAGE,3,2010-04-22 09:41:00,15.0,14646.0,Netherlands
505399,84997D,PINK 3 PIECE MINI DOTS CUTLERY SET,6,2010-04-22 10:11:00,3.75,18188.0,United Kingdom
505409,POST,POSTAGE,1,2010-04-22 10:24:00,18.0,12504.0,Germany
505447,47591D,PINK FAIRY CAKE CHILD'S APRON,2,2010-04-22 11:14:00,1.95,14680.0,United Kingdom
505453,POST,POSTAGE,5,2010-04-22 11:33:00,18.0,12625.0,Germany
505462,84997D,PINK 3 PIECE MINI DOTS CUTLERY SET,6,2010-04-22 11:51:00,3.75,15622.0,United Kingdom
505466,15044D,RED PAPER PARASOL,12,2010-04-22 11:59:00,2.95,14000.0,United Kingdom
505469,84997D,PINK 3 PIECE MINI DOTS CUTLERY SET,40,2010-04-22 12:09:00,3.75,17083.0,United Kingdom
505481,72800D,S/4 BLUE DINNER CANDLE SILVER FLOCK,18,2010-04-22 12:34:00,2.55,13346.0,United Kingdom
505498,46000M,POLYESTER FILLER PAD 45x45cm,6,2010-04-22 13:29:00,1.55,14209.0,United Kingdom
505547,84997D,PINK 3 PIECE MINI DOTS CUTLERY SET,6,2010-04-22 18:41:00,3.75,12406.0,Denmark
505549,M,Manual,7,2010-04-22 19:21:00,0.85,17057.0,United Kingdom
505549,17109D,FLOWER FAIRY INCENSE BOUQUET,2,2010-04-22 19:21:00,1.69,17057.0,United Kingdom
505555,POST,POSTAGE,2,2010-04-23 09:57:00,15.0,12672.0,France
505558,84997D,PINK 3 PIECE MINI DOTS CUTLERY SET,12,2010-04-23 10:07:00,3.75,12921.0,United Kingdom
505571,85184D,S/4 BLUE ROUND DECOUPAGE BOXES,1,2010-04-23 11:28:00,2.95,16661.0,United Kingdom
505571,85232D,SET/3 DECOUPAGE STACKING TINS,1,2010-04-23 11:28:00,4.95,16661.0,United Kingdom
505588,79030D,"TUMBLER, BAROQUE",14,2010-04-23 12:20:00,1.65,15548.0,United Kingdom
505615,M,Manual,3,2010-04-23 12:49:00,2.95,15288.0,United Kingdom
505636,47591D,PINK FAIRY CAKE CHILD'S APRON,8,2010-04-23 13:23:00,1.95,14755.0,United Kingdom
505637,16169M,WRAP DAISY CARPET ,25,2010-04-23 13:26:00,0.42,15179.0,United Kingdom
505657,82613D,METAL SIGN CUPCAKE SINGLE HOOK,8,2010-04-23 14:38:00,1.25,13126.0,United Kingdom
505669,POST,POSTAGE,2,2010-04-23 14:45:00,40.0,12483.0,Sweden
505676,84997D,PINK 3 PIECE MINI DOTS CUTLERY SET,6,2010-04-23 15:13:00,3.75,14541.0,United Kingdom
505685,84924D,LA PALMIERA METAL SIGN CALENDAR,2,2010-04-23 16:25:00,3.75,16538.0,United Kingdom
505701,79302M,"ART LIGHTS,FUNK MONKEY",1,2010-04-25 11:31:00,2.95,16868.0,United Kingdom
505702,15044D,RED PAPER PARASOL,2,2010-04-25 11:43:00,2.95,14549.0,United Kingdom
505707,47591D,PINK FAIRY CAKE CHILD'S APRON,8,2010-04-25 12:11:00,1.95,14156.0,EIRE
505708,85130D,BEADED CRYSTAL HEART PINK LARGE,2,2010-04-25 12:15:00,1.65,13782.0,United Kingdom
505709,82613D,METAL SIGN CUPCAKE SINGLE HOOK,2,2010-04-25 12:34:00,1.25,13050.0,United Kingdom
505709,M,Manual,1,2010-04-25 12:34:00,2.95,13050.0,United Kingdom
505709,47591D,PINK FAIRY CAKE CHILD'S APRON,1,2010-04-25 12:34:00,1.95,13050.0,United Kingdom
505709,84569D,PACK 6 HEART/ICE-CREAM PATCHES,3,2010-04-25 12:34:00,1.25,13050.0,United Kingdom
505709,M,Manual,25,2010-04-25 12:34:00,0.42,13050.0,United Kingdom
505710,POST,POSTAGE,4,2010-04-25 12:36:00,18.0,12474.0,Germany
505716,16161M,WRAP  PINK FLOCK,50,2010-04-25 13:18:00,0.42,18091.0,United Kingdom
505718,46775D,SUNSET COLOUR CHUNKY KNITTED THROW,1,2010-04-25 13:26:00,16.95,13609.0,United Kingdom
505719,90185D,CRYSTAL DIAMANTE EXPANDABLE RING,2,2010-04-25 13:28:00,4.25,17550.0,United Kingdom
505719,90002D,FLOWER BURST SILVER RING CRYSTAL,2,2010-04-25 13:28:00,3.75,17550.0,United Kingdom
505721,72799D,BLUE PILLAR CANDLE SILVER FLOCK,2,2010-04-25 13:40:00,2.95,15055.0,United Kingdom
505724,90185D,CRYSTAL DIAMANTE EXPANDABLE RING,2,2010-04-25 13:49:00,4.25,17550.0,United Kingdom
505724,90002D,FLOWER BURST SILVER RING CRYSTAL,2,2010-04-25 13:49:00,3.75,17550.0,United Kingdom
505725,85130D,BEADED CRYSTAL HEART PINK LARGE,1,2010-04-25 13:55:00,1.65,14606.0,United Kingdom
505725,47591D,PINK FAIRY CAKE CHILD'S APRON,2,2010-04-25 13:55:00,1.95,14606.0,United Kingdom
505729,15044D,RED PAPER PARASOL,6,2010-04-25 14:19:00,2.95,12877.0,United Kingdom
505741,84926D,LA PALMIERA TILE COASTER,10,2010-04-25 15:56:00,1.25,16984.0,United Kingdom
505787,46000M,POLYESTER FILLER PAD 45x45cm,3,2010-04-26 10:57:00,1.55,16814.0,United Kingdom
505789,15044D,RED PAPER PARASOL,6,2010-04-26 11:00:00,2.95,15586.0,United Kingdom
505791,84997D,PINK 3 PIECE MINI DOTS CUTLERY SET,3,2010-04-26 11:07:00,3.75,16335.0,United Kingdom
505791,85049D,BRIGHT BLUES RIBBONS ,1,2010-04-26 11:07:00,1.25,16335.0,United Kingdom
505806,M,Manual,1,2010-04-26 11:16:00,371.85,14911.0,EIRE
505851,POST,POSTAGE,3,2010-04-26 12:34:00,18.0,12472.0,Germany
505854,M,Manual,36,2010-04-26 12:51:00,0.42,14563.0,United Kingdom
505854,17109D,FLOWER FAIRY INCENSE BOUQUET,1,2010-04-26 12:51:00,1.69,14563.0,United Kingdom
505854,47591D,PINK FAIRY CAKE CHILD'S APRON,1,2010-04-26 12:51:00,1.95,14563.0,United Kingdom
505854,37492D,PURPLE GREEN FLOWER PIGGY BANK,1,2010-04-26 12:51:00,4.65,14563.0,United Kingdom
505882,84997D,PINK 3 PIECE MINI DOTS CUTLERY SET,2,2010-04-26 13:44:00,3.75,14552.0,United Kingdom
505882,47591D,PINK FAIRY CAKE CHILD'S APRON,1,2010-04-26 13:44:00,1.95,14552.0,United Kingdom
505883,POST,POSTAGE,6,2010-04-26 13:53:00,18.0,12471.0,Germany
505884,15044D,RED PAPER PARASOL,6,2010-04-26 13:54:00,2.95,14911.0,EIRE
505916,16161M,WRAP  PINK FLOCK,25,2010-04-26 14:47:00,0.42,15867.0,United Kingdom
505916,84795D,SEASIDE STRIPE HAMMOCK,1,2010-04-26 14:47:00,7.95,15867.0,United Kingdom
505962,35471D,SET OF 3 BIRD LIGHT PINK FEATHER ,1,2010-04-26 15:17:00,1.25,17841.0,United Kingdom
505963,37492D,PURPLE GREEN FLOWER PIGGY BANK,11,2010-04-26 15:20:00,1.65,14401.0,United Kingdom
505965,46000M,POLYESTER FILLER PAD 45x45cm,1,2010-04-26 15:43:00,1.55,16242.0,United Kingdom
505965,82613D,METAL SIGN CUPCAKE SINGLE HOOK,2,2010-04-26 15:43:00,1.25,16242.0,United Kingdom
505966,90200D,PINK SWEETHEART BRACELET,10,2010-04-26 16:16:00,4.25,18009.0,United Kingdom
505966,90161D,ANT COPPER PINK BOUDICCA BRACELET,10,2010-04-26 16:16:00,4.95,18009.0,United Kingdom
505966,90160D,PINK BOUDICCA LARGE BRACELET,10,2010-04-26 16:16:00,6.95,18009.0,United Kingdom
505969,85130D,BEADED CRYSTAL HEART PINK LARGE,1,2010-04-26 16:36:00,1.65,17231.0,United Kingdom
505969,85129D,BEADED CRYSTAL HEART PINK SMALL,2,2010-04-26 16:36:00,1.25,17231.0,United Kingdom
505970,POST,POSTAGE,2,2010-04-26 16:49:00,18.0,12712.0,Germany
505976,46000M,POLYESTER FILLER PAD 45x45cm,4,2010-04-27 08:58:00,1.55,14625.0,United Kingdom
505984,84997D,PINK 3 PIECE MINI DOTS CUTLERY SET,72,2010-04-27 09:35:00,2.29,18102.0,United Kingdom
505996,85049D,BRIGHT BLUES RIBBONS ,2,2010-04-27 10:48:00,1.25,17348.0,United Kingdom
505999,17165D,ASS COL LARGE SAND FROG P'WEIGHT,9,2010-04-27 10:54:00,1.05,14837.0,United Kingdom
506025,72225D,VANILLA SCENT CAKE CANDLE ,48,2010-04-27 11:38:00,0.29,16543.0,United Kingdom
506029,84997D,PINK 3 PIECE MINI DOTS CUTLERY SET,24,2010-04-27 11:40:00,3.75,16550.0,United Kingdom
506047,46000M,POLYESTER FILLER PAD 45x45cm,6,2010-04-27 11:48:00,1.55,16782.0,United Kingdom
506055,46000M,POLYESTER FILLER PAD 45x45cm,4,2010-04-27 11:50:00,1.55,16117.0,United Kingdom
506070,16169M,WRAP DAISY CARPET ,25,2010-04-27 11:54:00,0.42,17139.0,United Kingdom
506080,M,Manual,25,2010-04-27 11:58:00,0.42,17332.0,United Kingdom
506091,15044D,RED PAPER PARASOL,3,2010-04-27 12:12:00,2.95,15402.0,United Kingdom
506092,84997D,PINK 3 PIECE MINI DOTS CUTLERY SET,3,2010-04-27 12:15:00,3.75,17185.0,United Kingdom
506099,M,Manual,1,2010-04-27 12:46:00,1.65,17991.0,United Kingdom
506100,84849D,HOT BATHS SOAP HOLDER,12,2010-04-27 13:06:00,1.69,16749.0,United Kingdom
506100,15044D,RED PAPER PARASOL,4,2010-04-27 13:06:00,2.95,16749.0,United Kingdom
506108,84997D,PINK 3 PIECE MINI DOTS CUTLERY SET,6,2010-04-27 13:35:00,3.75,17063.0,United Kingdom
506108,47591D,PINK FAIRY CAKE CHILD'S APRON,8,2010-04-27 13:35:00,1.95,17063.0,United Kingdom
506111,M,Manual,2,2010-04-27 13:44:00,2.95,12849.0,United Kingdom
506111,M,Manual,1,2010-04-27 13:44:00,2.95,12849.0,United Kingdom
506114,84849D,HOT BATHS SOAP HOLDER,12,2010-04-27 13:48:00,1.69,13001.0,United Kingdom
506114,47591D,PINK FAIRY CAKE CHILD'S APRON,8,2010-04-27 13:48:00,1.95,13001.0,United Kingdom
506117,47591D,PINK FAIRY CAKE CHILD'S APRON,2,2010-04-27 14:08:00,1.95,16408.0,United Kingdom
506122,47591D,PINK FAIRY CAKE CHILD'S APRON,4,2010-04-27 14:11:00,1.95,13048.0,United Kingdom
506140,79190D,RETRO PLASTIC DAISY TRAY,15,2010-04-27 16:15:00,0.42,15856.0,United Kingdom
506154,84997D,PINK 3 PIECE MINI DOTS CUTLERY SET,3,2010-04-27 17:12:00,3.75,14471.0,United Kingdom
506162,84795D,SEASIDE STRIPE HAMMOCK,4,2010-04-28 09:15:00,7.95,13081.0,United Kingdom
506162,84997D,PINK 3 PIECE MINI DOTS CUTLERY SET,6,2010-04-28 09:15:00,3.75,13081.0,United Kingdom
506170,46000M,POLYESTER FILLER PAD 45x45cm,8,2010-04-28 10:04:00,1.55,14237.0,United Kingdom
506176,47310M,"SMALL POP BOX,FUNKY MONKEY",6,2010-04-28 10:51:00,1.25,17635.0,United Kingdom
506223,35471D,SET OF 3 BIRD LIGHT PINK FEATHER ,2,2010-04-28 11:54:00,1.25,16461.0,United Kingdom
506228,72800D,S/4 BLUE DINNER CANDLE SILVER FLOCK,12,2010-04-28 12:15:00,2.55,13775.0,United Kingdom
506228,72799D,BLUE PILLAR CANDLE SILVER FLOCK,6,2010-04-28 12:15:00,2.95,13775.0,United Kingdom
506229,79302M,"ART LIGHTS,FUNK MONKEY",60,2010-04-28 12:24:00,2.55,18273.0,United Kingdom
506244,84849D,HOT BATHS SOAP HOLDER,12,2010-04-28 13:18:00,1.69,14194.0,United Kingdom
506244,85184D,S/4 BLUE ROUND DECOUPAGE BOXES,6,2010-04-28 13:18:00,2.95,14194.0,United Kingdom
506247,M,Manual,2,2010-04-28 13:24:00,0.21,18049.0,United Kingdom
506249,POST,POSTAGE,6,2010-04-28 13:26:00,15.0,12876.0,Belgium
506248,85049D,BRIGHT BLUES RIBBONS ,2,2010-04-28 13:26:00,1.25,14724.0,United Kingdom
506250,84997D,PINK 3 PIECE MINI DOTS CUTLERY SET,3,2010-04-28 13:34:00,3.75,16327.0,United Kingdom
506250,15044D,RED PAPER PARASOL,2,2010-04-28 13:34:00,2.95,16327.0,United Kingdom
506253,47591D,PINK FAIRY CAKE CHILD'S APRON,1,2010-04-28 13:53:00,1.95,17346.0,United Kingdom
506253,M,Manual,1,2010-04-28 13:53:00,2.95,17346.0,United Kingdom
506254,84997D,PINK 3 PIECE MINI DOTS CUTLERY SET,12,2010-04-28 13:59:00,3.75,12714.0,France
506254,85232D,SET/3 DECOUPAGE STACKING TINS,3,2010-04-28 13:59:00,4.95,12714.0,France
506254,POST,POSTAGE,6,2010-04-28 13:59:00,18.0,12714.0,France
506260,47591D,PINK FAIRY CAKE CHILD'S APRON,8,2010-04-28 14:34:00,1.95,12717.0,Greece
506260,POST,POSTAGE,1,2010-04-28 14:34:00,50.0,12717.0,Greece
506267,POST,POSTAGE,2,2010-04-28 14:59:00,18.0,12695.0,France
506276,84997D,PINK 3 PIECE MINI DOTS CUTLERY SET,6,2010-04-28 15:39:00,3.75,17581.0,United Kingdom
506276,85049D,BRIGHT BLUES RIBBONS ,12,2010-04-28 15:39:00,1.25,17581.0,United Kingdom
506278,POST,POSTAGE,3,2010-04-28 15:51:00,18.0,12698.0,Germany
506281,84849D,HOT BATHS SOAP HOLDER,5,2010-04-28 16:17:00,1.69,14395.0,United Kingdom
506283,47591D,PINK FAIRY CAKE CHILD'S APRON,8,2010-04-28 16:26:00,1.95,14422.0,United Kingdom
506285,M,Manual,3,2010-04-28 16:49:00,1.45,16767.0,United Kingdom
506289,47591D,PINK FAIRY CAKE CHILD'S APRON,8,2010-04-29 09:11:00,1.95,13758.0,United Kingdom
506294,46000M,POLYESTER FILLER PAD 45x45cm,6,2010-04-29 10:11:00,1.55,17377.0,United Kingdom
506294,84249D,FAIRY CAKE GREETINGS CARD,12,2010-04-29 10:11:00,0.42,17377.0,United Kingdom
506303,PADS,PADS TO MATCH ALL CUSHIONS,1,2010-04-29 10:43:00,0.001,14249.0,United Kingdom
506303,46000M,POLYESTER FILLER PAD 45x45cm,4,2010-04-29 10:43:00,1.55,14249.0,United Kingdom
506308,47591D,PINK FAIRY CAKE CHILD'S APRON,8,2010-04-29 10:54:00,1.95,14911.0,EIRE
506344,84795D,SEASIDE STRIPE HAMMOCK,4,2010-04-29 11:48:00,7.95,17730.0,United Kingdom
506361,47591D,PINK FAIRY CAKE CHILD'S APRON,8,2010-04-29 12:04:00,1.95,14961.0,United Kingdom
506378,85185D,FROG SOCK PUPPET,6,2010-04-29 12:17:00,2.95,14824.0,United Kingdom
506378,47591D,PINK FAIRY CAKE CHILD'S APRON,16,2010-04-29 12:17:00,1.95,14824.0,United Kingdom
506384,84997D,PINK 3 PIECE MINI DOTS CUTLERY SET,17,2010-04-29 12:37:00,3.75,14680.0,United Kingdom
506388,85049D,BRIGHT BLUES RIBBONS ,1,2010-04-29 12:51:00,1.25,16383.0,United Kingdom
506388,85049D,BRIGHT BLUES RIBBONS ,4,2010-04-29 12:51:00,1.25,16383.0,United Kingdom
506388,46000M,POLYESTER FILLER PAD 45x45cm,6,2010-04-29 12:51:00,1.55,16383.0,United Kingdom
506388,84997D,PINK 3 PIECE MINI DOTS CUTLERY SET,2,2010-04-29 12:51:00,3.75,16383.0,United Kingdom
506388,47591D,PINK FAIRY CAKE CHILD'S APRON,4,2010-04-29 12:51:00,1.95,16383.0,United Kingdom
506400,M,Manual,1,2010-04-29 13:35:00,2.95,15954.0,United Kingdom
506410,47591D,PINK FAIRY CAKE CHILD'S APRON,8,2010-04-29 13:54:00,1.95,12863.0,United Kingdom
506413,47591D,PINK FAIRY CAKE CHILD'S APRON,8,2010-04-29 14:16:00,1.95,14292.0,United Kingdom
506433,84997D,PINK 3 PIECE MINI DOTS CUTLERY SET,6,2010-04-29 15:32:00,3.75,18141.0,United Kingdom
506434,M,Manual,2,2010-04-29 15:34:00,5.0,13173.0,United Kingdom
506443,85185D,FROG SOCK PUPPET,6,2010-04-29 16:45:00,2.95,14282.0,United Kingdom
506448,90024D,NEW BAROQUE B'FLY NECKLACE PINK,1,2010-04-29 17:57:00,8.5,17463.0,United Kingdom
506448,72801D,S/4 SKY BLUE DINNER CANDLES,2,2010-04-29 17:57:00,1.25,17463.0,United Kingdom
506451,72801D,S/4 SKY BLUE DINNER CANDLES,5,2010-04-29 18:18:00,1.25,13077.0,United Kingdom
506456,85049D,BRIGHT BLUES RIBBONS ,2,2010-04-29 19:08:00,1.25,15015.0,United Kingdom
506456,M,Manual,25,2010-04-29 19:08:00,0.42,15015.0,United Kingdom
506456,84849D,HOT BATHS SOAP HOLDER,2,2010-04-29 19:08:00,1.69,15015.0,United Kingdom
506459,47591D,PINK FAIRY CAKE CHILD'S APRON,8,2010-04-29 19:36:00,1.95,12915.0,United Kingdom
506460,47591D,PINK FAIRY CAKE CHILD'S APRON,4,2010-04-29 20:04:00,1.95,15861.0,United Kingdom
506460,M,Manual,3,2010-04-29 20:04:00,1.45,15861.0,United Kingdom
506460,79190D,RETRO PLASTIC DAISY TRAY,4,2010-04-29 20:04:00,0.42,15861.0,United Kingdom
506460,79191D,RETRO PLASTIC DAISY TRAY,3,2010-04-29 20:04:00,0.85,15861.0,United Kingdom
506460,84849D,HOT BATHS SOAP HOLDER,6,2010-04-29 20:04:00,1.69,15861.0,United Kingdom
506460,84559D,3D SHEET OF SEA WORLD STICKERS,3,2010-04-29 20:04:00,0.85,15861.0,United Kingdom
506487,POST,POSTAGE,1,2010-04-30 10:44:00,285.0,12806.0,Netherlands
506555,84997D,PINK 3 PIECE MINI DOTS CUTLERY SET,6,2010-04-30 11:25:00,3.75,17677.0,United Kingdom
506556,17109D,FLOWER FAIRY INCENSE BOUQUET,1,2010-04-30 11:28:00,1.69,14994.0,United Kingdom
506566,M,Manual,3,2010-04-30 12:46:00,0.42,14648.0,United Kingdom
506566,84249D,FAIRY CAKE GREETINGS CARD,5,2010-04-30 12:46:00,0.42,14648.0,United Kingdom
506572,M,Manual,2,2010-04-30 13:10:00,2.95,16374.0,United Kingdom
506578,POST,POSTAGE,4,2010-04-30 13:52:00,18.0,12708.0,Germany
506579,84997D,PINK 3 PIECE MINI DOTS CUTLERY SET,18,2010-04-30 14:01:00,3.75,12374.0,Austria
506604,46000M,POLYESTER FILLER PAD 45x45cm,24,2010-04-30 15:23:00,1.55,13317.0,United Kingdom
506675,16168M,FUNKY MONKEY GIFT BAG MEDIUM,12,2010-05-02 10:24:00,0.42,17243.0,United Kingdom
506682,84997D,PINK 3 PIECE MINI DOTS CUTLERY SET,6,2010-05-02 11:17:00,3.75,15253.0,United Kingdom
506682,85049D,BRIGHT BLUES RIBBONS ,12,2010-05-02 11:17:00,1.25,15253.0,United Kingdom
506694,47591D,PINK FAIRY CAKE CHILD'S APRON,16,2010-05-02 12:31:00,1.95,15732.0,United Kingdom
506696,84795D,SEASIDE STRIPE HAMMOCK,2,2010-05-02 13:24:00,7.95,16119.0,United Kingdom
506700,47591D,PINK FAIRY CAKE CHILD'S APRON,8,2010-05-02 13:46:00,1.95,13136.0,United Kingdom
506700,84997D,PINK 3 PIECE MINI DOTS CUTLERY SET,6,2010-05-02 13:46:00,3.75,13136.0,United Kingdom
506712,POST,POSTAGE,2,2010-05-02 15:32:00,18.0,12662.0,Germany
506713,POST,POSTAGE,1,2010-05-02 15:33:00,15.0,12765.0,Netherlands
506717,POST,POSTAGE,3,2010-05-04 08:51:00,28.0,12540.0,Spain
506721,POST,POSTAGE,3,2010-05-04 09:23:00,28.0,12507.0,Spain
506729,46000M,POLYESTER FILLER PAD 45x45cm,4,2010-05-04 10:06:00,1.55,13842.0,United Kingdom
506730,90210D,PURPLE ACRYLIC FACETED BANGLE,6,2010-05-04 10:10:00,2.95,14911.0,EIRE
506730,90001D,ANTIQUE OLIVE GREEN FLOWER EARRINGS,2,2010-05-04 10:10:00,4.25,14911.0,EIRE
506730,90013D,PURPLE VINTAGE EARRINGS,4,2010-05-04 10:10:00,3.75,14911.0,EIRE
506730,90201D,GREEN ENAMEL FLOWER RING,6,2010-05-04 10:10:00,2.95,14911.0,EIRE
506740,M,Manual,1,2010-05-04 10:31:00,269.34,14911.0,EIRE
506741,84795D,SEASIDE STRIPE HAMMOCK,12,2010-05-04 10:43:00,6.95,15311.0,United Kingdom
506754,85184D,S/4 BLUE ROUND DECOUPAGE BOXES,6,2010-05-04 11:51:00,2.95,14110.0,United Kingdom
506831,84625D,WHITE NEWBAROQUE CANDLESTICK CANDLE,24,2010-05-04 13:31:00,0.85,16145.0,United Kingdom
506840,84706D,CHERRY BLOSSOM TABLE CLOCK ,2,2010-05-04 13:59:00,8.95,12725.0,Italy
506839,POST,POSTAGE,1,2010-05-04 13:59:00,230.0,12503.0,Spain
506842,85049D,BRIGHT BLUES RIBBONS ,2,2010-05-04 14:07:00,1.25,16938.0,United Kingdom
506843,46000M,POLYESTER FILLER PAD 45x45cm,3,2010-05-04 14:12:00,1.55,15122.0,United Kingdom
506876,46000M,POLYESTER FILLER PAD 45x45cm,5,2010-05-04 16:34:00,1.55,16526.0,United Kingdom
506900,84997D,PINK 3 PIECE MINI DOTS CUTLERY SET,6,2010-05-05 09:43:00,3.75,14175.0,United Kingdom
506907,POST,POSTAGE,2,2010-05-05 10:39:00,18.0,12649.0,Germany
506947,M,Manual,12,2010-05-05 11:16:00,0.42,17377.0,United Kingdom
506958,47591D,PINK FAIRY CAKE CHILD'S APRON,4,2010-05-05 11:54:00,1.95,14878.0,United Kingdom
506961,84997D,PINK 3 PIECE MINI DOTS CUTLERY SET,6,2010-05-05 12:20:00,3.75,14437.0,United Kingdom
506963,47591D,PINK FAIRY CAKE CHILD'S APRON,8,2010-05-05 12:30:00,1.95,15306.0,United Kingdom
506984,15044D,RED PAPER PARASOL,6,2010-05-05 13:22:00,2.95,13512.0,United Kingdom
506986,90129D,AMBER GLASS TASSLE BAG CHARM,12,2010-05-05 13:28:00,2.95,18028.0,United Kingdom
506992,82613D,METAL SIGN CUPCAKE SINGLE HOOK,3,2010-05-05 13:50:00,1.25,15023.0,United Kingdom
507000,47591D,PINK FAIRY CAKE CHILD'S APRON,8,2010-05-05 14:09:00,1.95,16746.0,United Kingdom
507001,16168M,FUNKY MONKEY GIFT BAG MEDIUM,24,2010-05-05 14:11:00,0.42,15868.0,United Kingdom
507020,15044D,RED PAPER PARASOL,1,2010-05-05 14:34:00,2.95,17345.0,United Kingdom
507028,85049D,BRIGHT BLUES RIBBONS ,6,2010-05-05 14:51:00,1.25,15704.0,United Kingdom
507028,82613D,METAL SIGN CUPCAKE SINGLE HOOK,8,2010-05-05 14:51:00,1.25,15704.0,United Kingdom
507029,72801D,S/4 SKY BLUE DINNER CANDLES,12,2010-05-05 14:52:00,1.25,16556.0,United Kingdom
507034,15044D,RED PAPER PARASOL,6,2010-05-05 15:09:00,2.95,13089.0,United Kingdom
507039,84795D,SEASIDE STRIPE HAMMOCK,1,2010-05-05 16:22:00,7.95,12958.0,United Kingdom
507042,17165D,ASS COL LARGE SAND FROG P'WEIGHT,3,2010-05-05 16:48:00,1.05,13713.0,United Kingdom
507051,POST,POSTAGE,2,2010-05-06 09:09:00,18.0,12583.0,France
507058,POST,POSTAGE,2,2010-05-06 10:04:00,18.0,12567.0,France
507060,M,Manual,1,2010-05-06 10:08:00,662.25,12422.0,Australia
507061,M,Manual,1,2010-05-06 10:09:00,396.2,12422.0,Australia
507064,47591D,PINK FAIRY CAKE CHILD'S APRON,8,2010-05-06 10:30:00,1.95,14911.0,EIRE
507064,85184D,S/4 BLUE ROUND DECOUPAGE BOXES,6,2010-05-06 10:30:00,2.95,14911.0,EIRE
507064,85232D,SET/3 DECOUPAGE STACKING TINS,3,2010-05-06 10:30:00,4.95,14911.0,EIRE
507115,84849D,HOT BATHS SOAP HOLDER,12,2010-05-06 11:25:00,1.69,13183.0,United Kingdom
507120,84795D,SEASIDE STRIPE HAMMOCK,2,2010-05-06 11:44:00,7.95,12972.0,United Kingdom
507121,85049D,BRIGHT BLUES RIBBONS ,2,2010-05-06 11:49:00,1.25,13772.0,United Kingdom
507122,84997D,PINK 3 PIECE MINI DOTS CUTLERY SET,42,2010-05-06 11:50:00,3.75,12678.0,France
507122,47591D,PINK FAIRY CAKE CHILD'S APRON,24,2010-05-06 11:50:00,1.95,12678.0,France
507130,POST,POSTAGE,5,2010-05-06 12:23:00,18.0,12523.0,France
507133,84795D,SEASIDE STRIPE HAMMOCK,1,2010-05-06 12:29:00,7.95,14461.0,United Kingdom
507151,84997D,PINK 3 PIECE MINI DOTS CUTLERY SET,24,2010-05-06 13:19:00,3.75,17242.0,United Kingdom
507152,47591D,PINK FAIRY CAKE CHILD'S APRON,8,2010-05-06 13:21:00,1.95,17739.0,United Kingdom
507153,47591D,PINK FAIRY CAKE CHILD'S APRON,8,2010-05-06 13:28:00,1.95,16366.0,United Kingdom
507156,POST,POSTAGE,3,2010-05-06 13:41:00,18.0,12682.0,France
507157,46000M,POLYESTER FILLER PAD 45x45cm,7,2010-05-06 13:44:00,1.55,16814.0,United Kingdom
507158,POST,POSTAGE,4,2010-05-06 13:45:00,18.0,12621.0,Germany
507158,15044D,RED PAPER PARASOL,6,2010-05-06 13:45:00,2.95,12621.0,Germany
507166,46775D,SUNSET COLOUR CHUNKY KNITTED THROW,1,2010-05-06 14:25:00,16.95,13024.0,United Kingdom
507176,84997D,PINK 3 PIECE MINI DOTS CUTLERY SET,6,2010-05-06 15:05:00,3.75,17069.0,United Kingdom
507178,84997D,PINK 3 PIECE MINI DOTS CUTLERY SET,72,2010-05-06 15:17:00,3.39,14646.0,Netherlands
507199,85049D,BRIGHT BLUES RIBBONS ,2,2010-05-06 16:27:00,1.25,16890.0,United Kingdom
507199,M,Manual,2,2010-05-06 16:27:00,3.75,16890.0,United Kingdom
507206,85049D,BRIGHT BLUES RIBBONS ,12,2010-05-06 16:50:00,1.25,13870.0,United Kingdom
507210,84925D,LA PALMIERA WALL THERMOMETER,4,2010-05-06 17:22:00,2.55,14156.0,EIRE
507210,85049D,BRIGHT BLUES RIBBONS ,5,2010-05-06 17:22:00,1.25,14156.0,EIRE
507211,84795D,SEASIDE STRIPE HAMMOCK,4,2010-05-06 17:54:00,7.95,13081.0,United Kingdom
507218,84997D,PINK 3 PIECE MINI DOTS CUTLERY SET,4,2010-05-06 19:08:00,3.75,14713.0,United Kingdom
507218,M,Manual,2,2010-05-06 19:08:00,0.2,14713.0,United Kingdom
507223,85049D,BRIGHT BLUES RIBBONS ,2,2010-05-06 19:29:00,1.25,17323.0,United Kingdom
507228,79190D,RETRO PLASTIC DAISY TRAY,2,2010-05-06 19:57:00,0.42,16794.0,United Kingdom
507235,15044D,RED PAPER PARASOL,24,2010-05-07 09:04:00,2.55,14298.0,United Kingdom
507235,85170D,SET/6 PINK BIRD T-LIGHT CANDLES,12,2010-05-07 09:04:00,1.69,14298.0,United Kingdom
507235,72801D,S/4 SKY BLUE DINNER CANDLES,24,2010-05-07 09:04:00,1.06,14298.0,United Kingdom
507235,84706D,CHERRY BLOSSOM TABLE CLOCK ,12,2010-05-07 09:04:00,1.95,14298.0,United Kingdom
507235,17165D,ASS COL LARGE SAND FROG P'WEIGHT,18,2010-05-07 09:04:00,0.85,14298.0,United Kingdom
507235,17090D,VANILLA INCENSE 40 CONES IN TIN,12,2010-05-07 09:04:00,0.85,14298.0,United Kingdom
507235,72225D,VANILLA SCENT CAKE CANDLE ,72,2010-05-07 09:04:00,0.21,14298.0,United Kingdom
507235,17109D,FLOWER FAIRY INCENSE BOUQUET,36,2010-05-07 09:04:00,0.38,14298.0,United Kingdom
507252,POST,POSTAGE,3,2010-05-07 11:35:00,18.0,12681.0,France
507256,M,Manual,2,2010-05-07 11:42:00,2.95,17798.0,United Kingdom
507259,84997D,PINK 3 PIECE MINI DOTS CUTLERY SET,6,2010-05-07 12:11:00,3.75,15738.0,United Kingdom
507260,84997D,PINK 3 PIECE MINI DOTS CUTLERY SET,6,2010-05-07 12:13:00,3.75,15738.0,United Kingdom
507261,84625D,WHITE NEWBAROQUE CANDLESTICK CANDLE,2,2010-05-07 12:20:00,2.95,12872.0,United Kingdom
507289,84845D,GERANIUM SQUARE HANDY TIN,2,2010-05-07 14:02:00,1.25,14535.0,United Kingdom
507290,M,Manual,1,2010-05-07 14:10:00,1.25,14814.0,United Kingdom
507295,85049D,BRIGHT BLUES RIBBONS ,12,2010-05-07 14:37:00,1.25,18254.0,United Kingdom
507315,POST,POSTAGE,2,2010-05-07 14:56:00,18.0,12490.0,France
507359,84997D,PINK 3 PIECE MINI DOTS CUTLERY SET,6,2010-05-07 15:33:00,3.75,17028.0,United Kingdom
507364,82613D,METAL SIGN CUPCAKE SINGLE HOOK,1,2010-05-07 16:26:00,1.25,17808.0,United Kingdom
507376,M,Manual,28,2010-05-09 11:29:00,0.21,13979.0,United Kingdom
507376,84795D,SEASIDE STRIPE HAMMOCK,1,2010-05-09 11:29:00,7.95,13979.0,United Kingdom
507376,M,Manual,1,2010-05-09 11:29:00,0.42,13979.0,United Kingdom
507386,82613D,METAL SIGN CUPCAKE SINGLE HOOK,16,2010-05-09 12:06:00,1.25,14911.0,EIRE
507389,84795D,SEASIDE STRIPE HAMMOCK,3,2010-05-09 12:14:00,7.95,17969.0,United Kingdom
507391,84849D,HOT BATHS SOAP HOLDER,1,2010-05-09 12:30:00,1.69,14044.0,United Kingdom
507391,85071D,CHARLIE+LOLA MY ROOM DOOR SIGN,1,2010-05-09 12:30:00,2.55,14044.0,United Kingdom
507401,M,Manual,7,2010-05-09 13:38:00,0.42,15555.0,United Kingdom
507401,M,Manual,20,2010-05-09 13:38:00,0.21,15555.0,United Kingdom
507403,84795D,SEASIDE STRIPE HAMMOCK,1,2010-05-09 13:41:00,7.95,14606.0,United Kingdom
507417,84997D,PINK 3 PIECE MINI DOTS CUTLERY SET,6,2010-05-09 14:35:00,3.75,13425.0,United Kingdom
507421,47591D,PINK FAIRY CAKE CHILD'S APRON,1,2010-05-09 15:07:00,1.95,12748.0,United Kingdom
507424,47591D,PINK FAIRY CAKE CHILD'S APRON,1,2010-05-09 15:22:00,1.95,12748.0,United Kingdom
507426,POST,POSTAGE,1,2010-05-09 15:33:00,15.0,12361.0,Belgium
507429,84997D,PINK 3 PIECE MINI DOTS CUTLERY SET,2,2010-05-09 15:55:00,3.75,17372.0,United Kingdom
507430,M,Manual,4,2010-05-09 16:03:00,1.45,17135.0,United Kingdom
507430,47591D,PINK FAIRY CAKE CHILD'S APRON,2,2010-05-09 16:03:00,1.95,17135.0,United Kingdom
507432,84249D,FAIRY CAKE GREETINGS CARD,12,2010-05-09 16:10:00,0.42,16655.0,United Kingdom
507432,84997D,PINK 3 PIECE MINI DOTS CUTLERY SET,2,2010-05-09 16:10:00,3.75,16655.0,United Kingdom
507438,M,Manual,1,2010-05-10 09:16:00,4.0,17994.0,United Kingdom
507445,84569D,PACK 6 HEART/ICE-CREAM PATCHES,12,2010-05-10 09:38:00,1.25,14329.0,United Kingdom
507446,84795D,SEASIDE STRIPE HAMMOCK,2,2010-05-10 09:47:00,7.95,14277.0,France
507446,46000M,POLYESTER FILLER PAD 45x45cm,3,2010-05-10 09:47:00,1.55,14277.0,France
507485,84997D,PINK 3 PIECE MINI DOTS CUTLERY SET,6,2010-05-10 11:55:00,3.75,17365.0,United Kingdom
507521,46000M,POLYESTER FILLER PAD 45x45cm,12,2010-05-10 12:16:00,1.55,12843.0,United Kingdom
507586,72800D,S/4 BLUE DINNER CANDLE SILVER FLOCK,3,2010-05-10 12:42:00,2.55,17841.0,United Kingdom
507620,POST,POSTAGE,3,2010-05-10 14:19:00,15.0,12813.0,Netherlands
507634,84925D,LA PALMIERA WALL THERMOMETER,24,2010-05-10 14:47:00,0.85,14298.0,United Kingdom
507660,POST,POSTAGE,3,2010-05-10 16:44:00,28.0,12675.0,Italy
507660,82613D,METAL SIGN CUPCAKE SINGLE HOOK,1,2010-05-10 16:44:00,1.25,12675.0,Italy
507660,84845D,GERANIUM SQUARE HANDY TIN,3,2010-05-10 16:44:00,1.25,12675.0,Italy
507667,17013D,ORIGAMI ROSE INCENSE IN TUBE,5,2010-05-10 17:21:00,1.65,12867.0,United Kingdom
507673,47591D,PINK FAIRY CAKE CHILD'S APRON,8,2010-05-11 09:29:00,1.95,14911.0,EIRE
507687,84795D,SEASIDE STRIPE HAMMOCK,4,2010-05-11 09:55:00,7.95,12582.0,Finland
507691,84849D,HOT BATHS SOAP HOLDER,4,2010-05-11 10:19:00,1.69,14395.0,United Kingdom
507692,POST,POSTAGE,2,2010-05-11 10:20:00,18.0,12600.0,Germany
507693,15044D,RED PAPER PARASOL,10,2010-05-11 10:24:00,2.95,14055.0,United Kingdom
507697,POST,POSTAGE,2,2010-05-11 10:42:00,18.0,12599.0,France
507698,85049D,BRIGHT BLUES RIBBONS ,12,2010-05-11 10:45:00,1.25,14426.0,United Kingdom
507699,84997D,PINK 3 PIECE MINI DOTS CUTLERY SET,6,2010-05-11 10:49:00,3.75,18281.0,United Kingdom
507710,72801D,S/4 SKY BLUE DINNER CANDLES,12,2010-05-11 11:29:00,1.25,13206.0,United Kingdom
507713,85130D,BEADED CRYSTAL HEART PINK LARGE,12,2010-05-11 11:30:00,1.65,13943.0,United Kingdom
507737,84997D,PINK 3 PIECE MINI DOTS CUTLERY SET,4,2010-05-11 12:14:00,3.75,17238.0,United Kingdom
507750,84845D,GERANIUM SQUARE HANDY TIN,2,2010-05-11 12:18:00,1.25,16419.0,United Kingdom
507837,85185D,FROG SOCK PUPPET,6,2010-05-11 13:29:00,2.95,15358.0,United Kingdom
507840,46000M,POLYESTER FILLER PAD 45x45cm,2,2010-05-11 13:38:00,1.55,16487.0,United Kingdom
507841,47591D,PINK FAIRY CAKE CHILD'S APRON,8,2010-05-11 13:42:00,1.95,13397.0,United Kingdom
507879,15044D,RED PAPER PARASOL,1,2010-05-11 15:03:00,2.95,16805.0,United Kingdom
507880,POST,POSTAGE,1,2010-05-11 15:03:00,15.0,12455.0,Cyprus
507879,17165D,ASS COL LARGE SAND FROG P'WEIGHT,3,2010-05-11 15:03:00,1.05,16805.0,United Kingdom
507920,84997D,PINK 3 PIECE MINI DOTS CUTLERY SET,6,2010-05-12 09:39:00,3.75,13740.0,United Kingdom
507923,85232D,SET/3 DECOUPAGE STACKING TINS,3,2010-05-12 09:51:00,4.95,17364.0,United Kingdom
507996,47591D,PINK FAIRY CAKE CHILD'S APRON,16,2010-05-12 10:56:00,1.95,17511.0,United Kingdom
507999,84997D,PINK 3 PIECE MINI DOTS CUTLERY SET,6,2010-05-12 11:45:00,3.75,12580.0,Germany
507999,POST,POSTAGE,3,2010-05-12 11:45:00,18.0,12580.0,Germany
508003,85169D,PINK LOVE BIRD CANDLE,1,2010-05-12 11:49:00,1.25,15012.0,United Kingdom
508003,84997D,PINK 3 PIECE MINI DOTS CUTLERY SET,2,2010-05-12 11:49:00,3.75,15012.0,United Kingdom
508012,84925D,LA PALMIERA WALL THERMOMETER,24,2010-05-12 11:55:00,0.85,15252.0,United Kingdom
508040,72225D,VANILLA SCENT CAKE CANDLE ,48,2010-05-12 12:20:00,0.29,17508.0,Greece
508045,84997D,PINK 3 PIECE MINI DOTS CUTLERY SET,4,2010-05-12 12:26:00,3.75,14680.0,United Kingdom
508060,84795D,SEASIDE STRIPE HAMMOCK,1,2010-05-12 13:43:00,7.95,13052.0,United Kingdom
508062,POST,POSTAGE,3,2010-05-12 13:52:00,18.0,12494.0,France
508065,84849D,HOT BATHS SOAP HOLDER,12,2010-05-12 14:00:00,1.69,15186.0,United Kingdom
508074,M,Manual,4,2010-05-12 16:03:00,10.0,17897.0,United Kingdom
508074,M,Manual,3,2010-05-12 16:03:00,2.0,17897.0,United Kingdom
508074,M,Manual,1,2010-05-12 16:03:00,0.85,17897.0,United Kingdom
508075,M,Manual,1,2010-05-12 16:04:00,30.0,15149.0,United Kingdom
508079,84997D,PINK 3 PIECE MINI DOTS CUTLERY SET,5,2010-05-12 16:42:00,3.75,17092.0,United Kingdom
508093,84795D,SEASIDE STRIPE HAMMOCK,2,2010-05-13 08:46:00,7.95,17157.0,United Kingdom
508097,84997D,PINK 3 PIECE MINI DOTS CUTLERY SET,6,2010-05-13 09:33:00,3.75,12683.0,France
508097,POST,POSTAGE,4,2010-05-13 09:33:00,18.0,12683.0,France
508101,POST,POSTAGE,10,2010-05-13 10:02:00,18.0,12647.0,Germany
508101,84997D,PINK 3 PIECE MINI DOTS CUTLERY SET,6,2010-05-13 10:02:00,3.75,12647.0,Germany
508103,72225D,VANILLA SCENT CAKE CANDLE ,24,2010-05-13 10:15:00,0.29,14039.0,United Kingdom
508106,84795D,SEASIDE STRIPE HAMMOCK,2,2010-05-13 10:35:00,7.95,13220.0,United Kingdom
508156,46000M,POLYESTER FILLER PAD 45x45cm,20,2010-05-13 11:42:00,1.55,16550.0,United Kingdom
508175,47591D,PINK FAIRY CAKE CHILD'S APRON,4,2010-05-13 11:58:00,1.95,14714.0,United Kingdom
508182,15044D,RED PAPER PARASOL,6,2010-05-13 12:38:00,2.95,13767.0,United Kingdom
508183,46000M,POLYESTER FILLER PAD 45x45cm,12,2010-05-13 12:44:00,1.55,17838.0,United Kingdom
508190,15044D,RED PAPER PARASOL,1,2010-05-13 13:13:00,2.95,17920.0,United Kingdom
508197,M,Manual,1,2010-05-13 13:31:00,0.85,16906.0,United Kingdom
508197,84997D,PINK 3 PIECE MINI DOTS CUTLERY SET,1,2010-05-13 13:31:00,3.75,16906.0,United Kingdom
508198,46000M,POLYESTER FILLER PAD 45x45cm,1,2010-05-13 13:50:00,1.55,15192.0,United Kingdom
508211,85169D,PINK LOVE BIRD CANDLE,12,2010-05-13 14:42:00,1.25,15210.0,United Kingdom
508215,72801D,S/4 SKY BLUE DINNER CANDLES,1,2010-05-13 14:55:00,1.25,12923.0,United Kingdom
508219,84849D,HOT BATHS SOAP HOLDER,6,2010-05-13 15:05:00,1.69,13735.0,United Kingdom
508219,17090D,VANILLA INCENSE 40 CONES IN TIN,1,2010-05-13 15:05:00,1.25,13735.0,United Kingdom
508221,84849D,HOT BATHS SOAP HOLDER,12,2010-05-13 15:41:00,1.69,18225.0,United Kingdom
508222,15044D,RED PAPER PARASOL,6,2010-05-13 15:41:00,2.95,12540.0,Spain
508222,POST,POSTAGE,3,2010-05-13 15:41:00,28.0,12540.0,Spain
508225,84997D,PINK 3 PIECE MINI DOTS CUTLERY SET,1,2010-05-13 15:58:00,3.75,17432.0,United Kingdom
508226,17165D,ASS COL LARGE SAND FROG P'WEIGHT,9,2010-05-13 16:05:00,1.05,17611.0,United Kingdom
508226,17165D,ASS COL LARGE SAND FROG P'WEIGHT,1,2010-05-13 16:05:00,1.05,17611.0,United Kingdom
508235,M,Manual,42,2010-05-13 18:49:00,0.85,15478.0,United Kingdom
508235,M,Manual,8,2010-05-13 18:49:00,0.85,15478.0,United Kingdom
508237,84569D,PACK 6 HEART/ICE-CREAM PATCHES,12,2010-05-13 19:27:00,1.25,17965.0,United Kingdom
508248,47591D,PINK FAIRY CAKE CHILD'S APRON,8,2010-05-14 10:02:00,1.95,12976.0,United Kingdom
508252,84795D,SEASIDE STRIPE HAMMOCK,2,2010-05-14 10:47:00,7.95,13473.0,United Kingdom
508328,47591D,PINK FAIRY CAKE CHILD'S APRON,5,2010-05-14 11:50:00,1.95,16161.0,United Kingdom
508333,84925D,LA PALMIERA WALL THERMOMETER,96,2010-05-14 12:00:00,0.85,13694.0,United Kingdom
508336,47591D,PINK FAIRY CAKE CHILD'S APRON,2,2010-05-14 12:06:00,1.95,16081.0,United Kingdom
508336,84249D,FAIRY CAKE GREETINGS CARD,12,2010-05-14 12:06:00,0.42,16081.0,United Kingdom
508401,85184D,S/4 BLUE ROUND DECOUPAGE BOXES,2,2010-05-14 15:37:00,2.95,15972.0,United Kingdom
508457,47591D,PINK FAIRY CAKE CHILD'S APRON,16,2010-05-14 16:50:00,1.95,12745.0,United Kingdom
508467,46000M,POLYESTER FILLER PAD 45x45cm,2,2010-05-16 10:44:00,1.55,13561.0,United Kingdom
508470,47591D,PINK FAIRY CAKE CHILD'S APRON,2,2010-05-16 11:24:00,1.95,16922.0,United Kingdom
508474,M,Manual,25,2010-05-16 11:52:00,0.42,17123.0,United Kingdom
508483,47591D,PINK FAIRY CAKE CHILD'S APRON,1,2010-05-16 12:51:00,1.95,17841.0,United Kingdom
508483,84997D,PINK 3 PIECE MINI DOTS CUTLERY SET,1,2010-05-16 12:51:00,3.75,17841.0,United Kingdom
508483,72800D,S/4 BLUE DINNER CANDLE SILVER FLOCK,1,2010-05-16 12:51:00,2.55,17841.0,United Kingdom
508487,85049D,BRIGHT BLUES RIBBONS ,1,2010-05-16 13:10:00,1.25,18039.0,United Kingdom
508487,35471D,SET OF 3 BIRD LIGHT PINK FEATHER ,1,2010-05-16 13:10:00,1.25,18039.0,United Kingdom
508491,84997D,PINK 3 PIECE MINI DOTS CUTLERY SET,1,2010-05-16 13:22:00,3.75,16686.0,United Kingdom
508493,84795D,SEASIDE STRIPE HAMMOCK,1,2010-05-16 13:27:00,7.95,17085.0,United Kingdom
508500,84795D,SEASIDE STRIPE HAMMOCK,3,2010-05-16 15:33:00,7.95,15272.0,United Kingdom
508501,47591D,PINK FAIRY CAKE CHILD'S APRON,50,2010-05-16 15:39:00,1.65,13798.0,United Kingdom
508503,M,Manual,2,2010-05-16 15:52:00,1.45,14982.0,United Kingdom
508505,84849D,HOT BATHS SOAP HOLDER,1,2010-05-16 16:05:00,1.69,16549.0,United Kingdom
508504,82613D,METAL SIGN CUPCAKE SINGLE HOOK,4,2010-05-16 16:05:00,1.25,13451.0,United Kingdom
508506,79191D,RETRO PLASTIC DAISY TRAY,1,2010-05-16 16:21:00,0.85,13230.0,United Kingdom
508506,79190D,RETRO PLASTIC DAISY TRAY,1,2010-05-16 16:21:00,0.42,13230.0,United Kingdom
508508,84997D,PINK 3 PIECE MINI DOTS CUTLERY SET,6,2010-05-17 09:03:00,3.75,14112.0,United Kingdom
508523,POST,POSTAGE,4,2010-05-17 10:15:00,18.0,12471.0,Germany
508593,85049D,BRIGHT BLUES RIBBONS ,12,2010-05-17 12:06:00,1.25,13488.0,United Kingdom
508614,84925D,LA PALMIERA WALL THERMOMETER,2,2010-05-17 13:18:00,2.55,13432.0,United Kingdom
508629,M,Manual,1,2010-05-17 14:21:00,0.1,13857.0,United Kingdom
508635,84849D,HOT BATHS SOAP HOLDER,2,2010-05-17 14:36:00,1.69,13719.0,United Kingdom
508635,85049D,BRIGHT BLUES RIBBONS ,3,2010-05-17 14:36:00,1.25,13719.0,United Kingdom
508637,POST,POSTAGE,1,2010-05-17 14:54:00,220.0,12725.0,Italy
508646,84997D,PINK 3 PIECE MINI DOTS CUTLERY SET,4,2010-05-17 15:35:00,3.75,15023.0,United Kingdom
508652,85185D,FROG SOCK PUPPET,2,2010-05-17 15:48:00,2.95,16400.0,United Kingdom
508653,84997D,PINK 3 PIECE MINI DOTS CUTLERY SET,4,2010-05-17 15:54:00,3.75,17228.0,United Kingdom
508728,POST,POSTAGE,1,2010-05-18 09:57:00,200.0,12349.0,Italy
508733,84997D,PINK 3 PIECE MINI DOTS CUTLERY SET,6,2010-05-18 10:34:00,3.75,15622.0,United Kingdom
508759,84997D,PINK 3 PIECE MINI DOTS CUTLERY SET,4,2010-05-18 12:03:00,3.75,14680.0,United Kingdom
508780,85049D,BRIGHT BLUES RIBBONS ,2,2010-05-18 12:24:00,1.25,15518.0,United Kingdom
508849,84845D,GERANIUM SQUARE HANDY TIN,1,2010-05-18 14:37:00,1.25,17757.0,United Kingdom
508852,POST,POSTAGE,1,2010-05-18 15:06:00,18.0,12662.0,Germany
508864,84997D,PINK 3 PIECE MINI DOTS CUTLERY SET,4,2010-05-18 16:09:00,3.75,17589.0,United Kingdom
508864,M,Manual,36,2010-05-18 16:09:00,0.42,17589.0,United Kingdom
508897,17165D,ASS COL LARGE SAND FROG P'WEIGHT,9,2010-05-18 17:13:00,1.05,15456.0,United Kingdom
508900,85129D,BEADED CRYSTAL HEART PINK SMALL,12,2010-05-19 08:41:00,1.25,16835.0,United Kingdom
508962,84849D,HOT BATHS SOAP HOLDER,12,2010-05-19 11:37:00,1.69,15636.0,United Kingdom
508972,47591D,PINK FAIRY CAKE CHILD'S APRON,1,2010-05-19 11:39:00,1.95,15727.0,United Kingdom
509008,84625D,WHITE NEWBAROQUE CANDLESTICK CANDLE,24,2010-05-19 13:29:00,0.85,15157.0,United Kingdom
509014,15044D,RED PAPER PARASOL,6,2010-05-19 13:36:00,2.95,15570.0,United Kingdom
509019,84795D,SEASIDE STRIPE HAMMOCK,1,2010-05-19 14:10:00,7.95,13610.0,United Kingdom
509024,85130D,BEADED CRYSTAL HEART PINK LARGE,12,2010-05-19 14:41:00,1.65,16564.0,United Kingdom
509027,85131D,BEADED CRYSTAL HEART PINK\ON STICK,2,2010-05-19 15:10:00,1.25,12837.0,United Kingdom
509031,90214D,"LETTER ""D"" BLING KEY RING",1,2010-05-19 16:30:00,1.25,17950.0,United Kingdom
509031,90214M,"LETTER ""M"" BLING KEY RING",1,2010-05-19 16:30:00,1.25,17950.0,United Kingdom
509033,37491D,PURPLE/BLUE CERAMIC CANDLE HOLDER,1,2010-05-19 17:49:00,1.65,15879.0,United Kingdom
509039,84795D,SEASIDE STRIPE HAMMOCK,2,2010-05-20 09:55:00,7.95,14156.0,EIRE
509043,84997D,PINK 3 PIECE MINI DOTS CUTLERY SET,6,2010-05-20 10:16:00,3.75,14952.0,United Kingdom
509050,84795D,SEASIDE STRIPE HAMMOCK,1,2010-05-20 10:56:00,7.95,13448.0,United Kingdom
509050,84849D,HOT BATHS SOAP HOLDER,4,2010-05-20 10:56:00,1.69,13448.0,United Kingdom
509050,15044D,RED PAPER PARASOL,3,2010-05-20 10:56:00,2.95,13448.0,United Kingdom
509050,84800M,MEDIUM WHITE/PINK ROSE ART FLOWER,6,2010-05-20 10:56:00,1.69,13448.0,United Kingdom
509071,46000M,POLYESTER FILLER PAD 45x45cm,4,2010-05-20 11:41:00,1.55,16471.0,United Kingdom
509100,16168M,FUNKY MONKEY GIFT BAG MEDIUM,3,2010-05-20 11:49:00,0.42,17841.0,United Kingdom
509100,35471D,SET OF 3 BIRD LIGHT PINK FEATHER ,2,2010-05-20 11:49:00,1.25,17841.0,United Kingdom
509100,15044D,RED PAPER PARASOL,1,2010-05-20 11:49:00,2.95,17841.0,United Kingdom
509115,84997D,PINK 3 PIECE MINI DOTS CUTLERY SET,6,2010-05-20 11:55:00,3.75,17716.0,United Kingdom
509133,84968D,S/16 VINTAGE RED CUTLERY,1,2010-05-20 12:05:00,12.75,14527.0,United Kingdom
509148,46000M,POLYESTER FILLER PAD 45x45cm,2,2010-05-20 12:55:00,1.55,17372.0,United Kingdom
509151,85129D,BEADED CRYSTAL HEART PINK SMALL,1,2010-05-20 13:06:00,1.25,14606.0,United Kingdom
509156,84795D,SEASIDE STRIPE HAMMOCK,2,2010-05-20 13:28:00,7.95,15025.0,United Kingdom
509156,M,Manual,1,2010-05-20 13:28:00,7.95,15025.0,United Kingdom
509156,47591D,PINK FAIRY CAKE CHILD'S APRON,2,2010-05-20 13:28:00,1.95,15025.0,United Kingdom
509161,47591D,PINK FAIRY CAKE CHILD'S APRON,6,2010-05-20 13:42:00,1.95,14850.0,United Kingdom
509166,84997D,PINK 3 PIECE MINI DOTS CUTLERY SET,6,2010-05-20 14:45:00,3.75,15615.0,United Kingdom
509173,85049D,BRIGHT BLUES RIBBONS ,12,2010-05-20 15:51:00,1.25,17465.0,United Kingdom
509195,17109D,FLOWER FAIRY INCENSE BOUQUET,6,2010-05-20 18:18:00,1.69,12712.0,Germany
509195,POST,POSTAGE,2,2010-05-20 18:18:00,18.0,12712.0,Germany
509198,15044D,RED PAPER PARASOL,12,2010-05-21 08:21:00,2.95,14156.0,EIRE
509199,POST,POSTAGE,5,2010-05-21 09:06:00,18.0,12668.0,Germany
509210,POST,POSTAGE,12,2010-05-21 09:56:00,18.0,12647.0,Germany
509284,POST,POSTAGE,1,2010-05-21 11:45:00,18.0,12583.0,France
509350,90025D,BAROQUE BUTTERFLY EARRINGS PINK,1,2010-05-21 13:28:00,3.75,18011.0,United Kingdom
509350,90161D,ANT COPPER PINK BOUDICCA BRACELET,2,2010-05-21 13:28:00,4.95,18011.0,United Kingdom
509350,15044D,RED PAPER PARASOL,1,2010-05-21 13:28:00,2.95,18011.0,United Kingdom
509350,90060D,FIRE POLISHED GLASS NECKL BRONZE,1,2010-05-21 13:28:00,5.95,18011.0,United Kingdom
509350,90001D,ANTIQUE OLIVE GREEN FLOWER EARRINGS,1,2010-05-21 13:28:00,4.25,18011.0,United Kingdom
509350,90000D,COPPER/OLIVE GREEN FLOWER NECKLACE,1,2010-05-21 13:28:00,5.95,18011.0,United Kingdom
509350,90024D,NEW BAROQUE B'FLY NECKLACE PINK,1,2010-05-21 13:28:00,8.5,18011.0,United Kingdom
509375,BANK CHARGES,Bank Charges,1,2010-05-21 14:40:00,15.0,17448.0,United Kingdom
509388,90082D,DIAMANTE BOW BROOCH BLACK COLOUR,3,2010-05-21 17:11:00,6.35,14525.0,United Kingdom
509389,84845D,GERANIUM SQUARE HANDY TIN,3,2010-05-21 17:19:00,1.25,13174.0,United Kingdom
509395,46000M,POLYESTER FILLER PAD 45x45cm,10,2010-05-23 10:57:00,1.55,17343.0,United Kingdom
509398,POST,POSTAGE,6,2010-05-23 11:08:00,28.0,12809.0,Portugal
509416,M,Manual,1,2010-05-23 12:50:00,5.0,14505.0,United Kingdom
509416,79030D,"TUMBLER, BAROQUE",1,2010-05-23 12:50:00,1.65,14505.0,United Kingdom
509416,85232D,SET/3 DECOUPAGE STACKING TINS,1,2010-05-23 12:50:00,4.95,14505.0,United Kingdom
509416,M,Manual,1,2010-05-23 12:50:00,1.0,14505.0,United Kingdom
509421,84997D,PINK 3 PIECE MINI DOTS CUTLERY SET,1,2010-05-23 13:01:00,3.75,17785.0,United Kingdom
509423,46000M,POLYESTER FILLER PAD 45x45cm,6,2010-05-23 13:07:00,1.55,14249.0,United Kingdom
509424,84569D,PACK 6 HEART/ICE-CREAM PATCHES,5,2010-05-23 13:16:00,1.25,17596.0,United Kingdom
509428,47591D,PINK FAIRY CAKE CHILD'S APRON,1,2010-05-23 14:04:00,1.95,16549.0,United Kingdom
509433,POST,POSTAGE,2,2010-05-23 14:30:00,18.0,12621.0,Germany
509435,15044D,RED PAPER PARASOL,2,2010-05-23 14:53:00,2.95,15555.0,United Kingdom
509440,84997D,PINK 3 PIECE MINI DOTS CUTLERY SET,12,2010-05-23 15:43:00,3.75,12921.0,United Kingdom
509444,47591D,PINK FAIRY CAKE CHILD'S APRON,8,2010-05-24 08:34:00,1.95,18060.0,United Kingdom
509447,POST,POSTAGE,3,2010-05-24 09:07:00,18.0,12632.0,Germany
509454,84997D,PINK 3 PIECE MINI DOTS CUTLERY SET,6,2010-05-24 10:02:00,3.75,12921.0,United Kingdom
509454,47591D,PINK FAIRY CAKE CHILD'S APRON,8,2010-05-24 10:02:00,1.95,12921.0,United Kingdom
509460,84997D,PINK 3 PIECE MINI DOTS CUTLERY SET,6,2010-05-24 10:44:00,3.75,12759.0,Netherlands
509460,POST,POSTAGE,5,2010-05-24 10:44:00,15.0,12759.0,Netherlands
509467,84997D,PINK 3 PIECE MINI DOTS CUTLERY SET,6,2010-05-24 10:58:00,3.75,13418.0,United Kingdom
509471,46000M,POLYESTER FILLER PAD 45x45cm,1,2010-05-24 11:11:00,1.55,17377.0,United Kingdom
509471,85049D,BRIGHT BLUES RIBBONS ,2,2010-05-24 11:11:00,1.25,17377.0,United Kingdom
509515,84795D,SEASIDE STRIPE HAMMOCK,1,2010-05-24 11:39:00,7.95,15039.0,United Kingdom
509564,85049D,BRIGHT BLUES RIBBONS ,4,2010-05-24 12:59:00,1.25,17293.0,United Kingdom
509577,47591D,PINK FAIRY CAKE CHILD'S APRON,3,2010-05-24 14:17:00,1.95,17338.0,United Kingdom
509577,17165D,ASS COL LARGE SAND FROG P'WEIGHT,3,2010-05-24 14:17:00,1.05,17338.0,United Kingdom
509581,47591D,PINK FAIRY CAKE CHILD'S APRON,8,2010-05-24 14:43:00,1.95,14909.0,United Kingdom
509601,84849D,HOT BATHS SOAP HOLDER,4,2010-05-24 16:08:00,1.69,13201.0,United Kingdom
509615,POST,POSTAGE,4,2010-05-25 09:34:00,15.0,12802.0,Netherlands
509621,84997D,PINK 3 PIECE MINI DOTS CUTLERY SET,6,2010-05-25 09:51:00,3.75,15321.0,United Kingdom
509627,17107D,"FLOWER FAIRY,5 SUMMER B'DRAW LINERS",6,2010-05-25 09:55:00,2.55,12360.0,Austria
509627,POST,POSTAGE,3,2010-05-25 09:55:00,40.0,12360.0,Austria
509634,47591D,PINK FAIRY CAKE CHILD'S APRON,1,2010-05-25 10:23:00,1.95,13324.0,United Kingdom
509637,84795D,SEASIDE STRIPE HAMMOCK,2,2010-05-25 10:41:00,7.95,14422.0,United Kingdom
509644,POST,POSTAGE,2,2010-05-25 11:28:00,40.0,12422.0,Switzerland
509645,47591D,PINK FAIRY CAKE CHILD'S APRON,8,2010-05-25 11:35:00,1.95,15498.0,United Kingdom
509647,84795D,SEASIDE STRIPE HAMMOCK,2,2010-05-25 11:41:00,7.95,14527.0,United Kingdom
509669,BANK CHARGES,Bank Charges,1,2010-05-25 12:03:00,15.0,17448.0,United Kingdom
509668,84997D,PINK 3 PIECE MINI DOTS CUTLERY SET,4,2010-05-25 12:03:00,3.75,14049.0,United Kingdom
509686,84795D,SEASIDE STRIPE HAMMOCK,1,2010-05-25 12:09:00,7.95,16125.0,United Kingdom
509738,47591D,PINK FAIRY CAKE CHILD'S APRON,3,2010-05-25 12:42:00,1.95,14680.0,United Kingdom
509743,84795D,SEASIDE STRIPE HAMMOCK,3,2010-05-25 13:21:00,7.95,17841.0,United Kingdom
509743,16168M,FUNKY MONKEY GIFT BAG MEDIUM,1,2010-05-25 13:21:00,0.42,17841.0,United Kingdom
509743,35471D,SET OF 3 BIRD LIGHT PINK FEATHER ,1,2010-05-25 13:21:00,1.25,17841.0,United Kingdom
509759,84997D,PINK 3 PIECE MINI DOTS CUTLERY SET,6,2010-05-25 15:21:00,3.75,14930.0,Channel Islands
509764,84997D,PINK 3 PIECE MINI DOTS CUTLERY SET,12,2010-05-25 15:23:00,3.75,15421.0,United Kingdom
509779,M,Manual,1,2010-05-25 16:54:00,7.97,16658.0,United Kingdom
509850,POST,POSTAGE,7,2010-05-26 09:00:00,18.0,12656.0,France
509898,84997D,PINK 3 PIECE MINI DOTS CUTLERY SET,6,2010-05-26 11:22:00,3.75,17179.0,United Kingdom
509929,85131D,BEADED CRYSTAL HEART PINK\ON STICK,2,2010-05-26 12:32:00,1.25,14181.0,United Kingdom
509929,85129D,BEADED CRYSTAL HEART PINK SMALL,1,2010-05-26 12:32:00,1.25,14181.0,United Kingdom
509956,M,Manual,2,2010-05-26 12:49:00,7.95,14715.0,United Kingdom
509966,84795D,SEASIDE STRIPE HAMMOCK,4,2010-05-26 13:17:00,7.95,14867.0,United Kingdom
509967,84249D,FAIRY CAKE GREETINGS CARD,12,2010-05-26 13:18:00,0.42,16046.0,United Kingdom
509971,72800D,S/4 BLUE DINNER CANDLE SILVER FLOCK,2,2010-05-26 13:23:00,2.55,13684.0,United Kingdom
509973,84997D,PINK 3 PIECE MINI DOTS CUTLERY SET,12,2010-05-26 13:35:00,3.75,14938.0,Channel Islands
509973,15044D,RED PAPER PARASOL,6,2010-05-26 13:35:00,2.95,14938.0,Channel Islands
509979,D,Discount,1,2010-05-26 14:07:00,101.99,12843.0,United Kingdom
509980,47591D,PINK FAIRY CAKE CHILD'S APRON,8,2010-05-26 14:07:00,1.95,12378.0,Switzerland
509980,82613D,METAL SIGN CUPCAKE SINGLE HOOK,8,2010-05-26 14:07:00,1.25,12378.0,Switzerland
509985,84997D,PINK 3 PIECE MINI DOTS CUTLERY SET,6,2010-05-26 14:43:00,3.75,12681.0,France
509985,POST,POSTAGE,2,2010-05-26 14:43:00,1.0,12681.0,France
510001,84997D,PINK 3 PIECE MINI DOTS CUTLERY SET,1,2010-05-26 15:06:00,3.75,14649.0,United Kingdom
510035,84795D,SEASIDE STRIPE HAMMOCK,2,2010-05-26 15:30:00,7.95,17157.0,United Kingdom
510038,47591D,PINK FAIRY CAKE CHILD'S APRON,8,2010-05-26 15:48:00,1.95,13920.0,United Kingdom
510047,79190D,RETRO PLASTIC DAISY TRAY,15,2010-05-26 17:17:00,0.42,15856.0,United Kingdom
510051,85170D,SET/6 PINK BIRD T-LIGHT CANDLES,6,2010-05-27 09:21:00,2.1,13446.0,United Kingdom
510054,84997D,PINK 3 PIECE MINI DOTS CUTLERY SET,6,2010-05-27 09:59:00,3.75,17499.0,United Kingdom
510067,47591D,PINK FAIRY CAKE CHILD'S APRON,8,2010-05-27 11:05:00,1.95,13802.0,United Kingdom
510070,46000M,POLYESTER FILLER PAD 45x45cm,8,2010-05-27 11:11:00,1.55,14770.0,United Kingdom
510070,85232D,SET/3 DECOUPAGE STACKING TINS,3,2010-05-27 11:11:00,4.95,14770.0,United Kingdom
510072,85170D,SET/6 PINK BIRD T-LIGHT CANDLES,3,2010-05-27 11:17:00,2.1,16392.0,United Kingdom
510119,47591D,PINK FAIRY CAKE CHILD'S APRON,1,2010-05-27 12:03:00,1.95,15719.0,United Kingdom
510119,84997D,PINK 3 PIECE MINI DOTS CUTLERY SET,2,2010-05-27 12:03:00,3.75,15719.0,United Kingdom
510137,47591D,PINK FAIRY CAKE CHILD'S APRON,2,2010-05-27 12:21:00,1.95,17068.0,United Kingdom
510141,85129D,BEADED CRYSTAL HEART PINK SMALL,2,2010-05-27 12:30:00,1.25,14069.0,United Kingdom
510141,90214M,"LETTER ""M"" BLING KEY RING",1,2010-05-27 12:30:00,1.25,14069.0,United Kingdom
510153,M,Manual,1,2010-05-27 13:25:00,8.5,16947.0,United Kingdom
510170,84569D,PACK 6 HEART/ICE-CREAM PATCHES,12,2010-05-27 14:28:00,1.25,13001.0,United Kingdom
510170,84997D,PINK 3 PIECE MINI DOTS CUTLERY SET,6,2010-05-27 14:28:00,3.75,13001.0,United Kingdom
510176,POST,POSTAGE,2,2010-05-27 14:53:00,18.0,12609.0,Germany
510180,84997D,PINK 3 PIECE MINI DOTS CUTLERY SET,4,2010-05-27 15:28:00,3.75,17238.0,United Kingdom
510180,90123D,WHITE HEART OF GLASS BRACELET,1,2010-05-27 15:28:00,5.95,17238.0,United Kingdom
510192,35471D,SET OF 3 BIRD LIGHT PINK FEATHER ,2,2010-05-27 18:13:00,1.25,17841.0,United Kingdom
510192,17165D,ASS COL LARGE SAND FROG P'WEIGHT,1,2010-05-27 18:13:00,1.05,17841.0,United Kingdom
510195,79191D,RETRO PLASTIC DAISY TRAY,1,2010-05-27 19:53:00,0.85,13230.0,United Kingdom
510197,85049D,BRIGHT BLUES RIBBONS ,1,2010-05-27 20:20:00,1.25,17231.0,United Kingdom
510197,90082D,DIAMANTE BOW BROOCH BLACK COLOUR,1,2010-05-27 20:20:00,6.35,17231.0,United Kingdom
510296,47591D,PINK FAIRY CAKE CHILD'S APRON,8,2010-05-28 11:51:00,1.95,13004.0,United Kingdom
510320,90002D,FLOWER BURST SILVER RING CRYSTAL,2,2010-05-28 12:15:00,3.75,17822.0,United Kingdom
510325,84249D,FAIRY CAKE GREETINGS CARD,12,2010-05-28 12:52:00,0.42,14395.0,United Kingdom
510331,84795D,SEASIDE STRIPE HAMMOCK,8,2010-05-28 13:57:00,7.95,13081.0,United Kingdom
510354,POST,POSTAGE,2,2010-05-28 15:12:00,18.0,12499.0,Germany
510411,72800D,S/4 BLUE DINNER CANDLE SILVER FLOCK,3,2010-05-30 10:15:00,2.55,17243.0,United Kingdom
510411,72799D,BLUE PILLAR CANDLE SILVER FLOCK,1,2010-05-30 10:15:00,2.95,17243.0,United Kingdom
510414,17107D,"FLOWER FAIRY,5 SUMMER B'DRAW LINERS",3,2010-05-30 11:02:00,2.55,15555.0,United Kingdom
510414,84997D,PINK 3 PIECE MINI DOTS CUTLERY SET,1,2010-05-30 11:02:00,3.75,15555.0,United Kingdom
510417,84997D,PINK 3 PIECE MINI DOTS CUTLERY SET,4,2010-05-30 11:28:00,3.75,14546.0,United Kingdom
510419,17165D,ASS COL LARGE SAND FROG P'WEIGHT,3,2010-05-30 11:37:00,1.05,16206.0,United Kingdom
510427,90185D,CRYSTAL DIAMANTE EXPANDABLE RING,6,2010-05-30 12:44:00,4.25,16934.0,United Kingdom
510439,85232D,SET/3 DECOUPAGE STACKING TINS,1,2010-05-30 14:39:00,4.95,14572.0,United Kingdom
510443,47310M,"SMALL POP BOX,FUNKY MONKEY",2,2010-05-30 15:27:00,1.25,14606.0,United Kingdom
510445,84926D,LA PALMIERA TILE COASTER,2,2010-05-30 15:58:00,1.25,18069.0,United Kingdom
510453,POST,POSTAGE,2,2010-06-01 10:42:00,18.0,12701.0,Germany
510454,84795D,SEASIDE STRIPE HAMMOCK,2,2010-06-01 10:50:00,7.95,15039.0,United Kingdom
510483,85049D,BRIGHT BLUES RIBBONS ,2,2010-06-01 11:27:00,1.25,16960.0,United Kingdom
510483,47591D,PINK FAIRY CAKE CHILD'S APRON,3,2010-06-01 11:27:00,1.95,16960.0,United Kingdom
510484,85232D,SET/3 DECOUPAGE STACKING TINS,3,2010-06-01 11:31:00,4.95,17287.0,United Kingdom
510485,17014D,ORIGAMI ROSE INCENSE CONES,1,2010-06-01 11:38:00,1.65,13544.0,United Kingdom
510485,90002D,FLOWER BURST SILVER RING CRYSTAL,4,2010-06-01 11:38:00,3.75,13544.0,United Kingdom
510498,17165D,ASS COL LARGE SAND FROG P'WEIGHT,9,2010-06-01 12:42:00,1.05,14227.0,United Kingdom
510507,82613D,METAL SIGN CUPCAKE SINGLE HOOK,6,2010-06-01 12:45:00,1.25,16884.0,United Kingdom
510516,84997D,PINK 3 PIECE MINI DOTS CUTLERY SET,2,2010-06-01 13:15:00,3.75,14680.0,United Kingdom
510539,84997D,PINK 3 PIECE MINI DOTS CUTLERY SET,4,2010-06-01 14:40:00,3.75,15980.0,United Kingdom
510543,84968D,S/16 VINTAGE RED CUTLERY,1,2010-06-01 15:01:00,12.75,15858.0,United Kingdom
510543,84249D,FAIRY CAKE GREETINGS CARD,12,2010-06-01 15:01:00,0.42,15858.0,United Kingdom
510544,85049D,BRIGHT BLUES RIBBONS ,4,2010-06-01 15:05:00,1.25,13869.0,United Kingdom
510548,47591D,PINK FAIRY CAKE CHILD'S APRON,1,2010-06-01 15:59:00,1.95,18038.0,United Kingdom
510549,85049D,BRIGHT BLUES RIBBONS ,8,2010-06-01 16:06:00,1.25,13719.0,United Kingdom
510593,46000M,POLYESTER FILLER PAD 45x45cm,5,2010-06-02 10:07:00,1.55,17377.0,United Kingdom
510636,84706D,CHERRY BLOSSOM TABLE CLOCK ,2,2010-06-02 11:53:00,8.95,15887.0,United Kingdom
510644,84795D,SEASIDE STRIPE HAMMOCK,2,2010-06-02 12:36:00,7.95,14527.0,United Kingdom
510651,POST,POSTAGE,1,2010-06-02 13:34:00,18.0,12437.0,France
510660,POST,POSTAGE,1,2010-06-02 14:30:00,18.0,12677.0,France
510668,POST,POSTAGE,2,2010-06-02 15:03:00,17.0,12681.0,France
510671,85185D,FROG SOCK PUPPET,1,2010-06-02 15:40:00,2.95,16896.0,United Kingdom
510672,90214M,"LETTER ""M"" BLING KEY RING",6,2010-06-02 15:55:00,1.25,14282.0,United Kingdom
510675,17109D,FLOWER FAIRY INCENSE BOUQUET,1,2010-06-02 16:20:00,1.69,17841.0,United Kingdom
510675,17013D,ORIGAMI ROSE INCENSE IN TUBE,1,2010-06-02 16:20:00,1.65,17841.0,United Kingdom
510675,84795D,SEASIDE STRIPE HAMMOCK,1,2010-06-02 16:20:00,7.95,17841.0,United Kingdom
510675,84249D,FAIRY CAKE GREETINGS CARD,12,2010-06-02 16:20:00,0.42,17841.0,United Kingdom
510735,47310M,"SMALL POP BOX,FUNKY MONKEY",3,2010-06-03 11:35:00,1.25,14606.0,United Kingdom
510740,16168M,FUNKY MONKEY GIFT BAG MEDIUM,24,2010-06-03 11:50:00,0.42,15768.0,United Kingdom
510744,17107D,"FLOWER FAIRY,5 SUMMER B'DRAW LINERS",6,2010-06-03 12:34:00,2.55,14911.0,EIRE
510745,84249D,FAIRY CAKE GREETINGS CARD,12,2010-06-03 12:36:00,0.42,16955.0,United Kingdom
510753,84997D,PINK 3 PIECE MINI DOTS CUTLERY SET,5,2010-06-03 12:38:00,3.75,15950.0,United Kingdom
510757,POST,POSTAGE,2,2010-06-03 12:51:00,15.0,12874.0,Belgium
510761,90199D,5 STRAND GLASS NECKLACE AMBER,1,2010-06-03 13:03:00,6.35,17216.0,United Kingdom
510762,46000M,POLYESTER FILLER PAD 45x45cm,4,2010-06-03 13:06:00,1.55,14085.0,United Kingdom
510762,90082D,DIAMANTE BOW BROOCH BLACK COLOUR,1,2010-06-03 13:06:00,6.35,14085.0,United Kingdom
510775,84997D,PINK 3 PIECE MINI DOTS CUTLERY SET,6,2010-06-03 14:44:00,3.75,14156.0,EIRE
510777,15044D,RED PAPER PARASOL,2,2010-06-03 14:57:00,2.95,13031.0,United Kingdom
510782,POST,POSTAGE,2,2010-06-03 15:29:00,18.0,12583.0,France
510786,46000M,POLYESTER FILLER PAD 45x45cm,4,2010-06-03 15:50:00,1.55,14492.0,United Kingdom
510792,M,Manual,1,2010-06-03 16:33:00,1.45,15867.0,United Kingdom
510796,84997D,PINK 3 PIECE MINI DOTS CUTLERY SET,3,2010-06-03 16:52:00,3.75,14713.0,United Kingdom
510796,47591D,PINK FAIRY CAKE CHILD'S APRON,2,2010-06-03 16:52:00,1.95,14713.0,United Kingdom
510805,90161D,ANT COPPER PINK BOUDICCA BRACELET,1,2010-06-03 19:01:00,4.95,16798.0,United Kingdom
510805,90003D,CRYSTAL PAIR HEART HAIR SLIDES,1,2010-06-03 19:01:00,3.75,16798.0,United Kingdom
510805,90082D,DIAMANTE BOW BROOCH BLACK COLOUR,2,2010-06-03 19:01:00,6.35,16798.0,United Kingdom
510824,POST,POSTAGE,1,2010-06-03 19:57:00,15.0,12643.0,France
510901,85129D,BEADED CRYSTAL HEART PINK SMALL,12,2010-06-04 10:10:00,1.25,15731.0,United Kingdom
510936,POST,POSTAGE,2,2010-06-04 10:35:00,18.0,12701.0,Germany
510987,M,Manual,1,2010-06-04 12:50:00,2.95,13443.0,United Kingdom
510995,79191D,RETRO PLASTIC DAISY TRAY,12,2010-06-04 14:12:00,0.85,15101.0,United Kingdom
510997,85049D,BRIGHT BLUES RIBBONS ,4,2010-06-04 14:32:00,1.25,13564.0,United Kingdom
510998,85232D,SET/3 DECOUPAGE STACKING TINS,10,2010-06-04 14:37:00,4.95,17147.0,United Kingdom
511023,85049D,BRIGHT BLUES RIBBONS ,4,2010-06-04 17:01:00,1.25,17235.0,United Kingdom
511025,85049D,BRIGHT BLUES RIBBONS ,2,2010-06-06 09:49:00,1.25,17377.0,United Kingdom
511025,85232D,SET/3 DECOUPAGE STACKING TINS,1,2010-06-06 09:49:00,4.95,17377.0,United Kingdom
511026,46000M,POLYESTER FILLER PAD 45x45cm,3,2010-06-06 10:25:00,1.55,14441.0,United Kingdom
511027,84849D,HOT BATHS SOAP HOLDER,2,2010-06-06 10:30:00,1.69,13593.0,United Kingdom
511027,47591D,PINK FAIRY CAKE CHILD'S APRON,3,2010-06-06 10:30:00,1.95,13593.0,United Kingdom
511029,84849D,HOT BATHS SOAP HOLDER,12,2010-06-06 10:36:00,1.69,14687.0,United Kingdom
511033,17109D,FLOWER FAIRY INCENSE BOUQUET,1,2010-06-06 10:56:00,1.69,16271.0,United Kingdom
511033,17109D,FLOWER FAIRY INCENSE BOUQUET,2,2010-06-06 10:56:00,1.69,16271.0,United Kingdom
511038,85169D,PINK LOVE BIRD CANDLE,12,2010-06-06 11:11:00,1.25,14766.0,United Kingdom
511039,84997D,PINK 3 PIECE MINI DOTS CUTLERY SET,5,2010-06-06 11:19:00,3.75,17589.0,United Kingdom
511040,47591D,PINK FAIRY CAKE CHILD'S APRON,3,2010-06-06 11:20:00,1.95,14878.0,United Kingdom
511041,16169M,WRAP DAISY CARPET ,25,2010-06-06 11:21:00,0.42,12932.0,United Kingdom
511046,84997D,PINK 3 PIECE MINI DOTS CUTLERY SET,3,2010-06-06 11:35:00,3.75,16335.0,United Kingdom
511046,47591D,PINK FAIRY CAKE CHILD'S APRON,2,2010-06-06 11:35:00,1.95,16335.0,United Kingdom
511047,16168M,FUNKY MONKEY GIFT BAG MEDIUM,1,2010-06-06 11:38:00,0.42,14573.0,United Kingdom
511050,84997D,PINK 3 PIECE MINI DOTS CUTLERY SET,1,2010-06-06 12:07:00,3.75,16782.0,United Kingdom
511050,84997D,PINK 3 PIECE MINI DOTS CUTLERY SET,4,2010-06-06 12:07:00,3.75,16782.0,United Kingdom
511051,47591D,PINK FAIRY CAKE CHILD'S APRON,1,2010-06-06 12:13:00,1.95,12911.0,United Kingdom
511051,85018D,YULETIDE IMAGES S/6 PAPER BOXES,1,2010-06-06 12:13:00,2.55,12911.0,United Kingdom
511052,17165D,ASS COL LARGE SAND FROG P'WEIGHT,3,2010-06-06 12:15:00,1.05,17841.0,United Kingdom
511052,47310M,"SMALL POP BOX,FUNKY MONKEY",3,2010-06-06 12:15:00,1.25,17841.0,United Kingdom
511052,84997D,PINK 3 PIECE MINI DOTS CUTLERY SET,1,2010-06-06 12:15:00,3.75,17841.0,United Kingdom
511052,84795D,SEASIDE STRIPE HAMMOCK,1,2010-06-06 12:15:00,7.95,17841.0,United Kingdom
511052,15044D,RED PAPER PARASOL,1,2010-06-06 12:15:00,2.95,17841.0,United Kingdom
511052,85049D,BRIGHT BLUES RIBBONS ,2,2010-06-06 12:15:00,1.25,17841.0,United Kingdom
511055,84849D,HOT BATHS SOAP HOLDER,4,2010-06-06 12:16:00,1.69,14415.0,United Kingdom
511055,84997D,PINK 3 PIECE MINI DOTS CUTLERY SET,1,2010-06-06 12:16:00,3.75,14415.0,United Kingdom
511063,M,Manual,2,2010-06-06 12:45:00,1.25,15988.0,United Kingdom
511064,15044D,RED PAPER PARASOL,6,2010-06-06 12:46:00,2.95,13668.0,United Kingdom
511065,85185D,FROG SOCK PUPPET,1,2010-06-06 12:52:00,2.95,17954.0,United Kingdom
511065,85018D,YULETIDE IMAGES S/6 PAPER BOXES,2,2010-06-06 12:52:00,2.55,17954.0,United Kingdom
511067,84877D,BLUE ROUND COMPACT MIRROR,8,2010-06-06 13:06:00,3.75,15956.0,United Kingdom
511074,17165D,ASS COL LARGE SAND FROG P'WEIGHT,3,2010-06-06 13:45:00,1.05,18137.0,United Kingdom
511078,85049D,BRIGHT BLUES RIBBONS ,12,2010-06-06 13:52:00,1.25,16497.0,United Kingdom
511085,17165D,ASS COL LARGE SAND FROG P'WEIGHT,8,2010-06-06 14:18:00,1.05,18137.0,United Kingdom
511093,79190D,RETRO PLASTIC DAISY TRAY,15,2010-06-06 15:22:00,0.42,17920.0,United Kingdom
511095,84795D,SEASIDE STRIPE HAMMOCK,2,2010-06-06 15:47:00,7.95,14249.0,United Kingdom
511096,POST,POSTAGE,3,2010-06-06 15:49:00,18.0,12682.0,France
511101,47591D,PINK FAIRY CAKE CHILD'S APRON,8,2010-06-07 08:38:00,1.95,14221.0,United Kingdom
511105,POST,POSTAGE,7,2010-06-07 09:37:00,18.0,13815.0,Germany
511117,POST,POSTAGE,16,2010-06-07 10:41:00,10.95,12471.0,Germany
511121,POST,POSTAGE,6,2010-06-07 10:52:00,18.0,12471.0,Germany
511123,15044D,RED PAPER PARASOL,1,2010-06-07 10:56:00,2.95,17673.0,United Kingdom
511123,72801D,S/4 SKY BLUE DINNER CANDLES,3,2010-06-07 10:56:00,1.25,17673.0,United Kingdom
511132,90214M,"LETTER ""M"" BLING KEY RING",1,2010-06-07 11:23:00,1.25,17987.0,United Kingdom
511134,84625D,WHITE NEWBAROQUE CANDLESTICK CANDLE,1,2010-06-07 11:32:00,2.95,17897.0,United Kingdom
511204,46000M,POLYESTER FILLER PAD 45x45cm,6,2010-06-07 12:17:00,1.55,15471.0,United Kingdom
511236,M,Manual,2,2010-06-07 12:29:00,5.0,18203.0,United Kingdom
511267,90162D,ANT SILVER PURPLE BOUDICCA RING,1,2010-06-07 12:59:00,2.95,13623.0,United Kingdom
511267,90162D,ANT SILVER PURPLE BOUDICCA RING,2,2010-06-07 12:59:00,2.95,13623.0,United Kingdom
511269,90199D,5 STRAND GLASS NECKLACE AMBER,1,2010-06-07 13:02:00,6.35,16984.0,United Kingdom
511269,90185D,CRYSTAL DIAMANTE EXPANDABLE RING,1,2010-06-07 13:02:00,4.25,16984.0,United Kingdom
511269,90024D,NEW BAROQUE B'FLY NECKLACE PINK,1,2010-06-07 13:02:00,8.5,16984.0,United Kingdom
511269,90026D,GLASS BEAD HOOP NECKLACE AMETHYST,1,2010-06-07 13:02:00,8.5,16984.0,United Kingdom
511269,90123D,WHITE HEART OF GLASS BRACELET,1,2010-06-07 13:02:00,5.95,16984.0,United Kingdom
511269,90036D,"FLOWER GLASS GARLAND NECKL.36""BLACK",1,2010-06-07 13:02:00,7.95,16984.0,United Kingdom
511269,90200D,PINK SWEETHEART BRACELET,2,2010-06-07 13:02:00,4.25,16984.0,United Kingdom
511270,47591D,PINK FAIRY CAKE CHILD'S APRON,1,2010-06-07 13:03:00,1.95,14159.0,United Kingdom
511270,84997D,PINK 3 PIECE MINI DOTS CUTLERY SET,1,2010-06-07 13:03:00,3.75,14159.0,United Kingdom
511279,79191D,RETRO PLASTIC DAISY TRAY,8,2010-06-07 13:53:00,0.85,17412.0,United Kingdom
511283,82613D,METAL SIGN CUPCAKE SINGLE HOOK,8,2010-06-07 14:24:00,1.25,16317.0,United Kingdom
511287,85049D,BRIGHT BLUES RIBBONS ,5,2010-06-07 14:47:00,1.25,14514.0,United Kingdom
511291,35471D,SET OF 3 BIRD LIGHT PINK FEATHER ,3,2010-06-07 14:53:00,1.25,15872.0,United Kingdom
511300,84997D,PINK 3 PIECE MINI DOTS CUTLERY SET,1,2010-06-07 15:31:00,3.75,16788.0,United Kingdom
511308,15044D,RED PAPER PARASOL,2,2010-06-07 16:05:00,2.95,14498.0,United Kingdom
511310,84997D,PINK 3 PIECE MINI DOTS CUTLERY SET,1,2010-06-07 16:08:00,3.75,17784.0,United Kingdom
511310,47591D,PINK FAIRY CAKE CHILD'S APRON,2,2010-06-07 16:08:00,1.95,17784.0,United Kingdom
511310,47591D,PINK FAIRY CAKE CHILD'S APRON,3,2010-06-07 16:08:00,1.95,17784.0,United Kingdom
511314,84795D,SEASIDE STRIPE HAMMOCK,1,2010-06-07 16:39:00,7.95,14606.0,United Kingdom
511314,90214M,"LETTER ""M"" BLING KEY RING",2,2010-06-07 16:39:00,1.25,14606.0,United Kingdom
511324,46000M,POLYESTER FILLER PAD 45x45cm,20,2010-06-08 08:37:00,1.55,15714.0,United Kingdom
511328,84997D,PINK 3 PIECE MINI DOTS CUTLERY SET,6,2010-06-08 10:06:00,3.75,13178.0,United Kingdom
511346,84997D,PINK 3 PIECE MINI DOTS CUTLERY SET,2,2010-06-08 10:49:00,3.75,17238.0,United Kingdom
511362,84795D,SEASIDE STRIPE HAMMOCK,3,2010-06-08 11:14:00,7.95,15039.0,United Kingdom
511375,47591D,PINK FAIRY CAKE CHILD'S APRON,16,2010-06-08 11:28:00,1.95,16843.0,United Kingdom
511434,M,Manual,25,2010-06-08 11:50:00,0.42,17201.0,United Kingdom
511437,17107D,"FLOWER FAIRY,5 SUMMER B'DRAW LINERS",2,2010-06-08 12:02:00,2.55,17190.0,United Kingdom
511437,17107D,"FLOWER FAIRY,5 SUMMER B'DRAW LINERS",1,2010-06-08 12:02:00,2.55,17190.0,United Kingdom
511442,17107D,"FLOWER FAIRY,5 SUMMER B'DRAW LINERS",1,2010-06-08 12:16:00,2.55,17190.0,United Kingdom
511450,15044D,RED PAPER PARASOL,6,2010-06-08 12:36:00,2.95,16048.0,United Kingdom
511462,POST,POSTAGE,1,2010-06-08 12:55:00,290.0,12647.0,Germany
511467,82613D,METAL SIGN CUPCAKE SINGLE HOOK,1,2010-06-08 13:02:00,1.25,17808.0,United Kingdom
511474,85049D,BRIGHT BLUES RIBBONS ,2,2010-06-08 13:27:00,1.25,16791.0,United Kingdom
511481,85071D,CHARLIE+LOLA MY ROOM DOOR SIGN,2,2010-06-08 14:00:00,2.55,15353.0,United Kingdom
511481,85049D,BRIGHT BLUES RIBBONS ,2,2010-06-08 14:00:00,1.25,15353.0,United Kingdom
511501,84876D,BLUE HEART COMPACT MIRROR,1,2010-06-08 14:52:00,3.75,15532.0,United Kingdom
511501,M,Manual,6,2010-06-08 14:52:00,1.25,15532.0,United Kingdom
511503,90201D,GREEN ENAMEL FLOWER RING,6,2010-06-08 15:09:00,2.95,12932.0,United Kingdom
511514,47591D,PINK FAIRY CAKE CHILD'S APRON,50,2010-06-08 16:06:00,1.65,15523.0,United Kingdom
511517,M,Manual,1,2010-06-08 16:24:00,1.05,17962.0,United Kingdom
511520,M,Manual,1,2010-06-08 16:39:00,849.45,14308.0,United Kingdom
511522,85232D,SET/3 DECOUPAGE STACKING TINS,1,2010-06-08 16:47:00,4.95,16072.0,United Kingdom
511522,47591D,PINK FAIRY CAKE CHILD'S APRON,1,2010-06-08 16:47:00,1.95,16072.0,United Kingdom
511523,M,Manual,1,2010-06-08 16:48:00,297.57,14308.0,United Kingdom
511547,POST,POSTAGE,1,2010-06-09 08:46:00,18.0,12599.0,France
511549,POST,POSTAGE,1,2010-06-09 09:15:00,40.0,12483.0,Sweden
511551,84997D,PINK 3 PIECE MINI DOTS CUTLERY SET,6,2010-06-09 09:40:00,3.75,15173.0,United Kingdom
511555,84997D,PINK 3 PIECE MINI DOTS CUTLERY SET,4,2010-06-09 10:00:00,3.75,17417.0,United Kingdom
511556,84997D,PINK 3 PIECE MINI DOTS CUTLERY SET,72,2010-06-09 10:02:00,3.39,17511.0,United Kingdom
511556,47591D,PINK FAIRY CAKE CHILD'S APRON,50,2010-06-09 10:02:00,1.65,17511.0,United Kingdom
511558,47591D,PINK FAIRY CAKE CHILD'S APRON,8,2010-06-09 10:12:00,1.95,13802.0,United Kingdom
511558,17109D,FLOWER FAIRY INCENSE BOUQUET,72,2010-06-09 10:12:00,0.38,13802.0,United Kingdom
511611,47591D,PINK FAIRY CAKE CHILD'S APRON,2,2010-06-09 11:28:00,1.95,15352.0,United Kingdom
511612,47591D,PINK FAIRY CAKE CHILD'S APRON,3,2010-06-09 11:44:00,1.95,14680.0,United Kingdom
511615,85049D,BRIGHT BLUES RIBBONS ,1,2010-06-09 12:07:00,1.25,17282.0,United Kingdom
511616,M,Manual,1,2010-06-09 12:11:00,0.85,15527.0,United Kingdom
511632,84569D,PACK 6 HEART/ICE-CREAM PATCHES,12,2010-06-09 12:45:00,1.25,17552.0,United Kingdom
511640,17013D,ORIGAMI ROSE INCENSE IN TUBE,96,2010-06-09 13:22:00,0.42,13881.0,United Kingdom
511643,85049D,BRIGHT BLUES RIBBONS ,12,2010-06-09 13:37:00,1.25,14135.0,United Kingdom
511654,82613D,METAL SIGN CUPCAKE SINGLE HOOK,3,2010-06-09 14:04:00,1.25,17971.0,United Kingdom
511655,M,Manual,1,2010-06-09 14:09:00,3.0,14104.0,United Kingdom
511655,47591D,PINK FAIRY CAKE CHILD'S APRON,1,2010-06-09 14:09:00,1.95,14104.0,United Kingdom
511655,85049D,BRIGHT BLUES RIBBONS ,1,2010-06-09 14:09:00,1.25,14104.0,United Kingdom
511702,46000M,POLYESTER FILLER PAD 45x45cm,8,2010-06-10 09:22:00,1.55,13446.0,United Kingdom
511702,47310M,"SMALL POP BOX,FUNKY MONKEY",6,2010-06-10 09:22:00,1.25,13446.0,United Kingdom
511703,72800D,S/4 BLUE DINNER CANDLE SILVER FLOCK,6,2010-06-10 09:40:00,2.55,12727.0,France
511703,POST,POSTAGE,4,2010-06-10 09:40:00,18.0,12727.0,France
511771,M,Manual,1,2010-06-10 12:12:00,15.0,17032.0,United Kingdom
511774,BANK CHARGES,Bank Charges,1,2010-06-10 12:16:00,15.0,17032.0,United Kingdom
511780,POST,POSTAGE,2,2010-06-10 12:43:00,1.0,12662.0,Germany
511783,84997D,PINK 3 PIECE MINI DOTS CUTLERY SET,2,2010-06-10 13:17:00,3.75,16713.0,United Kingdom
511789,85232D,SET/3 DECOUPAGE STACKING TINS,2,2010-06-10 13:52:00,4.95,14606.0,United Kingdom
511825,POST,POSTAGE,1,2010-06-10 16:35:00,18.0,12726.0,France
511832,15044D,RED PAPER PARASOL,6,2010-06-10 17:05:00,2.95,14316.0,United Kingdom
511848,84249D,FAIRY CAKE GREETINGS CARD,24,2010-06-10 18:50:00,0.42,17180.0,United Kingdom
511854,17165D,ASS COL LARGE SAND FROG P'WEIGHT,36,2010-06-11 08:11:00,0.85,14298.0,United Kingdom
511855,POST,POSTAGE,5,2010-06-11 08:25:00,18.0,12681.0,France
511856,90040D,MURANO STYLE GLASS BRACELET PINK,3,2010-06-11 08:41:00,3.5,15755.0,United Kingdom
511862,46000M,POLYESTER FILLER PAD 45x45cm,4,2010-06-11 10:12:00,1.55,16145.0,United Kingdom
511896,47591D,PINK FAIRY CAKE CHILD'S APRON,2,2010-06-11 11:04:00,1.95,16161.0,United Kingdom
511932,84927D,LA PALMIERA TILE HOOK,1,2010-06-11 11:52:00,2.1,17996.0,United Kingdom
511955,47591D,PINK FAIRY CAKE CHILD'S APRON,3,2010-06-11 13:02:00,1.95,16547.0,United Kingdom
511960,M,Manual,6,2010-06-11 13:23:00,0.45,14727.0,United Kingdom
511961,84997D,PINK 3 PIECE MINI DOTS CUTLERY SET,6,2010-06-11 13:27:00,3.75,13337.0,United Kingdom
511967,M,Manual,1,2010-06-11 13:43:00,5.0,17867.0,United Kingdom
511976,84849D,HOT BATHS SOAP HOLDER,4,2010-06-11 14:37:00,1.69,17191.0,United Kingdom
511990,84997D,PINK 3 PIECE MINI DOTS CUTLERY SET,1,2010-06-11 15:03:00,3.75,13601.0,United Kingdom
511991,84997D,PINK 3 PIECE MINI DOTS CUTLERY SET,216,2010-06-11 15:07:00,3.39,12557.0,Spain
512002,M,Manual,1,2010-06-11 15:54:00,1000.63,14255.0,United Kingdom
512045,79190D,RETRO PLASTIC DAISY TRAY,15,2010-06-11 17:06:00,0.42,15856.0,United Kingdom
512046,15044D,RED PAPER PARASOL,1,2010-06-11 17:18:00,2.95,17091.0,United Kingdom
512062,15044D,RED PAPER PARASOL,12,2010-06-13 11:18:00,2.95,14465.0,United Kingdom
512067,90120D,WHITE MURANO TWIST BRACELET,2,2010-06-13 11:21:00,4.25,15751.0,United Kingdom
512071,47591D,PINK FAIRY CAKE CHILD'S APRON,1,2010-06-13 11:36:00,1.95,13736.0,United Kingdom
512079,79302M,"ART LIGHTS,FUNK MONKEY",6,2010-06-13 12:15:00,2.95,13941.0,United Kingdom
512083,POST,POSTAGE,2,2010-06-13 12:32:00,18.0,12623.0,Germany
512095,35600D,PINK AND WHITE CHRISTMAS TREE 180CM,12,2010-06-13 13:14:00,2.95,13394.0,United Kingdom
512096,84795D,SEASIDE STRIPE HAMMOCK,1,2010-06-13 13:19:00,7.95,17969.0,United Kingdom
512098,35471D,SET OF 3 BIRD LIGHT PINK FEATHER ,1,2010-06-13 13:30:00,1.25,17790.0,United Kingdom
512098,85131D,BEADED CRYSTAL HEART PINK\ON STICK,1,2010-06-13 13:30:00,1.25,17790.0,United Kingdom
512103,84997D,PINK 3 PIECE MINI DOTS CUTLERY SET,6,2010-06-13 13:46:00,3.75,15712.0,United Kingdom
512109,85184D,S/4 BLUE ROUND DECOUPAGE BOXES,1,2010-06-13 14:30:00,2.95,16710.0,United Kingdom
512111,47310M,"SMALL POP BOX,FUNKY MONKEY",48,2010-06-13 14:35:00,1.05,13162.0,United Kingdom
512111,84800M,MEDIUM WHITE/PINK ROSE ART FLOWER,24,2010-06-13 14:35:00,0.65,13162.0,United Kingdom
512118,90162D,ANT SILVER PURPLE BOUDICCA RING,2,2010-06-13 15:27:00,2.95,17231.0,United Kingdom
512118,90185D,CRYSTAL DIAMANTE EXPANDABLE RING,2,2010-06-13 15:27:00,4.25,17231.0,United Kingdom
512120,85071D,CHARLIE+LOLA MY ROOM DOOR SIGN,2,2010-06-13 15:48:00,2.55,14581.0,United Kingdom
512126,85049D,BRIGHT BLUES RIBBONS ,3,2010-06-13 16:10:00,1.25,16558.0,United Kingdom
512127,15044D,RED PAPER PARASOL,6,2010-06-14 08:48:00,2.95,13013.0,United Kingdom
512128,POST,POSTAGE,1,2010-06-14 09:40:00,35.0,12594.0,Italy
512177,84849D,HOT BATHS SOAP HOLDER,12,2010-06-14 12:01:00,1.69,15150.0,United Kingdom
512177,84569D,PACK 6 HEART/ICE-CREAM PATCHES,12,2010-06-14 12:01:00,1.25,15150.0,United Kingdom
512245,47591D,PINK FAIRY CAKE CHILD'S APRON,4,2010-06-14 12:39:00,1.95,15901.0,United Kingdom
512245,16168M,FUNKY MONKEY GIFT BAG MEDIUM,15,2010-06-14 12:39:00,0.42,15901.0,United Kingdom
512245,16162M,THE KING GIFT BAG 25x24x12cm,12,2010-06-14 12:39:00,0.42,15901.0,United Kingdom
512250,46000M,POLYESTER FILLER PAD 45x45cm,1,2010-06-14 12:46:00,1.55,16814.0,United Kingdom
512259,84997D,PINK 3 PIECE MINI DOTS CUTLERY SET,2,2010-06-14 13:03:00,3.75,17059.0,United Kingdom
512262,84849D,HOT BATHS SOAP HOLDER,1,2010-06-14 13:18:00,1.69,16007.0,United Kingdom
512271,85129D,BEADED CRYSTAL HEART PINK SMALL,12,2010-06-14 13:31:00,1.25,15817.0,United Kingdom
512271,46000M,POLYESTER FILLER PAD 45x45cm,2,2010-06-14 13:31:00,1.55,15817.0,United Kingdom
512271,46775D,SUNSET COLOUR CHUNKY KNITTED THROW,2,2010-06-14 13:31:00,16.95,15817.0,United Kingdom
512282,47591D,PINK FAIRY CAKE CHILD'S APRON,8,2010-06-14 14:06:00,1.95,14911.0,EIRE
512285,47591D,PINK FAIRY CAKE CHILD'S APRON,2,2010-06-14 14:27:00,1.95,13069.0,United Kingdom
512286,72800D,S/4 BLUE DINNER CANDLE SILVER FLOCK,4,2010-06-14 14:27:00,2.55,15967.0,United Kingdom
512295,84849D,HOT BATHS SOAP HOLDER,2,2010-06-14 15:11:00,1.69,15311.0,United Kingdom
512295,M,Manual,144,2010-06-14 15:11:00,1.25,15311.0,United Kingdom
512381,47591D,PINK FAIRY CAKE CHILD'S APRON,6,2010-06-15 12:11:00,1.95,16940.0,United Kingdom
512386,POST,POSTAGE,7,2010-06-15 12:14:00,18.0,12472.0,Germany
512386,84997D,PINK 3 PIECE MINI DOTS CUTLERY SET,6,2010-06-15 12:14:00,3.75,12472.0,Germany
512397,84795D,SEASIDE STRIPE HAMMOCK,4,2010-06-15 12:22:00,7.95,15039.0,United Kingdom
512397,84997D,PINK 3 PIECE MINI DOTS CUTLERY SET,3,2010-06-15 12:22:00,3.75,15039.0,United Kingdom
512411,84849D,HOT BATHS SOAP HOLDER,96,2010-06-15 13:19:00,1.45,14156.0,EIRE
512421,90214M,"LETTER ""M"" BLING KEY RING",7,2010-06-15 14:32:00,1.25,16779.0,United Kingdom
512425,47591D,PINK FAIRY CAKE CHILD'S APRON,1,2010-06-15 14:42:00,1.95,14723.0,United Kingdom
512455,85049D,BRIGHT BLUES RIBBONS ,12,2010-06-16 08:54:00,1.25,12957.0,United Kingdom
512455,84997D,PINK 3 PIECE MINI DOTS CUTLERY SET,6,2010-06-16 08:54:00,3.75,12957.0,United Kingdom
512458,85049D,BRIGHT BLUES RIBBONS ,12,2010-06-16 09:48:00,1.25,14634.0,United Kingdom
512514,90214M,"LETTER ""M"" BLING KEY RING",1,2010-06-16 11:17:00,1.25,14606.0,United Kingdom
512516,46000M,POLYESTER FILLER PAD 45x45cm,6,2010-06-16 11:30:00,1.55,14978.0,United Kingdom
512518,84968D,S/16 VINTAGE RED CUTLERY,4,2010-06-16 11:36:00,12.75,14543.0,United Kingdom
512528,47591D,PINK FAIRY CAKE CHILD'S APRON,2,2010-06-16 11:54:00,1.95,17952.0,United Kingdom
512532,84569D,PACK 6 HEART/ICE-CREAM PATCHES,12,2010-06-16 12:01:00,1.25,16253.0,United Kingdom
512538,POST,POSTAGE,3,2010-06-16 12:45:00,18.0,12613.0,Germany
512539,84997D,PINK 3 PIECE MINI DOTS CUTLERY SET,1,2010-06-16 12:48:00,3.75,13567.0,United Kingdom
512540,POST,POSTAGE,2,2010-06-16 12:54:00,18.0,12540.0,Spain
512542,84997D,PINK 3 PIECE MINI DOTS CUTLERY SET,2,2010-06-16 12:59:00,3.75,14527.0,United Kingdom
512544,15044D,RED PAPER PARASOL,2,2010-06-16 13:20:00,2.95,16327.0,United Kingdom
512544,84569D,PACK 6 HEART/ICE-CREAM PATCHES,5,2010-06-16 13:20:00,1.25,16327.0,United Kingdom
512544,85130D,BEADED CRYSTAL HEART PINK LARGE,4,2010-06-16 13:20:00,1.65,16327.0,United Kingdom
512553,84924D,LA PALMIERA METAL SIGN CALENDAR,1,2010-06-16 13:52:00,3.75,17841.0,United Kingdom
512553,85232D,SET/3 DECOUPAGE STACKING TINS,1,2010-06-16 13:52:00,4.95,17841.0,United Kingdom
512564,82613D,METAL SIGN CUPCAKE SINGLE HOOK,1,2010-06-16 14:34:00,1.25,14375.0,United Kingdom
512570,M,Manual,1,2010-06-16 14:47:00,10.0,14075.0,United Kingdom
512571,46000M,POLYESTER FILLER PAD 45x45cm,6,2010-06-16 14:49:00,1.55,12843.0,United Kingdom
512594,85049D,BRIGHT BLUES RIBBONS ,1,2010-06-16 16:47:00,1.25,16538.0,United Kingdom
512606,POST,POSTAGE,2,2010-06-17 09:30:00,18.0,13919.0,Denmark
512607,84849D,HOT BATHS SOAP HOLDER,12,2010-06-17 09:48:00,1.69,16134.0,United Kingdom
512607,47591D,PINK FAIRY CAKE CHILD'S APRON,8,2010-06-17 09:48:00,1.95,16134.0,United Kingdom
512614,47310M,"SMALL POP BOX,FUNKY MONKEY",2,2010-06-17 10:35:00,1.25,18039.0,United Kingdom
512614,47591D,PINK FAIRY CAKE CHILD'S APRON,1,2010-06-17 10:35:00,1.95,18039.0,United Kingdom
512658,BANK CHARGES,Bank Charges,1,2010-06-17 11:24:00,15.0,14085.0,United Kingdom
512659,M,Manual,1,2010-06-17 11:26:00,5.0,17884.0,United Kingdom
512685,84997D,PINK 3 PIECE MINI DOTS CUTLERY SET,6,2010-06-17 11:46:00,3.75,13971.0,United Kingdom
512695,85232D,SET/3 DECOUPAGE STACKING TINS,3,2010-06-17 11:53:00,4.95,15606.0,United Kingdom
512696,90039D,FIRE POLISHED GLASS BRACELET GREEN,6,2010-06-17 11:57:00,3.75,14911.0,EIRE
512696,90040D,MURANO STYLE GLASS BRACELET PINK,3,2010-06-17 11:57:00,3.5,14911.0,EIRE
512696,90024D,NEW BAROQUE B'FLY NECKLACE PINK,2,2010-06-17 11:57:00,8.5,14911.0,EIRE
512696,90200D,PINK SWEETHEART BRACELET,3,2010-06-17 11:57:00,4.25,14911.0,EIRE
512703,85170D,SET/6 PINK BIRD T-LIGHT CANDLES,2,2010-06-17 12:05:00,2.1,14606.0,United Kingdom
512723,POST,POSTAGE,4,2010-06-17 13:06:00,15.0,12417.0,Belgium
512744,POST,POSTAGE,6,2010-06-17 14:46:00,18.0,12681.0,France
512751,46000M,POLYESTER FILLER PAD 45x45cm,6,2010-06-17 15:08:00,1.55,17953.0,United Kingdom
512751,M,Manual,25,2010-06-17 15:08:00,0.42,17953.0,United Kingdom
512766,85184D,S/4 BLUE ROUND DECOUPAGE BOXES,2,2010-06-17 16:20:00,2.95,13077.0,United Kingdom
512767,84795D,SEASIDE STRIPE HAMMOCK,2,2010-06-17 16:34:00,7.95,17610.0,United Kingdom
512783,84849D,HOT BATHS SOAP HOLDER,1,2010-06-17 19:18:00,1.69,13969.0,United Kingdom
512800,46000M,POLYESTER FILLER PAD 45x45cm,5,2010-06-18 10:47:00,1.55,15402.0,United Kingdom
512803,79190D,RETRO PLASTIC DAISY TRAY,1,2010-06-18 11:05:00,0.42,15483.0,United Kingdom
512804,M,Manual,1,2010-06-18 11:16:00,241.38,16943.0,United Kingdom
512806,M,Manual,34,2010-06-18 11:21:00,0.21,15483.0,United Kingdom
512807,85232D,SET/3 DECOUPAGE STACKING TINS,24,2010-06-18 11:21:00,4.25,14646.0,Netherlands
512889,84997D,PINK 3 PIECE MINI DOTS CUTLERY SET,1,2010-06-18 12:04:00,3.75,16797.0,United Kingdom
512892,POST,POSTAGE,4,2010-06-18 12:28:00,15.0,12802.0,Netherlands
512902,POST,POSTAGE,2,2010-06-18 13:22:00,18.0,12412.0,Denmark
512907,16161M,WRAP  PINK FLOCK,25,2010-06-18 14:22:00,0.42,12932.0,United Kingdom
512920,47591D,PINK FAIRY CAKE CHILD'S APRON,10,2010-06-18 16:36:00,1.95,17883.0,United Kingdom
512930,POST,POSTAGE,4,2010-06-20 12:09:00,18.0,12621.0,Germany
512946,47591D,PINK FAIRY CAKE CHILD'S APRON,3,2010-06-20 15:32:00,1.95,17625.0,United Kingdom
512946,84997D,PINK 3 PIECE MINI DOTS CUTLERY SET,6,2010-06-20 15:32:00,3.75,17625.0,United Kingdom
512949,15044D,RED PAPER PARASOL,2,2010-06-20 16:06:00,2.95,15555.0,United Kingdom
512952,17165D,ASS COL LARGE SAND FROG P'WEIGHT,1,2010-06-21 09:56:00,1.05,16456.0,United Kingdom
512952,17165D,ASS COL LARGE SAND FROG P'WEIGHT,2,2010-06-21 09:56:00,1.05,16456.0,United Kingdom
512952,84924D,LA PALMIERA METAL SIGN CALENDAR,1,2010-06-21 09:56:00,3.75,16456.0,United Kingdom
512954,84997D,PINK 3 PIECE MINI DOTS CUTLERY SET,6,2010-06-21 10:13:00,3.75,15786.0,United Kingdom
512956,47591D,PINK FAIRY CAKE CHILD'S APRON,8,2010-06-21 10:32:00,1.95,14338.0,United Kingdom
513018,90120D,WHITE MURANO TWIST BRACELET,1,2010-06-21 11:42:00,4.25,14593.0,United Kingdom
513019,82613D,METAL SIGN CUPCAKE SINGLE HOOK,2,2010-06-21 11:55:00,1.25,14593.0,United Kingdom
513019,47591D,PINK FAIRY CAKE CHILD'S APRON,2,2010-06-21 11:55:00,1.95,14593.0,United Kingdom
513047,90214M,"LETTER ""M"" BLING KEY RING",1,2010-06-21 12:56:00,1.25,17841.0,United Kingdom
513047,90214D,"LETTER ""D"" BLING KEY RING",1,2010-06-21 12:56:00,1.25,17841.0,United Kingdom
513048,90214M,"LETTER ""M"" BLING KEY RING",3,2010-06-21 13:04:00,1.25,16391.0,United Kingdom
513048,M,Manual,1,2010-06-21 13:04:00,0.85,16391.0,United Kingdom
513049,85169D,PINK LOVE BIRD CANDLE,12,2010-06-21 13:12:00,1.25,13911.0,United Kingdom
513050,84249D,FAIRY CAKE GREETINGS CARD,12,2010-06-21 13:18:00,0.42,14493.0,United Kingdom
513050,35471D,SET OF 3 BIRD LIGHT PINK FEATHER ,1,2010-06-21 13:18:00,1.25,14493.0,United Kingdom
513050,47591D,PINK FAIRY CAKE CHILD'S APRON,3,2010-06-21 13:18:00,1.95,14493.0,United Kingdom
513050,84795D,SEASIDE STRIPE HAMMOCK,1,2010-06-21 13:18:00,7.95,14493.0,United Kingdom
513053,85232D,SET/3 DECOUPAGE STACKING TINS,3,2010-06-21 13:32:00,4.95,16062.0,United Kingdom
513056,84795D,SEASIDE STRIPE HAMMOCK,1,2010-06-21 13:52:00,7.95,13334.0,United Kingdom
513056,15044D,RED PAPER PARASOL,1,2010-06-21 13:52:00,2.95,13334.0,United Kingdom
513056,85185D,FROG SOCK PUPPET,4,2010-06-21 13:52:00,2.95,13334.0,United Kingdom
513056,47591D,PINK FAIRY CAKE CHILD'S APRON,6,2010-06-21 13:52:00,1.95,13334.0,United Kingdom
513058,84997D,PINK 3 PIECE MINI DOTS CUTLERY SET,6,2010-06-21 14:07:00,3.75,16503.0,United Kingdom
513108,90128D,PURPLE LEAVES AND BEADS PHONE CHAR,2,2010-06-21 16:04:00,1.25,14204.0,United Kingdom
513108,90120D,WHITE MURANO TWIST BRACELET,1,2010-06-21 16:04:00,4.25,14204.0,United Kingdom
513108,85049D,BRIGHT BLUES RIBBONS ,1,2010-06-21 16:04:00,1.25,14204.0,United Kingdom
513109,84997D,PINK 3 PIECE MINI DOTS CUTLERY SET,1,2010-06-21 16:07:00,3.75,17192.0,United Kingdom
513109,84249D,FAIRY CAKE GREETINGS CARD,24,2010-06-21 16:07:00,0.42,17192.0,United Kingdom
513109,47591D,PINK FAIRY CAKE CHILD'S APRON,2,2010-06-21 16:07:00,1.95,17192.0,United Kingdom
513111,90160D,PINK BOUDICCA LARGE BRACELET,4,2010-06-21 16:23:00,6.95,13421.0,United Kingdom
513112,47591D,PINK FAIRY CAKE CHILD'S APRON,4,2010-06-21 16:28:00,1.95,17338.0,United Kingdom
513112,17165D,ASS COL LARGE SAND FROG P'WEIGHT,4,2010-06-21 16:28:00,1.05,17338.0,United Kingdom
513122,POST,POSTAGE,1,2010-06-22 10:05:00,130.0,12634.0,USA
513147,POST,POSTAGE,1,2010-06-22 10:38:00,15.0,12774.0,Netherlands
513172,POST,POSTAGE,3,2010-06-22 12:16:00,28.0,12785.0,Portugal
513188,84997D,PINK 3 PIECE MINI DOTS CUTLERY SET,6,2010-06-22 14:00:00,3.75,12724.0,France
513188,POST,POSTAGE,3,2010-06-22 14:00:00,18.0,12724.0,France
513190,85232D,SET/3 DECOUPAGE STACKING TINS,1,2010-06-22 14:21:00,4.95,16894.0,United Kingdom
513190,46000M,POLYESTER FILLER PAD 45x45cm,3,2010-06-22 14:21:00,1.55,16894.0,United Kingdom
513190,85131D,BEADED CRYSTAL HEART PINK\ON STICK,2,2010-06-22 14:21:00,1.25,16894.0,United Kingdom
513190,17109D,FLOWER FAIRY INCENSE BOUQUET,3,2010-06-22 14:21:00,1.69,16894.0,United Kingdom
513194,84997D,PINK 3 PIECE MINI DOTS CUTLERY SET,12,2010-06-22 14:45:00,3.75,14680.0,United Kingdom
513196,84997D,PINK 3 PIECE MINI DOTS CUTLERY SET,6,2010-06-22 15:28:00,3.75,13539.0,United Kingdom
513197,47591D,PINK FAIRY CAKE CHILD'S APRON,8,2010-06-22 15:50:00,1.95,15827.0,United Kingdom
513203,85232D,SET/3 DECOUPAGE STACKING TINS,6,2010-06-23 08:14:00,4.95,14911.0,EIRE
513213,90201D,GREEN ENAMEL FLOWER RING,6,2010-06-23 10:19:00,2.95,17422.0,United Kingdom
513248,POST,POSTAGE,2,2010-06-23 10:49:00,28.0,12792.0,Portugal
513263,M,Manual,28,2010-06-23 11:34:00,0.21,14725.0,United Kingdom
513275,POST,POSTAGE,3,2010-06-23 12:49:00,15.0,12379.0,Belgium
513276,84968D,S/16 VINTAGE RED CUTLERY,4,2010-06-23 12:53:00,12.75,14543.0,United Kingdom
513279,84997D,PINK 3 PIECE MINI DOTS CUTLERY SET,6,2010-06-23 13:19:00,3.75,16180.0,United Kingdom
513305,37491D,PURPLE/BLUE CERAMIC CANDLE HOLDER,8,2010-06-23 14:34:00,1.65,15248.0,United Kingdom
513305,85129D,BEADED CRYSTAL HEART PINK SMALL,12,2010-06-23 14:34:00,1.25,15248.0,United Kingdom
513305,85130D,BEADED CRYSTAL HEART PINK LARGE,12,2010-06-23 14:34:00,1.65,15248.0,United Kingdom
513305,90037D,TINY CRYSTALS BRACELET BLACK,6,2010-06-23 14:34:00,2.55,15248.0,United Kingdom
513305,90040D,MURANO STYLE GLASS BRACELET PINK,3,2010-06-23 14:34:00,3.5,15248.0,United Kingdom
513305,90200D,PINK SWEETHEART BRACELET,3,2010-06-23 14:34:00,4.25,15248.0,United Kingdom
513324,15044D,RED PAPER PARASOL,3,2010-06-23 16:52:00,2.95,17345.0,United Kingdom
513326,47591D,PINK FAIRY CAKE CHILD'S APRON,1,2010-06-23 17:04:00,1.95,16918.0,United Kingdom
513334,POST,POSTAGE,3,2010-06-24 09:29:00,18.0,12437.0,France
513336,85049D,BRIGHT BLUES RIBBONS ,12,2010-06-24 09:51:00,1.25,12705.0,Germany
513409,90013D,PURPLE VINTAGE EARRINGS,12,2010-06-24 12:10:00,3.75,17696.0,United Kingdom
513410,17090D,VANILLA INCENSE 40 CONES IN TIN,1,2010-06-24 12:11:00,1.25,15051.0,United Kingdom
513410,84997D,PINK 3 PIECE MINI DOTS CUTLERY SET,2,2010-06-24 12:11:00,3.75,15051.0,United Kingdom
513422,84795D,SEASIDE STRIPE HAMMOCK,2,2010-06-24 12:49:00,7.95,14527.0,United Kingdom
513425,85129D,BEADED CRYSTAL HEART PINK SMALL,24,2010-06-24 13:00:00,1.25,13057.0,United Kingdom
513425,17165D,ASS COL LARGE SAND FROG P'WEIGHT,27,2010-06-24 13:00:00,1.05,13057.0,United Kingdom
513461,M,Manual,12,2010-06-24 15:50:00,1.25,15043.0,United Kingdom
513461,85184D,S/4 BLUE ROUND DECOUPAGE BOXES,1,2010-06-24 15:50:00,2.95,15043.0,United Kingdom
513487,90060D,FIRE POLISHED GLASS NECKL BRONZE,1,2010-06-24 18:06:00,5.95,13208.0,United Kingdom
513496,84706D,CHERRY BLOSSOM TABLE CLOCK ,24,2010-06-25 10:17:00,1.95,14401.0,United Kingdom
513551,85049D,BRIGHT BLUES RIBBONS ,2,2010-06-25 12:42:00,1.25,17377.0,United Kingdom
513551,46000M,POLYESTER FILLER PAD 45x45cm,8,2010-06-25 12:42:00,1.55,17377.0,United Kingdom
513557,85232D,SET/3 DECOUPAGE STACKING TINS,3,2010-06-25 13:26:00,4.95,16497.0,United Kingdom
513558,47591D,PINK FAIRY CAKE CHILD'S APRON,8,2010-06-25 13:27:00,1.95,17138.0,United Kingdom
513558,84997D,PINK 3 PIECE MINI DOTS CUTLERY SET,6,2010-06-25 13:27:00,3.75,17138.0,United Kingdom
513564,ADJUST2,Adjustment by Peter on Jun 25 2010 ,1,2010-06-25 14:15:00,300.13,17050.0,United Kingdom
513566,ADJUST2,Adjustment by Peter on Jun 25 2010 ,1,2010-06-25 14:15:00,358.47,17364.0,United Kingdom
513565,ADJUST2,Adjustment by Peter on Jun 25 2010 ,1,2010-06-25 14:15:00,72.45,16422.0,United Kingdom
513594,84569D,PACK 6 HEART/ICE-CREAM PATCHES,1,2010-06-27 10:54:00,1.25,16782.0,United Kingdom
513602,46000M,POLYESTER FILLER PAD 45x45cm,6,2010-06-27 11:29:00,1.55,14058.0,United Kingdom
513605,85049D,BRIGHT BLUES RIBBONS ,2,2010-06-27 11:45:00,1.25,13230.0,United Kingdom
513608,84924D,LA PALMIERA METAL SIGN CALENDAR,2,2010-06-27 12:01:00,3.75,15547.0,United Kingdom
513615,84997D,PINK 3 PIECE MINI DOTS CUTLERY SET,2,2010-06-27 12:25:00,3.75,15998.0,United Kingdom
513616,15044D,RED PAPER PARASOL,1,2010-06-27 12:27:00,2.95,16059.0,United Kingdom
513616,85049D,BRIGHT BLUES RIBBONS ,2,2010-06-27 12:27:00,1.25,16059.0,United Kingdom
513619,47591D,PINK FAIRY CAKE CHILD'S APRON,16,2010-06-27 12:46:00,1.95,16453.0,United Kingdom
513620,84997D,PINK 3 PIECE MINI DOTS CUTLERY SET,6,2010-06-27 12:51:00,3.75,14532.0,United Kingdom
513625,85049D,BRIGHT BLUES RIBBONS ,10,2010-06-27 13:09:00,1.25,14505.0,United Kingdom
513625,84849D,HOT BATHS SOAP HOLDER,3,2010-06-27 13:09:00,1.69,14505.0,United Kingdom
513625,72800D,S/4 BLUE DINNER CANDLE SILVER FLOCK,1,2010-06-27 13:09:00,2.55,14505.0,United Kingdom
513626,35471D,SET OF 3 BIRD LIGHT PINK FEATHER ,5,2010-06-27 13:11:00,1.25,17364.0,United Kingdom
513630,84997D,PINK 3 PIECE MINI DOTS CUTLERY SET,4,2010-06-27 13:25:00,3.75,17372.0,United Kingdom
513631,84997D,PINK 3 PIECE MINI DOTS CUTLERY SET,6,2010-06-27 13:26:00,3.75,12951.0,United Kingdom
513635,47591D,PINK FAIRY CAKE CHILD'S APRON,8,2010-06-27 13:40:00,1.95,16701.0,United Kingdom
513636,46000M,POLYESTER FILLER PAD 45x45cm,6,2010-06-27 13:43:00,1.55,17905.0,United Kingdom
513647,84997D,PINK 3 PIECE MINI DOTS CUTLERY SET,72,2010-06-28 08:28:00,3.39,14646.0,Netherlands
513647,85049D,BRIGHT BLUES RIBBONS ,144,2010-06-28 08:28:00,1.06,14646.0,Netherlands
513667,47591D,PINK FAIRY CAKE CHILD'S APRON,50,2010-06-28 11:26:00,1.65,15523.0,United Kingdom
513712,17165D,ASS COL LARGE SAND FROG P'WEIGHT,9,2010-06-28 11:54:00,1.05,13129.0,United Kingdom
513750,47591D,PINK FAIRY CAKE CHILD'S APRON,3,2010-06-28 12:38:00,1.95,17019.0,United Kingdom
513750,M,Manual,4,2010-06-28 12:38:00,2.55,17019.0,United Kingdom
513750,84997D,PINK 3 PIECE MINI DOTS CUTLERY SET,5,2010-06-28 12:38:00,3.75,17019.0,United Kingdom
513751,84849D,HOT BATHS SOAP HOLDER,2,2010-06-28 12:43:00,1.69,13123.0,United Kingdom
513752,47591D,PINK FAIRY CAKE CHILD'S APRON,2,2010-06-28 12:47:00,1.95,17068.0,United Kingdom
513762,85049D,BRIGHT BLUES RIBBONS ,12,2010-06-28 12:58:00,1.25,12451.0,Switzerland
513763,POST,POSTAGE,7,2010-06-28 13:06:00,28.0,12784.0,Portugal
513769,POST,POSTAGE,1,2010-06-28 13:44:00,18.0,12701.0,Germany
513772,85049D,BRIGHT BLUES RIBBONS ,3,2010-06-28 13:52:00,1.25,17259.0,United Kingdom
513778,85185D,FROG SOCK PUPPET,1,2010-06-28 14:05:00,2.95,17326.0,United Kingdom
513784,POST,POSTAGE,1,2010-06-28 14:36:00,170.0,12741.0,USA
513789,85184D,S/4 BLUE ROUND DECOUPAGE BOXES,6,2010-06-28 15:22:00,2.95,12485.0,Sweden
513790,79191D,RETRO PLASTIC DAISY TRAY,1,2010-06-28 15:26:00,0.85,13069.0,United Kingdom
513792,84849D,HOT BATHS SOAP HOLDER,12,2010-06-28 15:29:00,1.69,14020.0,United Kingdom
513796,85049D,BRIGHT BLUES RIBBONS ,12,2010-06-28 15:57:00,1.25,12799.0,Japan
513809,POST,POSTAGE,2,2010-06-29 09:28:00,18.0,12682.0,France
513813,POST,POSTAGE,6,2010-06-29 09:52:00,18.0,13023.0,United Kingdom
513815,POST,POSTAGE,1,2010-06-29 09:59:00,18.0,12647.0,Germany
513814,84997D,PINK 3 PIECE MINI DOTS CUTLERY SET,6,2010-06-29 09:59:00,3.75,15544.0,United Kingdom
513820,POST,POSTAGE,2,2010-06-29 10:35:00,18.0,12567.0,France
513854,46000M,POLYESTER FILLER PAD 45x45cm,5,2010-06-29 11:10:00,1.55,17377.0,United Kingdom
513876,POST,POSTAGE,6,2010-06-29 11:55:00,18.0,12471.0,Germany
513878,46000M,POLYESTER FILLER PAD 45x45cm,4,2010-06-29 11:56:00,1.55,16103.0,United Kingdom
513938,15044D,RED PAPER PARASOL,6,2010-06-29 12:45:00,2.95,13089.0,United Kingdom
513940,POST,POSTAGE,1,2010-06-29 13:05:00,15.0,12788.0,Netherlands
513943,90082D,DIAMANTE BOW BROOCH BLACK COLOUR,6,2010-06-29 13:13:00,6.35,14040.0,United Kingdom
513945,47591D,PINK FAIRY CAKE CHILD'S APRON,8,2010-06-29 13:20:00,1.95,13001.0,United Kingdom
513950,47591D,PINK FAIRY CAKE CHILD'S APRON,24,2010-06-29 13:52:00,1.95,15425.0,United Kingdom
513952,47591D,PINK FAIRY CAKE CHILD'S APRON,3,2010-06-29 14:11:00,1.95,14049.0,United Kingdom
513952,85185D,FROG SOCK PUPPET,2,2010-06-29 14:11:00,2.95,14049.0,United Kingdom
513953,16168M,FUNKY MONKEY GIFT BAG MEDIUM,24,2010-06-29 14:14:00,0.42,14426.0,United Kingdom
513960,84997D,PINK 3 PIECE MINI DOTS CUTLERY SET,6,2010-06-29 15:04:00,3.75,15430.0,United Kingdom
513964,84997D,PINK 3 PIECE MINI DOTS CUTLERY SET,6,2010-06-29 15:17:00,3.75,12380.0,Belgium
513964,POST,POSTAGE,12,2010-06-29 15:17:00,15.0,12380.0,Belgium
513965,POST,POSTAGE,4,2010-06-29 15:28:00,15.0,12380.0,Belgium
513967,POST,POSTAGE,1,2010-06-29 15:34:00,145.0,12380.0,Belgium
513972,M,Manual,1,2010-06-29 16:13:00,4.25,15532.0,United Kingdom
513975,15044D,RED PAPER PARASOL,2,2010-06-29 16:43:00,2.95,13451.0,United Kingdom
513987,84997D,PINK 3 PIECE MINI DOTS CUTLERY SET,6,2010-06-30 08:30:00,3.75,12415.0,Australia
513995,POST,POSTAGE,3,2010-06-30 08:50:00,18.0,13813.0,Germany
514009,90059D,DIAMANTE HAIR GRIP PACK/2 PERIDOT,6,2010-06-30 10:03:00,1.65,15755.0,United Kingdom
514022,84795D,SEASIDE STRIPE HAMMOCK,5,2010-06-30 11:06:00,7.95,15039.0,United Kingdom
514026,47591D,PINK FAIRY CAKE CHILD'S APRON,8,2010-06-30 11:32:00,1.95,17676.0,United Kingdom
514058,47591D,PINK FAIRY CAKE CHILD'S APRON,8,2010-06-30 11:49:00,1.95,17578.0,United Kingdom
514063,POST,POSTAGE,2,2010-06-30 11:57:00,18.0,12708.0,Germany
514064,90129D,AMBER GLASS TASSLE BAG CHARM,4,2010-06-30 11:57:00,2.95,14398.0,United Kingdom
514082,15044D,RED PAPER PARASOL,100,2010-06-30 12:02:00,2.55,16684.0,United Kingdom
514098,85232D,SET/3 DECOUPAGE STACKING TINS,7,2010-06-30 12:30:00,4.95,13097.0,United Kingdom
514114,84705D,CHERRY BLOSSOM PHOTO FRAME ,6,2010-06-30 12:49:00,4.65,14555.0,United Kingdom
514116,47591D,PINK FAIRY CAKE CHILD'S APRON,8,2010-06-30 12:52:00,1.95,16592.0,United Kingdom
514129,46000M,POLYESTER FILLER PAD 45x45cm,36,2010-06-30 13:13:00,1.55,16098.0,United Kingdom
514129,85049D,BRIGHT BLUES RIBBONS ,2,2010-06-30 13:13:00,1.25,16098.0,United Kingdom
514138,85049D,BRIGHT BLUES RIBBONS ,12,2010-06-30 13:43:00,1.25,14911.0,EIRE
514138,17165D,ASS COL LARGE SAND FROG P'WEIGHT,9,2010-06-30 13:43:00,1.05,14911.0,EIRE
514140,47591D,PINK FAIRY CAKE CHILD'S APRON,8,2010-06-30 13:49:00,1.95,17748.0,United Kingdom
514157,M,Manual,1,2010-06-30 14:20:00,85.13,14911.0,EIRE
514164,85232D,SET/3 DECOUPAGE STACKING TINS,3,2010-06-30 15:35:00,4.95,13872.0,United Kingdom
514165,POST,POSTAGE,4,2010-06-30 15:35:00,18.0,12714.0,France
514219,POST,POSTAGE,2,2010-07-01 09:15:00,18.0,12575.0,France
514220,84849D,HOT BATHS SOAP HOLDER,12,2010-07-01 09:36:00,1.69,17146.0,United Kingdom
514221,85232D,SET/3 DECOUPAGE STACKING TINS,24,2010-07-01 09:56:00,4.25,12653.0,Israel
514226,85049D,BRIGHT BLUES RIBBONS ,12,2010-07-01 10:28:00,1.25,12468.0,Germany
514226,POST,POSTAGE,3,2010-07-01 10:28:00,18.0,12468.0,Germany
514244,84997D,PINK 3 PIECE MINI DOTS CUTLERY SET,6,2010-07-01 10:41:00,3.75,17083.0,United Kingdom
514280,15044D,RED PAPER PARASOL,6,2010-07-01 11:59:00,2.95,13081.0,United Kingdom
514293,82613D,METAL SIGN CUPCAKE SINGLE HOOK,1,2010-07-01 12:13:00,1.25,18109.0,United Kingdom
514293,84849D,HOT BATHS SOAP HOLDER,4,2010-07-01 12:13:00,1.69,18109.0,United Kingdom
514310,POST,POSTAGE,1,2010-07-01 13:14:00,15.0,12765.0,Netherlands
514312,POST,POSTAGE,2,2010-07-01 13:25:00,18.0,12662.0,Germany
514319,POST,POSTAGE,2,2010-07-01 13:46:00,40.0,12576.0,Poland
514324,M,Manual,2,2010-07-01 14:13:00,0.85,16011.0,United Kingdom
514328,84997D,PINK 3 PIECE MINI DOTS CUTLERY SET,1,2010-07-01 14:24:00,3.75,17913.0,United Kingdom
514329,M,Manual,4,2010-07-01 14:27:00,20.3,13503.0,United Kingdom
514347,85129D,BEADED CRYSTAL HEART PINK SMALL,12,2010-07-01 15:33:00,1.25,13557.0,United Kingdom
514355,84997D,PINK 3 PIECE MINI DOTS CUTLERY SET,6,2010-07-01 16:48:00,3.75,17589.0,United Kingdom
514355,82613D,METAL SIGN CUPCAKE SINGLE HOOK,3,2010-07-01 16:48:00,1.25,17589.0,United Kingdom
514355,M,Manual,6,2010-07-01 16:48:00,2.55,17589.0,United Kingdom
514362,85049D,BRIGHT BLUES RIBBONS ,12,2010-07-01 17:54:00,1.25,14154.0,United Kingdom
514367,79191D,RETRO PLASTIC DAISY TRAY,11,2010-07-01 19:16:00,0.85,15015.0,United Kingdom
514369,84968D,S/16 VINTAGE RED CUTLERY,3,2010-07-02 08:26:00,12.75,12477.0,Germany
514369,35598D,PINK/WHITE CHRISTMAS TREE 60CM,12,2010-07-02 08:26:00,1.25,12477.0,Germany
514371,POST,POSTAGE,1,2010-07-02 09:27:00,18.0,12422.0,Switzerland
514387,POST,POSTAGE,10,2010-07-02 11:44:00,18.0,12633.0,Germany
514395,85232D,SET/3 DECOUPAGE STACKING TINS,3,2010-07-02 12:03:00,4.95,15498.0,United Kingdom
514461,15044D,RED PAPER PARASOL,1,2010-07-02 12:41:00,2.95,17841.0,United Kingdom
514462,47591D,PINK FAIRY CAKE CHILD'S APRON,3,2010-07-02 12:43:00,1.95,14963.0,United Kingdom
514480,84997D,PINK 3 PIECE MINI DOTS CUTLERY SET,2,2010-07-02 14:15:00,3.75,16409.0,United Kingdom
514480,17165D,ASS COL LARGE SAND FROG P'WEIGHT,1,2010-07-02 14:15:00,1.05,16409.0,United Kingdom
514481,84849D,HOT BATHS SOAP HOLDER,12,2010-07-02 14:37:00,1.69,14210.0,United Kingdom
514484,POST,POSTAGE,2,2010-07-02 14:39:00,18.0,12422.0,Switzerland
514486,POST,POSTAGE,1,2010-07-02 14:41:00,40.0,12422.0,Switzerland
514487,M,Manual,1,2010-07-02 14:46:00,6.75,18002.0,United Kingdom
514488,M,Manual,2,2010-07-02 15:09:00,0.55,17988.0,United Kingdom
514491,M,Manual,5,2010-07-02 15:17:00,0.55,17988.0,United Kingdom
514497,84997D,PINK 3 PIECE MINI DOTS CUTLERY SET,1,2010-07-04 10:36:00,3.75,16782.0,United Kingdom
514498,79191D,RETRO PLASTIC DAISY TRAY,2,2010-07-04 10:45:00,0.85,16782.0,United Kingdom
514498,84997D,PINK 3 PIECE MINI DOTS CUTLERY SET,1,2010-07-04 10:45:00,3.75,16782.0,United Kingdom
514499,82613D,METAL SIGN CUPCAKE SINGLE HOOK,2,2010-07-04 10:55:00,1.25,14896.0,United Kingdom
514502,46000M,POLYESTER FILLER PAD 45x45cm,6,2010-07-04 11:12:00,1.55,12843.0,United Kingdom
514505,90120D,WHITE MURANO TWIST BRACELET,1,2010-07-04 11:40:00,4.25,17201.0,United Kingdom
514529,84997D,PINK 3 PIECE MINI DOTS CUTLERY SET,6,2010-07-05 09:58:00,3.75,12681.0,France
514529,POST,POSTAGE,2,2010-07-05 09:58:00,18.0,12681.0,France
514553,47591D,PINK FAIRY CAKE CHILD'S APRON,2,2010-07-05 11:15:00,1.95,14710.0,United Kingdom
514643,85184D,S/4 BLUE ROUND DECOUPAGE BOXES,6,2010-07-05 12:40:00,2.95,12469.0,Thailand
514643,85232D,SET/3 DECOUPAGE STACKING TINS,3,2010-07-05 12:40:00,4.95,12469.0,Thailand
514643,84997D,PINK 3 PIECE MINI DOTS CUTLERY SET,8,2010-07-05 12:40:00,3.75,12469.0,Thailand
514665,84925D,LA PALMIERA WALL THERMOMETER,1,2010-07-05 13:04:00,2.55,16110.0,United Kingdom
514668,47591D,PINK FAIRY CAKE CHILD'S APRON,1,2010-07-05 13:14:00,1.95,17867.0,United Kingdom
514682,POST,POSTAGE,5,2010-07-05 13:56:00,18.0,12693.0,Germany
514692,POST,POSTAGE,1,2010-07-05 14:47:00,18.0,12500.0,Germany
514693,85232D,SET/3 DECOUPAGE STACKING TINS,1,2010-07-05 14:48:00,4.95,17287.0,United Kingdom
514697,15044D,RED PAPER PARASOL,50,2010-07-05 15:09:00,2.55,18258.0,United Kingdom
514721,82613D,METAL SIGN CUPCAKE SINGLE HOOK,2,2010-07-05 16:48:00,1.25,15311.0,United Kingdom
514724,84997D,PINK 3 PIECE MINI DOTS CUTLERY SET,6,2010-07-06 08:46:00,3.75,16503.0,United Kingdom
514729,15044D,RED PAPER PARASOL,50,2010-07-06 09:52:00,2.55,15061.0,United Kingdom
514730,17165D,ASS COL LARGE SAND FROG P'WEIGHT,36,2010-07-06 09:53:00,0.62,14609.0,United Kingdom
514808,84997D,PINK 3 PIECE MINI DOTS CUTLERY SET,72,2010-07-06 11:39:00,3.39,12403.0,Denmark
514808,POST,POSTAGE,2,2010-07-06 11:39:00,18.0,12403.0,Denmark
514814,POST,POSTAGE,2,2010-07-06 12:15:00,15.0,12402.0,Belgium
514823,79030D,"TUMBLER, BAROQUE",6,2010-07-06 12:19:00,1.65,12730.0,Germany
514823,85232D,SET/3 DECOUPAGE STACKING TINS,3,2010-07-06 12:19:00,4.95,12730.0,Germany
514823,POST,POSTAGE,7,2010-07-06 12:19:00,18.0,12730.0,Germany
514826,84997D,PINK 3 PIECE MINI DOTS CUTLERY SET,2,2010-07-06 13:13:00,3.75,14452.0,United Kingdom
514845,16161M,WRAP  PINK FLOCK,25,2010-07-06 15:50:00,0.42,18171.0,United Kingdom
514845,90161D,ANT COPPER PINK BOUDICCA BRACELET,3,2010-07-06 15:50:00,4.95,18171.0,United Kingdom
514850,47591D,PINK FAIRY CAKE CHILD'S APRON,8,2010-07-06 16:14:00,1.95,17145.0,United Kingdom
514852,16169M,WRAP DAISY CARPET ,25,2010-07-06 16:36:00,0.42,16229.0,United Kingdom
514864,POST,POSTAGE,2,2010-07-07 09:39:00,18.0,12632.0,Germany
514866,82613D,METAL SIGN CUPCAKE SINGLE HOOK,8,2010-07-07 09:42:00,1.25,14016.0,EIRE
514866,84997D,PINK 3 PIECE MINI DOTS CUTLERY SET,6,2010-07-07 09:42:00,3.75,14016.0,EIRE
514867,POST,POSTAGE,3,2010-07-07 09:49:00,18.0,12583.0,France
514938,84997D,PINK 3 PIECE MINI DOTS CUTLERY SET,6,2010-07-07 11:25:00,3.75,16700.0,United Kingdom
514949,POST,POSTAGE,3,2010-07-07 11:53:00,15.0,12759.0,Netherlands
514962,15044D,RED PAPER PARASOL,6,2010-07-07 12:08:00,2.95,14156.0,EIRE
514982,84706D,CHERRY BLOSSOM TABLE CLOCK ,2,2010-07-07 13:43:00,8.95,16934.0,United Kingdom
514984,85129D,BEADED CRYSTAL HEART PINK SMALL,1,2010-07-07 13:50:00,1.25,17841.0,United Kingdom
514984,35471D,SET OF 3 BIRD LIGHT PINK FEATHER ,5,2010-07-07 13:50:00,1.25,17841.0,United Kingdom
514984,15044D,RED PAPER PARASOL,3,2010-07-07 13:50:00,2.95,17841.0,United Kingdom
514993,84249D,FAIRY CAKE GREETINGS CARD,12,2010-07-07 14:32:00,0.42,13593.0,United Kingdom
515003,46000M,POLYESTER FILLER PAD 45x45cm,12,2010-07-07 15:41:00,1.55,16649.0,United Kingdom
515012,85049D,BRIGHT BLUES RIBBONS ,3,2010-07-07 16:14:00,1.25,15581.0,United Kingdom
515019,POST,POSTAGE,2,2010-07-08 09:00:00,18.0,12712.0,Germany
515020,POST,POSTAGE,1,2010-07-08 09:13:00,15.0,12399.0,Belgium
515021,47591D,PINK FAIRY CAKE CHILD'S APRON,16,2010-07-08 09:15:00,1.95,18276.0,United Kingdom
515026,46000M,POLYESTER FILLER PAD 45x45cm,8,2010-07-08 10:15:00,1.55,17623.0,United Kingdom
515088,84569D,PACK 6 HEART/ICE-CREAM PATCHES,1,2010-07-08 11:01:00,1.25,17988.0,United Kingdom
515099,47310M,"SMALL POP BOX,FUNKY MONKEY",6,2010-07-08 11:54:00,1.25,13468.0,United Kingdom
515114,15044D,RED PAPER PARASOL,6,2010-07-08 12:32:00,2.95,13668.0,United Kingdom
515118,POST,POSTAGE,2,2010-07-08 13:31:00,28.0,12782.0,Portugal
515119,84875D,BLUE SQUARE COMPACT MIRROR,24,2010-07-08 13:35:00,1.25,15518.0,United Kingdom
515123,POST,POSTAGE,3,2010-07-08 14:06:00,18.0,12592.0,Germany
515128,M,Manual,1,2010-07-08 14:18:00,715.02,12592.0,Germany
515146,POST,POSTAGE,3,2010-07-08 14:26:00,18.0,12592.0,Germany
515149,17107D,"FLOWER FAIRY,5 SUMMER B'DRAW LINERS",6,2010-07-08 14:45:00,2.55,12963.0,United Kingdom
515174,84849D,HOT BATHS SOAP HOLDER,12,2010-07-08 16:56:00,1.69,15101.0,United Kingdom
515179,84569D,PACK 6 HEART/ICE-CREAM PATCHES,12,2010-07-08 18:33:00,1.25,16032.0,United Kingdom
515181,85049D,BRIGHT BLUES RIBBONS ,2,2010-07-08 19:12:00,1.25,17231.0,United Kingdom
515183,47591D,PINK FAIRY CAKE CHILD'S APRON,1,2010-07-08 20:00:00,1.95,16549.0,United Kingdom
515192,85049D,BRIGHT BLUES RIBBONS ,12,2010-07-09 10:26:00,1.25,18225.0,United Kingdom
515255,84997D,PINK 3 PIECE MINI DOTS CUTLERY SET,6,2010-07-09 11:44:00,3.75,17228.0,United Kingdom
515280,POST,POSTAGE,2,2010-07-09 13:45:00,18.0,12621.0,Germany
515296,47591D,PINK FAIRY CAKE CHILD'S APRON,1,2010-07-09 15:20:00,1.95,13734.0,United Kingdom
515305,84997D,PINK 3 PIECE MINI DOTS CUTLERY SET,6,2010-07-09 15:48:00,3.75,14911.0,EIRE
515310,79190D,RETRO PLASTIC DAISY TRAY,15,2010-07-09 17:17:00,0.42,15856.0,United Kingdom
515320,79191D,RETRO PLASTIC DAISY TRAY,2,2010-07-11 12:06:00,0.85,15965.0,United Kingdom
515320,79190D,RETRO PLASTIC DAISY TRAY,2,2010-07-11 12:06:00,0.42,15965.0,United Kingdom
515328,17090D,VANILLA INCENSE 40 CONES IN TIN,1,2010-07-11 12:59:00,1.25,14805.0,United Kingdom
515329,84997D,PINK 3 PIECE MINI DOTS CUTLERY SET,4,2010-07-11 13:34:00,3.75,17802.0,United Kingdom
515329,85184D,S/4 BLUE ROUND DECOUPAGE BOXES,1,2010-07-11 13:34:00,2.95,17802.0,United Kingdom
515329,85049D,BRIGHT BLUES RIBBONS ,3,2010-07-11 13:34:00,1.25,17802.0,United Kingdom
515333,84569D,PACK 6 HEART/ICE-CREAM PATCHES,2,2010-07-11 14:07:00,1.25,14516.0,United Kingdom
515333,17109D,FLOWER FAIRY INCENSE BOUQUET,1,2010-07-11 14:07:00,1.69,14516.0,United Kingdom
515333,17107D,"FLOWER FAIRY,5 SUMMER B'DRAW LINERS",4,2010-07-11 14:07:00,2.55,14516.0,United Kingdom
515333,90161D,ANT COPPER PINK BOUDICCA BRACELET,1,2010-07-11 14:07:00,4.95,14516.0,United Kingdom
515334,47591D,PINK FAIRY CAKE CHILD'S APRON,50,2010-07-11 14:13:00,1.65,15523.0,United Kingdom
515338,84997D,PINK 3 PIECE MINI DOTS CUTLERY SET,12,2010-07-11 15:53:00,3.75,15544.0,United Kingdom
515344,47591D,PINK FAIRY CAKE CHILD'S APRON,8,2010-07-12 10:07:00,1.95,14911.0,EIRE
515346,M,Manual,1,2010-07-12 10:24:00,10.0,14608.0,United Kingdom
515347,POST,POSTAGE,3,2010-07-12 10:26:00,18.0,12472.0,Germany
515386,79190D,RETRO PLASTIC DAISY TRAY,1,2010-07-12 11:24:00,0.42,13779.0,United Kingdom
515404,46000M,POLYESTER FILLER PAD 45x45cm,12,2010-07-12 11:45:00,1.55,17838.0,United Kingdom
515406,84849D,HOT BATHS SOAP HOLDER,2,2010-07-12 11:59:00,1.69,14159.0,United Kingdom
515406,84997D,PINK 3 PIECE MINI DOTS CUTLERY SET,1,2010-07-12 11:59:00,3.75,14159.0,United Kingdom
515420,85049D,BRIGHT BLUES RIBBONS ,6,2010-07-12 13:15:00,1.25,17365.0,United Kingdom
515423,84925D,LA PALMIERA WALL THERMOMETER,2,2010-07-12 13:26:00,2.55,17143.0,United Kingdom
515423,84924D,LA PALMIERA METAL SIGN CALENDAR,2,2010-07-12 13:26:00,3.75,17143.0,United Kingdom
515423,84849D,HOT BATHS SOAP HOLDER,3,2010-07-12 13:26:00,1.69,17143.0,United Kingdom
515484,47591D,PINK FAIRY CAKE CHILDRENS APRON,2,2010-07-13 10:25:00,1.95,17994.0,United Kingdom
515484,72801D,S/4 SKY BLUE DINNER CANDLES,1,2010-07-13 10:25:00,1.25,17994.0,United Kingdom
515533,84249D,FAIRY CAKE GREETINGS CARD,12,2010-07-13 12:08:00,0.42,15719.0,United Kingdom
515569,37489D,PINK/GREEN FLOWER DESIGN BIG MUG,2,2010-07-13 12:33:00,1.95,14461.0,United Kingdom
515591,15044D,RED PAPER PARASOL,2,2010-07-13 13:20:00,2.95,13428.0,United Kingdom
515592,84997D,PINK 3 PIECE MINI DOTS CUTLERY SET,72,2010-07-13 13:28:00,3.39,12664.0,Finland
515592,POST,POSTAGE,2,2010-07-13 13:28:00,40.0,12664.0,Finland
515599,90036D,"FLOWER GLASS GARLAND NECKL.36""BLACK",2,2010-07-13 14:07:00,7.95,17773.0,United Kingdom
515605,47591D,PINK FAIRY CAKE CHILDRENS APRON,4,2010-07-13 14:50:00,1.95,14878.0,United Kingdom
515705,84569D,PACK 6 HEART/ICE-CREAM PATCHES,2,2010-07-14 12:32:00,1.25,16327.0,United Kingdom
515705,15044D,RED PAPER PARASOL,3,2010-07-14 12:32:00,2.95,16327.0,United Kingdom
515749,85049D,BRIGHT BLUES RIBBONS ,6,2010-07-14 13:16:00,1.25,17235.0,United Kingdom
515761,84249D,FAIRY CAKE GREETINGS CARD,12,2010-07-14 13:42:00,0.42,17377.0,United Kingdom
515762,M,Manual,1,2010-07-14 13:48:00,15.0,14606.0,United Kingdom
515764,90123D,WHITE HEART OF GLASS BRACELET,12,2010-07-14 14:07:00,5.95,14285.0,United Kingdom
515764,90120D,WHITE MURANO TWIST BRACELET,12,2010-07-14 14:07:00,4.25,14285.0,United Kingdom
515768,M,Manual,1,2010-07-14 14:30:00,7.95,18096.0,United Kingdom
515768,85169D,PINK LOVE BIRD CANDLE,1,2010-07-14 14:30:00,1.25,18096.0,United Kingdom
515773,85185D,FROG SOCK PUPPET,1,2010-07-14 14:51:00,2.95,16161.0,United Kingdom
515811,47591D,PINK FAIRY CAKE CHILD'S APRON,8,2010-07-15 08:46:00,1.95,15259.0,United Kingdom
515828,47591D,PINK FAIRY CAKE CHILDRENS APRON,2,2010-07-15 11:08:00,1.95,15910.0,United Kingdom
515845,BANK CHARGES,Bank Charges,1,2010-07-15 11:21:00,15.0,14606.0,United Kingdom
515855,BANK CHARGES,Bank Charges,1,2010-07-15 11:24:00,15.0,17448.0,United Kingdom
515899,84997D,PINK 3 PIECE MINI DOTS CUTLERY SET,6,2010-07-15 12:34:00,3.75,15827.0,United Kingdom
515902,85184D,S/4 BLUE ROUND DECOUPAGE BOXES,6,2010-07-15 12:36:00,2.95,13649.0,United Kingdom
515904,POST,POSTAGE,1,2010-07-15 12:43:00,18.0,12789.0,Netherlands
515908,84997D,PINK 3 PIECE MINI DOTS CUTLERY SET,1,2010-07-15 13:15:00,3.75,13772.0,United Kingdom
515910,17012D,ORIGAMI ROSE INCENSE/CANDLE SET ,24,2010-07-15 13:17:00,0.85,14298.0,United Kingdom
515915,POST,POSTAGE,1,2010-07-15 13:24:00,15.0,12788.0,Netherlands
515928,POST,POSTAGE,1,2010-07-15 14:32:00,18.0,12523.0,France
515931,47591D,PINK FAIRY CAKE CHILD'S APRON,8,2010-07-15 14:46:00,1.95,14961.0,United Kingdom
515945,POST,POSTAGE,2,2010-07-15 15:32:00,18.0,12682.0,France
515947,84997D,PINK 3 PIECE MINI DOTS CUTLERY SET,6,2010-07-15 15:48:00,3.75,18226.0,United Kingdom
515948,POST,POSTAGE,3,2010-07-15 15:51:00,18.0,12490.0,France
515951,84559D,3D SHEET OF SEA WORLD STICKERS,10,2010-07-15 18:07:00,0.85,17861.0,United Kingdom
515953,47591D,PINK FAIRY CAKE CHILDRENS APRON,12,2010-07-15 18:47:00,1.95,18021.0,United Kingdom
515954,15044D,RED PAPER PARASOL,1,2010-07-15 19:21:00,2.95,15908.0,United Kingdom
515956,47591D,PINK FAIRY CAKE CHILDRENS APRON,9,2010-07-15 19:56:00,1.95,13291.0,United Kingdom
516015,46000M,POLYESTER FILLER PAD 45x45cm,12,2010-07-16 10:02:00,1.55,16019.0,United Kingdom
516058,15044D,RED PAPER PARASOL,12,2010-07-16 11:33:00,2.95,14430.0,United Kingdom
516112,35471D,SET OF 3 BIRD LIGHT PINK FEATHER ,12,2010-07-16 13:53:00,1.25,13958.0,United Kingdom
516116,47591D,PINK FAIRY CAKE CHILDRENS APRON,3,2010-07-16 14:23:00,1.95,15452.0,United Kingdom
516116,16161M,WRAP  PINK FLOCK,25,2010-07-16 14:23:00,0.42,15452.0,United Kingdom
516117,84927D,LA PALMIERA TILE HOOK,6,2010-07-16 14:29:00,2.1,14766.0,United Kingdom
516117,79030D,"TUMBLER, BAROQUE",6,2010-07-16 14:29:00,1.65,14766.0,United Kingdom
516117,84625D,WHITE NEWBAROQUE CANDLESTICK CANDLE,24,2010-07-16 14:29:00,0.85,14766.0,United Kingdom
516148,84249D,FAIRY CAKE GREETINGS CARD,12,2010-07-18 10:52:00,0.42,18021.0,United Kingdom
516155,47591D,PINK FAIRY CAKE CHILDRENS APRON,6,2010-07-18 11:48:00,1.95,12748.0,United Kingdom
516158,M,Manual,8,2010-07-18 11:49:00,1.0,16950.0,United Kingdom
516165,84849D,HOT BATHS SOAP HOLDER,1,2010-07-18 12:20:00,1.69,13566.0,United Kingdom
516168,M,Manual,1,2010-07-18 13:22:00,21.95,15547.0,United Kingdom
516182,46000M,POLYESTER FILLER PAD 45x45cm,4,2010-07-18 15:37:00,1.55,13078.0,United Kingdom
516183,47591D,PINK FAIRY CAKE CHILDRENS APRON,8,2010-07-18 15:39:00,1.95,15306.0,United Kingdom
516189,POST,POSTAGE,7,2010-07-18 15:56:00,18.0,12625.0,Germany
516189,85049D,BRIGHT BLUES RIBBONS ,12,2010-07-18 15:56:00,1.25,12625.0,Germany
516190,47591D,PINK FAIRY CAKE CHILDRENS APRON,8,2010-07-19 08:40:00,1.95,15732.0,United Kingdom
516193,POST,POSTAGE,1,2010-07-19 10:02:00,40.0,12696.0,Finland
516224,84997D,PINK 3 PIECE MINI DOTS CUTLERY SET,2,2010-07-19 11:23:00,3.75,15039.0,United Kingdom
516263,47591D,PINK FAIRY CAKE CHILDRENS APRON,2,2010-07-19 11:59:00,1.95,17841.0,United Kingdom
516263,84569D,PACK 6 HEART/ICE-CREAM PATCHES,1,2010-07-19 11:59:00,1.25,17841.0,United Kingdom
516263,17165D,ASS COL LARGE SAND FROG P'WEIGHT,1,2010-07-19 11:59:00,1.05,17841.0,United Kingdom
516266,84997D,PINK 3 PIECE MINI DOTS CUTLERY SET,1,2010-07-19 12:13:00,3.75,15967.0,United Kingdom
516303,84849D,HOT BATHS SOAP HOLDER,1,2010-07-19 13:11:00,1.69,14606.0,United Kingdom
516306,47591D,PINK FAIRY CAKE CHILD'S APRON,8,2010-07-19 13:46:00,1.95,13178.0,United Kingdom
516306,84997D,PINK 3 PIECE MINI DOTS CUTLERY SET,6,2010-07-19 13:46:00,3.75,13178.0,United Kingdom
516308,POST,POSTAGE,6,2010-07-19 14:06:00,15.0,12431.0,Belgium
516315,84997D,PINK 3 PIECE MINI DOTS CUTLERY SET,12,2010-07-19 14:41:00,3.75,13408.0,United Kingdom
516331,82613D,METAL SIGN CUPCAKE SINGLE HOOK,8,2010-07-19 16:16:00,1.25,17470.0,United Kingdom
516342,M,Manual,2,2010-07-20 09:42:00,1.0,17994.0,United Kingdom
516345,47591D,PINK FAIRY CAKE CHILDRENS APRON,8,2010-07-20 09:53:00,1.95,16631.0,United Kingdom
516347,POST,POSTAGE,1,2010-07-20 10:08:00,4.5,12843.0,United Kingdom
516433,84559D,3D SHEET OF SEA WORLD STICKERS,1,2010-07-20 11:57:00,0.85,12748.0,United Kingdom
516434,85169D,PINK LOVE BIRD CANDLE,2,2010-07-20 12:04:00,1.25,18096.0,United Kingdom
516453,79190D,RETRO PLASTIC DAISY TRAY,15,2010-07-20 13:21:00,0.42,12480.0,Germany
516453,POST,POSTAGE,3,2010-07-20 13:21:00,18.0,12480.0,Germany
516463,85049D,BRIGHT BLUES RIBBONS ,6,2010-07-20 14:22:00,1.25,15984.0,United Kingdom
516465,15044D,RED PAPER PARASOL,6,2010-07-20 14:41:00,2.95,13767.0,United Kingdom
516469,85232D,SET/3 DECOUPAGE STACKING TINS,1,2010-07-20 15:18:00,4.95,17578.0,United Kingdom
516478,M,Manual,10,2010-07-20 17:20:00,0.55,17576.0,United Kingdom
516486,POST,POSTAGE,6,2010-07-21 09:55:00,18.0,12720.0,Germany
516489,35600D,PINK AND WHITE CHRISTMAS TREE 180CM,12,2010-07-21 10:09:00,2.95,13952.0,United Kingdom
516489,35598D,PINK/WHITE CHRISTMAS TREE 60CM,24,2010-07-21 10:09:00,0.65,13952.0,United Kingdom
516566,POST,POSTAGE,1,2010-07-21 12:31:00,18.0,12417.0,Belgium
516568,POST,POSTAGE,1,2010-07-21 12:39:00,18.0,12474.0,Germany
516591,84625D,WHITE NEWBAROQUE CANDLESTICK CANDLE,2,2010-07-21 13:57:00,2.95,12872.0,United Kingdom
516608,17012D,ORIGAMI ROSE INCENSE/CANDLE SET ,1,2010-07-21 14:38:00,2.55,17961.0,United Kingdom
516609,47591D,PINK FAIRY CAKE CHILDRENS APRON,2,2010-07-21 14:39:00,1.95,17338.0,United Kingdom
516609,15044D,RED PAPER PARASOL,1,2010-07-21 14:39:00,2.95,17338.0,United Kingdom
516609,17165D,ASS COL LARGE SAND FROG P'WEIGHT,6,2010-07-21 14:39:00,1.05,17338.0,United Kingdom
516609,15044D,RED PAPER PARASOL,3,2010-07-21 14:39:00,2.95,17338.0,United Kingdom
516609,47591D,PINK FAIRY CAKE CHILDRENS APRON,1,2010-07-21 14:39:00,1.95,17338.0,United Kingdom
516610,84997D,PINK 3 PIECE MINI DOTS CUTLERY SET,6,2010-07-21 14:41:00,3.75,13615.0,United Kingdom
516623,85049D,BRIGHT BLUES RIBBONS ,2,2010-07-21 17:31:00,1.25,15043.0,United Kingdom
516627,15044D,RED PAPER PARASOL,12,2010-07-22 10:06:00,2.95,14465.0,United Kingdom
516728,POST,POSTAGE,2,2010-07-22 13:22:00,18.0,12724.0,France
516730,47591D,PINK FAIRY CAKE CHILDRENS APRON,1,2010-07-22 13:39:00,1.95,17068.0,United Kingdom
516733,15044D,RED PAPER PARASOL,6,2010-07-22 13:41:00,2.95,16555.0,United Kingdom
516735,POST,POSTAGE,1,2010-07-22 13:57:00,28.0,12421.0,Spain
516736,90175D,TIGRIS EYE CHUNKY CHARM BRACELET,2,2010-07-22 14:17:00,8.95,14461.0,United Kingdom
516736,90082D,DIAMANTE BOW BROOCH BLACK COLOUR,3,2010-07-22 14:17:00,6.35,14461.0,United Kingdom
516741,85170D,SET/6 PINK BIRD T-LIGHT CANDLES,1,2010-07-22 14:20:00,2.1,17918.0,United Kingdom
516741,M,Manual,1,2010-07-22 14:20:00,7.95,17918.0,United Kingdom
516741,85049D,BRIGHT BLUES RIBBONS ,1,2010-07-22 14:20:00,1.25,17918.0,United Kingdom
516752,84249D,FAIRY CAKE GREETINGS CARD,12,2010-07-22 16:01:00,0.42,13031.0,United Kingdom
516757,POST,POSTAGE,1,2010-07-22 16:37:00,18.0,14646.0,Netherlands
516760,15044D,RED PAPER PARASOL,6,2010-07-22 16:47:00,2.95,12877.0,United Kingdom
516768,82613D,METAL SIGN CUPCAKE SINGLE HOOK,8,2010-07-22 17:30:00,1.25,16588.0,United Kingdom
516773,84997D,PINK 3 PIECE MINI DOTS CUTLERY SET,12,2010-07-22 18:54:00,3.75,17092.0,United Kingdom
516773,85169D,PINK LOVE BIRD CANDLE,12,2010-07-22 18:54:00,1.25,17092.0,United Kingdom
516783,POST,POSTAGE,1,2010-07-23 09:10:00,18.0,12595.0,Germany
516839,POST,POSTAGE,3,2010-07-23 11:17:00,18.0,12647.0,Germany
516868,84997D,PINK 3 PIECE MINI DOTS CUTLERY SET,6,2010-07-23 12:21:00,3.75,13089.0,United Kingdom
516869,90082D,DIAMANTE BOW BROOCH BLACK COLOUR,1,2010-07-23 12:29:00,6.35,17908.0,United Kingdom
516880,85049D,BRIGHT BLUES RIBBONS ,1,2010-07-23 13:43:00,1.25,15862.0,United Kingdom
516884,84997D,PINK 3 PIECE MINI DOTS CUTLERY SET,72,2010-07-23 14:15:00,3.39,15311.0,United Kingdom
516884,84849D,HOT BATHS SOAP HOLDER,2,2010-07-23 14:15:00,1.69,15311.0,United Kingdom
516885,POST,POSTAGE,6,2010-07-23 14:16:00,18.0,12615.0,France
516887,84249D,FAIRY CAKE GREETINGS CARD,24,2010-07-23 14:27:00,0.42,15808.0,United Kingdom
516905,POST,POSTAGE,1,2010-07-25 10:50:00,18.0,12523.0,France
516909,M,Manual,1,2010-07-25 11:02:00,95.0,12748.0,United Kingdom
516914,85018D,YULETIDE IMAGES S/6 PAPER BOXES,2,2010-07-25 11:14:00,2.55,17112.0,United Kingdom
516921,POST,POSTAGE,2,2010-07-25 11:37:00,15.0,12866.0,Belgium
516922,16162M,THE KING GIFT BAG 25x24x12cm,12,2010-07-25 11:46:00,0.42,15727.0,United Kingdom
516922,16168M,FUNKY MONKEY GIFT BAG MEDIUM,12,2010-07-25 11:46:00,0.42,15727.0,United Kingdom
516924,47591D,PINK FAIRY CAKE CHILDRENS APRON,5,2010-07-25 12:14:00,1.95,16400.0,United Kingdom
516935,POST,POSTAGE,2,2010-07-25 13:26:00,40.0,12410.0,Switzerland
516944,85232D,SET/3 DECOUPAGE STACKING TINS,3,2010-07-25 14:57:00,4.95,15260.0,United Kingdom
516950,46000M,POLYESTER FILLER PAD 45x45cm,20,2010-07-25 15:38:00,1.55,13276.0,United Kingdom
516953,POST,POSTAGE,1,2010-07-25 15:39:00,15.0,12788.0,Netherlands
516954,85032D,YULETIDE IMAGES GIFT WRAP SET,4,2010-07-25 15:40:00,2.1,13137.0,United Kingdom
516954,79190D,RETRO PLASTIC DAISY TRAY,2,2010-07-25 15:40:00,0.42,13137.0,United Kingdom
516957,M,Manual,1,2010-07-25 15:52:00,1.25,13148.0,United Kingdom
516959,M,Manual,3,2010-07-25 16:06:00,0.38,13451.0,United Kingdom
516962,POST,POSTAGE,7,2010-07-26 09:04:00,18.0,12476.0,Germany
516967,POST,POSTAGE,3,2010-07-26 09:50:00,1.0,12813.0,Netherlands
516993,17165D,ASS COL LARGE SAND FROG P'WEIGHT,2,2010-07-26 11:05:00,1.05,15493.0,United Kingdom
516993,46000M,POLYESTER FILLER PAD 45x45cm,3,2010-07-26 11:05:00,1.55,15493.0,United Kingdom
517017,47591D,PINK FAIRY CAKE CHILDRENS APRON,8,2010-07-26 11:34:00,1.95,13004.0,United Kingdom
517044,47591D,PINK FAIRY CAKE CHILDRENS APRON,16,2010-07-26 11:55:00,1.95,14911.0,EIRE
517048,POST,POSTAGE,1,2010-07-26 12:09:00,18.0,12709.0,Germany
517052,85232D,SET/3 DECOUPAGE STACKING TINS,1,2010-07-26 12:34:00,4.95,12977.0,United Kingdom
517059,79172D,PURPLE TINT ACRYLIC FLOWER VASE,12,2010-07-26 13:30:00,0.85,17224.0,United Kingdom
517066,15044D,RED PAPER PARASOL,6,2010-07-26 13:41:00,2.95,16553.0,United Kingdom
517070,47591D,PINK FAIRY CAKE CHILDRENS APRON,8,2010-07-26 13:57:00,1.95,14257.0,United Kingdom
517077,46000M,POLYESTER FILLER PAD 45x45cm,6,2010-07-26 14:10:00,1.55,16103.0,United Kingdom
517106,79190D,RETRO PLASTIC DAISY TRAY,10,2010-07-26 15:17:00,0.42,12867.0,United Kingdom
517109,84997D,PINK 3 PIECE MINI DOTS CUTLERY SET,6,2010-07-26 15:30:00,3.75,17442.0,United Kingdom
517110,47591D,PINK FAIRY CAKE CHILDRENS APRON,8,2010-07-26 15:40:00,1.95,15079.0,United Kingdom
517117,84849D,HOT BATHS SOAP HOLDER,12,2010-07-27 08:21:00,1.69,13491.0,United Kingdom
517124,47591D,PINK FAIRY CAKE CHILD'S APRON,8,2010-07-27 09:38:00,1.95,12801.0,Sweden
517124,POST,POSTAGE,5,2010-07-27 09:38:00,40.0,12801.0,Sweden
517133,84997D,PINK 3 PIECE MINI DOTS CUTLERY SET,3,2010-07-27 10:26:00,3.75,15039.0,United Kingdom
517235,85185D,FROG SOCK PUPPET,1,2010-07-27 13:52:00,2.95,12804.0,Netherlands
517236,POST,POSTAGE,1,2010-07-27 13:55:00,28.0,12547.0,Spain
517238,85185D,FROG SOCK PUPPET,1,2010-07-27 14:04:00,2.95,17841.0,United Kingdom
517251,47591D,PINK FAIRY CAKE CHILDRENS APRON,8,2010-07-27 15:14:00,1.95,13305.0,United Kingdom
517254,90123D,WHITE HEART OF GLASS BRACELET,1,2010-07-27 16:22:00,5.95,15532.0,United Kingdom
517301,84997D,PINK 3 PIECE MINI DOTS CUTLERY SET,6,2010-07-28 10:48:00,3.75,13656.0,United Kingdom
517307,47591D,PINK FAIRY CAKE CHILDRENS APRON,8,2010-07-28 10:52:00,1.95,15182.0,United Kingdom
517313,85184D,S/4 BLUE ROUND DECOUPAGE BOXES,6,2010-07-28 10:55:00,2.95,13126.0,United Kingdom
517316,85184D,S/4 BLUE ROUND DECOUPAGE BOXES,1,2010-07-28 11:40:00,2.95,17377.0,United Kingdom
517321,84997D,PINK 3 PIECE MINI DOTS CUTLERY SET,10,2010-07-28 12:05:00,3.75,14680.0,United Kingdom
517329,84997D,PINK 3 PIECE MINI DOTS CUTLERY SET,6,2010-07-28 12:51:00,3.75,17059.0,United Kingdom
517333,POST,POSTAGE,3,2010-07-28 13:05:00,18.0,12656.0,France
517336,47591D,PINK FAIRY CAKE CHILDRENS APRON,6,2010-07-28 13:36:00,1.95,13590.0,United Kingdom
517340,46000M,POLYESTER FILLER PAD 45x45cm,2,2010-07-28 14:02:00,1.55,16255.0,United Kingdom
517348,84849D,HOT BATHS SOAP HOLDER,12,2010-07-28 14:26:00,1.69,18207.0,United Kingdom
517351,35471D,SET OF 3 BIRD LIGHT PINK FEATHER ,6,2010-07-28 14:43:00,1.25,12484.0,Spain
517353,M,Manual,1,2010-07-28 14:47:00,20.0,12806.0,Netherlands
517354,84569D,PACK 6 HEART/ICE-CREAM PATCHES,36,2010-07-28 14:54:00,1.25,15555.0,United Kingdom
517354,46000M,POLYESTER FILLER PAD 45x45cm,22,2010-07-28 14:54:00,1.55,15555.0,United Kingdom
517354,15044D,RED PAPER PARASOL,3,2010-07-28 14:54:00,2.95,15555.0,United Kingdom
517360,84997D,PINK 3 PIECE MINI DOTS CUTLERY SET,6,2010-07-28 16:17:00,3.75,14739.0,United Kingdom
517381,90200D,PINK SWEETHEART BRACELET,3,2010-07-28 17:18:00,4.25,14461.0,United Kingdom
517381,90175D,TIGRIS EYE CHUNKY CHARM BRACELET,2,2010-07-28 17:18:00,8.95,14461.0,United Kingdom
517384,90000D,COPPER/OLIVE GREEN FLOWER NECKLACE,1,2010-07-28 17:46:00,5.95,16984.0,United Kingdom
517394,47591D,PINK FAIRY CAKE CHILDRENS APRON,8,2010-07-29 10:02:00,1.95,18264.0,United Kingdom
517395,17012D,ORIGAMI ROSE INCENSE/CANDLE SET ,6,2010-07-29 10:06:00,2.55,14833.0,United Kingdom
517400,85049D,BRIGHT BLUES RIBBONS ,12,2010-07-29 10:20:00,1.25,15358.0,United Kingdom
517403,85232D,SET/3 DECOUPAGE STACKING TINS,2,2010-07-29 10:46:00,4.95,14606.0,United Kingdom
517474,85232D,SET/3 DECOUPAGE STACKING TINS,3,2010-07-29 12:03:00,4.95,12609.0,Germany
517474,POST,POSTAGE,2,2010-07-29 12:03:00,18.0,12609.0,Germany
517478,85184D,S/4 BLUE ROUND DECOUPAGE BOXES,2,2010-07-29 12:21:00,2.95,14451.0,United Kingdom
517483,M,Manual,1,2010-07-29 12:29:00,3610.5,12737.0,France
517511,84997D,PINK 3 PIECE MINI DOTS CUTLERY SET,6,2010-07-29 13:23:00,3.75,16168.0,United Kingdom
517512,POST,POSTAGE,1,2010-07-29 13:27:00,15.0,12408.0,Belgium
517513,84997D,PINK 3 PIECE MINI DOTS CUTLERY SET,3,2010-07-29 13:28:00,3.75,15023.0,United Kingdom
517513,M,Manual,1,2010-07-29 13:28:00,4.25,15023.0,United Kingdom
517520,72799D,BLUE PILLAR CANDLE SILVER FLOCK,1,2010-07-29 13:57:00,2.95,17235.0,United Kingdom
517520,85049D,BRIGHT BLUES RIBBONS ,10,2010-07-29 13:57:00,1.25,17235.0,United Kingdom
517521,47591D,PINK FAIRY CAKE CHILDRENS APRON,50,2010-07-29 14:00:00,1.65,13680.0,United Kingdom
517521,84997D,PINK 3 PIECE MINI DOTS CUTLERY SET,72,2010-07-29 14:00:00,3.39,13680.0,United Kingdom
517539,85049D,BRIGHT BLUES RIBBONS ,12,2010-07-29 16:08:00,1.25,12525.0,France
517541,84997D,PINK 3 PIECE MINI DOTS CUTLERY SET,4,2010-07-29 16:25:00,3.75,16933.0,United Kingdom
517541,85049D,BRIGHT BLUES RIBBONS ,6,2010-07-29 16:25:00,1.25,16933.0,United Kingdom
517542,84997D,PINK 3 PIECE MINI DOTS CUTLERY SET,1,2010-07-29 16:35:00,3.75,15021.0,United Kingdom
517542,85130D,BEADED CRYSTAL HEART PINK LARGE,1,2010-07-29 16:35:00,1.65,15021.0,United Kingdom
517549,84997D,PINK 3 PIECE MINI DOTS CUTLERY SET,1,2010-07-29 17:30:00,3.75,16782.0,United Kingdom
517557,47591D,PINK FAIRY CAKE CHILDRENS APRON,2,2010-07-29 19:26:00,1.95,14713.0,United Kingdom
517558,90161D,ANT COPPER PINK BOUDICCA BRACELET,2,2010-07-29 19:56:00,4.95,17921.0,United Kingdom
517575,90201D,GREEN ENAMEL FLOWER RING,6,2010-07-30 10:18:00,2.95,14221.0,United Kingdom
517578,47591D,PINK FAIRY CAKE CHILDRENS APRON,8,2010-07-30 10:44:00,1.95,14346.0,United Kingdom
517622,84625D,WHITE NEWBAROQUE CANDLESTICK CANDLE,24,2010-07-30 11:37:00,0.85,16145.0,United Kingdom
517625,M,Manual,1,2010-07-30 11:59:00,2.55,16391.0,United Kingdom
517625,85170D,SET/6 PINK BIRD T-LIGHT CANDLES,1,2010-07-30 11:59:00,2.1,16391.0,United Kingdom
517626,84876D,BLUE HEART COMPACT MIRROR,12,2010-07-30 12:10:00,3.75,16428.0,United Kingdom
517631,M,Manual,1,2010-07-30 12:38:00,55.0,12415.0,Australia
517648,BANK CHARGES,Bank Charges,1,2010-07-30 13:52:00,15.0,14606.0,United Kingdom
517652,BANK CHARGES,Bank Charges,1,2010-07-30 14:07:00,15.0,17448.0,United Kingdom
517667,47591D,PINK FAIRY CAKE CHILDRENS APRON,8,2010-07-30 14:58:00,1.95,16954.0,United Kingdom
517673,M,Manual,1,2010-07-30 16:50:00,0.85,12733.0,USA
517673,84997D,PINK 3 PIECE MINI DOTS CUTLERY SET,6,2010-07-30 16:50:00,3.75,12733.0,USA
517673,47591D,PINK FAIRY CAKE CHILDRENS APRON,8,2010-07-30 16:50:00,1.95,12733.0,USA
517709,M,Manual,1,2010-08-01 11:02:00,50.0,12748.0,United Kingdom
517710,84997D,PINK 3 PIECE MINI DOTS CUTLERY SET,2,2010-08-01 11:15:00,3.75,15039.0,United Kingdom
517713,M,Manual,1,2010-08-01 11:18:00,95.0,12748.0,United Kingdom
517714,85049D,BRIGHT BLUES RIBBONS ,7,2010-08-01 11:22:00,1.25,13869.0,United Kingdom
517721,35471D,SET OF 3 BIRD LIGHT PINK FEATHER ,4,2010-08-01 12:38:00,1.25,14396.0,United Kingdom
517723,47591D,PINK FAIRY CAKE CHILDRENS APRON,4,2010-08-01 12:48:00,1.95,14878.0,United Kingdom
517724,M,Manual,1,2010-08-01 13:07:00,21.95,15547.0,United Kingdom
517738,85185D,FROG SOCK PUPPET,12,2010-08-01 14:35:00,2.95,16611.0,United Kingdom
517739,85131D,BEADED CRYSTAL HEART PINK\ON STICK,2,2010-08-01 14:40:00,1.25,13474.0,United Kingdom
517742,47591D,PINK FAIRY CAKE CHILDRENS APRON,4,2010-08-01 15:41:00,1.95,15666.0,United Kingdom
517743,M,Manual,1,2010-08-01 15:51:00,3.5,17984.0,United Kingdom
517743,90129D,AMBER GLASS TASSLE BAG CHARM,1,2010-08-01 15:51:00,2.95,17984.0,United Kingdom
517744,M,Manual,24,2010-08-01 15:55:00,1.45,15640.0,United Kingdom
517753,47310M,"SMALL POP BOX,FUNKY MONKEY",6,2010-08-02 10:27:00,1.25,18277.0,United Kingdom
517764,15044D,RED PAPER PARASOL,6,2010-08-02 11:13:00,2.95,15077.0,United Kingdom
517793,46000M,POLYESTER FILLER PAD 45x45cm,6,2010-08-02 11:33:00,1.55,13888.0,United Kingdom
517816,35598D,PINK/WHITE CHRISTMAS TREE 60CM,24,2010-08-02 12:04:00,0.65,13963.0,United Kingdom
517823,POST,POSTAGE,1,2010-08-02 12:37:00,18.0,12395.0,Belgium
517824,84997D,PINK 3 PIECE MINI DOTS CUTLERY SET,4,2010-08-02 12:42:00,3.75,15990.0,United Kingdom
517859,85018D,YULETIDE IMAGES S/6 PAPER BOXES,2,2010-08-02 14:02:00,2.55,13357.0,United Kingdom
517865,84849D,HOT BATHS SOAP HOLDER,2,2010-08-02 14:24:00,1.69,16655.0,United Kingdom
517869,M,Manual,5,2010-08-02 15:13:00,1.45,17848.0,United Kingdom
517904,POST,POSTAGE,5,2010-08-03 09:31:00,25.0,12484.0,Spain
517931,47591D,PINK FAIRY CAKE CHILDRENS APRON,10,2010-08-03 10:42:00,1.95,16161.0,United Kingdom
517934,M,Manual,1,2010-08-03 10:52:00,800.0,12748.0,United Kingdom
517946,84795D,SEASIDE STRIPE HAMMOCK,1,2010-08-03 11:32:00,7.95,17673.0,United Kingdom
517951,POST,POSTAGE,5,2010-08-03 11:53:00,18.0,12621.0,Germany
517952,84849D,HOT BATHS SOAP HOLDER,12,2010-08-03 11:54:00,1.69,13047.0,United Kingdom
517957,90214D,"LETTER ""D"" BLING KEY RING",1,2010-08-03 12:05:00,1.25,14606.0,United Kingdom
517964,M,Manual,2,2010-08-03 12:51:00,7.95,17298.0,United Kingdom
517967,85049D,BRIGHT BLUES RIBBONS ,3,2010-08-03 13:03:00,1.25,18048.0,United Kingdom
517971,47591D,PINK FAIRY CAKE CHILDRENS APRON,2,2010-08-03 13:18:00,1.95,15727.0,United Kingdom
517977,85049D,BRIGHT BLUES RIBBONS ,4,2010-08-03 14:23:00,1.25,16938.0,United Kingdom
517977,84925D,LA PALMIERA WALL THERMOMETER,1,2010-08-03 14:23:00,2.55,16938.0,United Kingdom
517978,85232D,SET/3 DECOUPAGE STACKING TINS,3,2010-08-03 14:38:00,4.95,16316.0,United Kingdom
518007,POST,POSTAGE,1,2010-08-04 09:14:00,15.0,12437.0,France
518052,POST,POSTAGE,1,2010-08-04 11:38:00,334.88,12748.0,United Kingdom
518059,84997D,PINK 3 PIECE MINI DOTS CUTLERY SET,1,2010-08-04 12:03:00,3.75,15858.0,United Kingdom
518059,84968D,S/16 VINTAGE RED CUTLERY,1,2010-08-04 12:03:00,12.75,15858.0,United Kingdom
518063,72801D,S/4 SKY BLUE DINNER CANDLES,48,2010-08-04 12:38:00,0.42,14298.0,United Kingdom
518064,35471D,SET OF 3 BIRD LIGHT PINK FEATHER ,1,2010-08-04 12:39:00,1.25,17841.0,United Kingdom
518064,90214M,"LETTER ""M"" BLING KEY RING",1,2010-08-04 12:39:00,1.25,17841.0,United Kingdom
518064,72801D,S/4 SKY BLUE DINNER CANDLES,1,2010-08-04 12:39:00,1.25,17841.0,United Kingdom
518064,85130D,BEADED CRYSTAL HEART PINK LARGE,1,2010-08-04 12:39:00,1.65,17841.0,United Kingdom
518067,82613D,METAL SIGN CUPCAKE SINGLE HOOK,8,2010-08-04 12:54:00,1.25,15817.0,United Kingdom
518076,17165D,ASS COL LARGE SAND FROG P'WEIGHT,9,2010-08-04 13:42:00,1.05,15456.0,United Kingdom
518080,47591D,PINK FAIRY CAKE CHILDRENS APRON,8,2010-08-04 13:57:00,1.95,15628.0,United Kingdom
518081,POST,POSTAGE,5,2010-08-04 14:20:00,18.0,12524.0,Germany
518086,16169M,WRAP DAISY CARPET ,25,2010-08-04 14:27:00,0.19,16722.0,United Kingdom
518115,90000D,COPPER/OLIVE GREEN FLOWER NECKLACE,2,2010-08-04 14:41:00,5.95,12748.0,United Kingdom
518115,16168M,FUNKY MONKEY GIFT BAG MEDIUM,10,2010-08-04 14:41:00,0.42,12748.0,United Kingdom
518115,85184D,S/4 BLUE ROUND DECOUPAGE BOXES,2,2010-08-04 14:41:00,2.95,12748.0,United Kingdom
518115,72799D,BLUE PILLAR CANDLE SILVER FLOCK,1,2010-08-04 14:41:00,2.95,12748.0,United Kingdom
518115,84924D,LA PALMIERA METAL SIGN CALENDAR,2,2010-08-04 14:41:00,3.75,12748.0,United Kingdom
518115,84925D,LA PALMIERA WALL THERMOMETER,2,2010-08-04 14:41:00,2.55,12748.0,United Kingdom
518115,85232D,SET/3 DECOUPAGE STACKING TINS,1,2010-08-04 14:41:00,4.95,12748.0,United Kingdom
518115,17107D,"FLOWER FAIRY,5 SUMMER B'DRAW LINERS",4,2010-08-04 14:41:00,2.55,12748.0,United Kingdom
518139,85032D,YULETIDE IMAGES GIFT WRAP SET,12,2010-08-04 15:52:00,2.1,12765.0,Netherlands
518139,POST,POSTAGE,1,2010-08-04 15:52:00,15.0,12765.0,Netherlands
518141,16169M,WRAP DAISY CARPET ,25,2010-08-04 16:07:00,0.19,14401.0,United Kingdom
518146,72801D,4 SKY BLUE DINNER CANDLES,2,2010-08-04 16:27:00,1.25,13044.0,United Kingdom
518147,85049D,BRIGHT BLUES RIBBONS ,24,2010-08-04 16:28:00,1.25,17235.0,United Kingdom
518148,79191D,RETRO PLASTIC DAISY TRAY,3,2010-08-04 16:38:00,0.85,16334.0,United Kingdom
518148,79190D,RETRO PLASTIC DAISY TRAY,4,2010-08-04 16:38:00,0.42,16334.0,United Kingdom
518157,47591D,PINK FAIRY CAKE CHILDRENS APRON,50,2010-08-05 09:35:00,1.65,13798.0,United Kingdom
518159,16169M,WRAP DAISY CARPET ,50,2010-08-05 10:38:00,0.19,13239.0,United Kingdom
518159,47591D,PINK FAIRY CAKE CHILDRENS APRON,8,2010-08-05 10:38:00,1.95,13239.0,United Kingdom
518200,84997D,PINK 3 PIECE MINI DOTS CUTLERY SET,6,2010-08-05 11:24:00,3.75,17581.0,United Kingdom
518201,47591D,PINK FAIRY CAKE CHILDRENS APRON,8,2010-08-05 11:30:00,1.95,17156.0,United Kingdom
518215,85184D,S/4 BLUE ROUND DECOUPAGE BOXES,25,2010-08-05 12:19:00,2.55,18079.0,United Kingdom
518220,47591D,PINK FAIRY CAKE CHILDRENS APRON,3,2010-08-05 13:31:00,1.95,14049.0,United Kingdom
518221,15044D,RED PAPER PARASOL,12,2010-08-05 13:42:00,2.95,18258.0,United Kingdom
518227,84997D,PINK 3 PIECE MINI DOTS CUTLERY SET,1,2010-08-05 14:57:00,3.75,15271.0,United Kingdom
518231,POST,POSTAGE,3,2010-08-05 15:28:00,18.0,12471.0,Germany
518270,84849D,HOT BATHS SOAP HOLDER,1,2010-08-05 20:03:00,1.69,16549.0,United Kingdom
518271,POST,POSTAGE,3,2010-08-06 08:57:00,18.0,12633.0,Germany
518278,46000M,POLYESTER FILLER PAD 45x45cm,13,2010-08-06 10:09:00,1.55,16103.0,United Kingdom
518285,46000M,POLYESTER FILLER PAD 45x45cm,4,2010-08-06 11:24:00,1.55,17975.0,United Kingdom
518286,POST,POSTAGE,1,2010-08-06 11:31:00,18.0,12712.0,Germany
518314,85131D,BEADED CRYSTAL HEART PINK ON STICK,24,2010-08-06 12:13:00,0.38,13920.0,United Kingdom
518314,47591D,PINK FAIRY CAKE CHILDRENS APRON,16,2010-08-06 12:13:00,1.95,13920.0,United Kingdom
518335,79190D,RETRO PLASTIC DAISY TRAY,15,2010-08-06 13:15:00,0.42,15856.0,United Kingdom
518339,84997D,PINK 3 PIECE MINI DOTS CUTLERY SET,6,2010-08-06 13:41:00,3.75,14040.0,United Kingdom
518360,15044D,RED PAPER PARASOL,50,2010-08-06 16:11:00,2.55,15061.0,United Kingdom
518380,47591D,PINK FAIRY CAKE CHILDRENS APRON,2,2010-08-08 10:55:00,1.95,17068.0,United Kingdom
518386,90123D,WHITE HEART OF GLASS BRACELET,4,2010-08-08 12:11:00,5.95,14161.0,United Kingdom
518386,90082D,DIAMANTE BOW BROOCH BLACK COLOUR,6,2010-08-08 12:11:00,6.35,14161.0,United Kingdom
518395,85049D,BRIGHT BLUES RIBBONS ,24,2010-08-08 12:41:00,1.25,14156.0,EIRE
518406,85049D,BRIGHT BLUES RIBBONS ,2,2010-08-08 14:26:00,1.25,17802.0,United Kingdom
518411,47591D,PINK FAIRY CAKE CHILDRENS APRON,2,2010-08-08 14:51:00,1.95,14575.0,United Kingdom
518411,85232D,SET/3 DECOUPAGE STACKING TINS,1,2010-08-08 14:51:00,4.95,14575.0,United Kingdom
518412,47591D,PINK FAIRY CAKE CHILDRENS APRON,4,2010-08-08 14:57:00,1.95,17135.0,United Kingdom
518418,POST,POSTAGE,5,2010-08-09 08:26:00,18.0,12567.0,France
518426,47310M,"SMALL POP BOX,FUNKY MONKEY",6,2010-08-09 09:45:00,1.25,16170.0,United Kingdom
518428,85049D,BRIGHT BLUES RIBBONS ,24,2010-08-09 10:33:00,1.25,12458.0,Switzerland
518428,POST,POSTAGE,1,2010-08-09 10:33:00,35.0,12458.0,Switzerland
518451,84997D,PINK 3 PIECE MINI DOTS CUTLERY SET,6,2010-08-09 11:27:00,3.75,16180.0,United Kingdom
518477,79191D,RETRO PLASTIC DAISY TRAY,1,2010-08-09 12:05:00,0.85,15013.0,United Kingdom
518477,79190D,RETRO PLASTIC DAISY TRAY,2,2010-08-09 12:05:00,0.42,15013.0,United Kingdom
518477,47591D,PINK FAIRY CAKE CHILDRENS APRON,1,2010-08-09 12:05:00,1.95,15013.0,United Kingdom
518481,15044D,RED PAPER PARASOL,1,2010-08-09 12:22:00,2.95,17841.0,United Kingdom
518501,84849D,HOT BATHS SOAP HOLDER,2,2010-08-09 12:53:00,1.69,15311.0,United Kingdom
518505,85184D,S/4 BLUE ROUND DECOUPAGE BOXES,3936,2010-08-09 13:10:00,0.42,14277.0,France
518505,84927D,LA PALMIERA TILE HOOK,432,2010-08-09 13:10:00,0.08,14277.0,France
518505,84924D,LA PALMIERA METAL SIGN CALENDAR,372,2010-08-09 13:10:00,0.25,14277.0,France
518508,POST,POSTAGE,3,2010-08-09 14:26:00,18.0,12412.0,Denmark
518519,90161D,ANT COPPER PINK BOUDICCA BRACELET,3,2010-08-09 15:33:00,4.95,17482.0,United Kingdom
518545,47591D,PINK FAIRY CAKE CHILDRENS APRON,120,2010-08-09 18:26:00,1.33,18102.0,United Kingdom
518548,79303D,LILAC FLOWER BLOCK TABLE LAMP,38,2010-08-09 18:31:00,2.95,18102.0,United Kingdom
518578,47591D,PINK FAIRY CAKE CHILDRENS APRON,8,2010-08-10 12:06:00,1.95,17063.0,United Kingdom
518613,90175D,TIGRIS EYE CHUNKY CHARM BRACELET,1,2010-08-10 12:37:00,8.95,16713.0,United Kingdom
518613,90160D,PINK BOUDICCA LARGE BRACELET,1,2010-08-10 12:37:00,6.95,16713.0,United Kingdom
518652,47591D,PINK FAIRY CAKE CHILDRENS APRON,1,2010-08-10 13:28:00,1.95,14722.0,United Kingdom
518655,16169M,WRAP DAISY CARPET ,25,2010-08-10 13:44:00,0.19,17754.0,United Kingdom
518663,84849D,HOT BATHS SOAP HOLDER,2,2010-08-10 14:27:00,1.69,14044.0,United Kingdom
518666,BANK CHARGES,Bank Charges,1,2010-08-10 14:45:00,15.0,14606.0,United Kingdom
518667,BANK CHARGES,Bank Charges,1,2010-08-10 14:47:00,15.0,14606.0,United Kingdom
518673,84997D,PINK 3 PIECE MINI DOTS CUTLERY SET,72,2010-08-10 16:10:00,3.39,14646.0,Netherlands
518681,16161M,WRAP  PINK FLOCK,25,2010-08-10 17:09:00,0.42,17799.0,United Kingdom
518683,85018D,YULETIDE IMAGES S/6 PAPER BOXES,6,2010-08-11 08:40:00,2.55,14913.0,United Kingdom
518683,16169M,WRAP DAISY CARPET ,25,2010-08-11 08:40:00,0.19,14913.0,United Kingdom
518684,POST,POSTAGE,2,2010-08-11 08:50:00,18.0,12662.0,Germany
518687,84968D,SET OF 16 VINTAGE RED CUTLERY,1,2010-08-11 10:16:00,12.75,15837.0,United Kingdom
518688,47591D,PINK FAIRY CAKE CHILDRENS APRON,8,2010-08-11 10:23:00,1.95,13594.0,United Kingdom
518714,POST,POSTAGE,1,2010-08-11 10:53:00,18.0,12600.0,Germany
518734,POST,POSTAGE,2,2010-08-11 11:51:00,28.0,12771.0,Portugal
518759,47591D,PINK FAIRY CAKE CHILDRENS APRON,1,2010-08-11 13:38:00,1.95,15005.0,United Kingdom
518777,M,Manual,1,2010-08-11 15:56:00,800.0,12748.0,United Kingdom
518783,84849D,HOT BATHS SOAP HOLDER,2,2010-08-11 16:44:00,1.69,16033.0,United Kingdom
518789,85049D,BRIGHT BLUES RIBBONS ,12,2010-08-12 09:17:00,1.25,15142.0,United Kingdom
518791,85131D,BEADED CRYSTAL HEART PINK ON STICK,24,2010-08-12 09:43:00,0.38,16477.0,United Kingdom
518792,72801D,4 SKY BLUE DINNER CANDLES,240,2010-08-12 10:00:00,0.42,13694.0,United Kingdom
518792,85131D,BEADED CRYSTAL HEART PINK ON STICK,96,2010-08-12 10:00:00,0.38,13694.0,United Kingdom
518792,85170D,SET/6 PINK BIRD T-LIGHT CANDLES,96,2010-08-12 10:00:00,0.85,13694.0,United Kingdom
518792,16169M,WRAP DAISY CARPET ,25,2010-08-12 10:00:00,0.19,13694.0,United Kingdom
518847,15044D,RED PAPER PARASOL,6,2010-08-12 11:47:00,2.95,13668.0,United Kingdom
518852,85049D,BRIGHT BLUES RIBBONS ,1,2010-08-12 12:25:00,1.25,17377.0,United Kingdom
518910,84968D,SET OF 16 VINTAGE RED CUTLERY,1,2010-08-12 14:35:00,12.75,15984.0,United Kingdom
518942,M,Manual,1,2010-08-12 14:48:00,150.0,12748.0,United Kingdom
518983,16169M,WRAP DAISY CARPET ,25,2010-08-12 17:01:00,0.19,13214.0,United Kingdom
519005,84849D,HOT BATHS SOAP HOLDER,1,2010-08-12 19:18:00,1.69,16549.0,United Kingdom
519010,85049D,BRIGHT BLUES RIBBONS ,3,2010-08-12 19:41:00,1.25,17323.0,United Kingdom
519010,47591D,PINK FAIRY CAKE CHILDRENS APRON,3,2010-08-12 19:41:00,1.95,17323.0,United Kingdom
519166,POST,POSTAGE,2,2010-08-13 13:29:00,35.0,12676.0,Sweden
519169,POST,POSTAGE,1,2010-08-13 13:35:00,40.0,12676.0,Sweden
519172,46000M,POLYESTER FILLER PAD 45x45cm,20,2010-08-13 14:09:00,1.55,14031.0,United Kingdom
519173,85232D,SET/3 DECOUPAGE STACKING TINS,1,2010-08-13 14:20:00,4.95,18225.0,United Kingdom
519173,85032D,YULETIDE IMAGES GIFT WRAP SET,1,2010-08-13 14:20:00,2.1,18225.0,United Kingdom
519177,84997D,PINK 3 PIECE MINI DOTS CUTLERY SET,6,2010-08-13 14:40:00,3.75,17589.0,United Kingdom
519179,84997D,PINK 3 PIECE MINI DOTS CUTLERY SET,4,2010-08-13 14:43:00,3.75,17238.0,United Kingdom
519192,90082D,DIAMANTE BOW BROOCH BLACK COLOUR,1,2010-08-13 16:58:00,6.35,14525.0,United Kingdom
519192,M,Manual,1,2010-08-13 16:58:00,7.95,14525.0,United Kingdom
519200,47591D,PINK FAIRY CAKE CHILDRENS APRON,8,2010-08-15 10:32:00,1.95,16153.0,United Kingdom
519204,M,Manual,1,2010-08-15 10:55:00,95.0,16326.0,United Kingdom
519207,M,Manual,1,2010-08-15 11:06:00,95.0,12748.0,United Kingdom
519227,16169M,WRAP DAISY CARPET ,50,2010-08-15 12:37:00,0.19,15789.0,United Kingdom
519228,POST,POSTAGE,2,2010-08-15 12:40:00,18.0,12583.0,France
519234,47591D,PINK FAIRY CAKE CHILDRENS APRON,1,2010-08-15 13:18:00,1.95,17618.0,United Kingdom
519241,84997D,PINK 3 PIECE MINI DOTS CUTLERY SET,2,2010-08-15 14:01:00,3.75,14415.0,United Kingdom
519243,POST,POSTAGE,4,2010-08-15 14:13:00,18.0,12805.0,Netherlands
519252,84997D,PINK 3 PIECE MINI DOTS CUTLERY SET,1,2010-08-15 15:26:00,3.75,17841.0,United Kingdom
519252,84849D,HOT BATHS SOAP HOLDER,2,2010-08-15 15:26:00,1.69,17841.0,United Kingdom
519255,84849D,HOT BATHS SOAP HOLDER,2,2010-08-15 15:36:00,1.69,14183.0,United Kingdom
519263,POST,POSTAGE,2,2010-08-16 08:57:00,18.0,12530.0,Germany
519338,85032D,YULETIDE IMAGES GIFT WRAP SET,6,2010-08-16 11:27:00,2.1,15755.0,United Kingdom
519342,POST,POSTAGE,1,2010-08-16 12:10:00,280.0,12687.0,Sweden
519343,47591D,PINK FAIRY CAKE CHILDRENS APRON,8,2010-08-16 12:12:00,1.95,12687.0,Sweden
519343,85184D,S/4 BLUE ROUND DECOUPAGE BOXES,6,2010-08-16 12:12:00,2.95,12687.0,Sweden
519343,85232D,SET/3 DECOUPAGE STACKING TINS,3,2010-08-16 12:12:00,4.95,12687.0,Sweden
519380,84997D,PINK 3 PIECE MINI DOTS CUTLERY SET,6,2010-08-16 13:36:00,3.75,12921.0,United Kingdom
519384,16161M,WRAP  PINK FLOCK,25,2010-08-16 14:12:00,0.42,18109.0,United Kingdom
519385,84997D,PINK 3 PIECE MINI DOTS CUTLERY SET,6,2010-08-16 14:15:00,3.75,16168.0,United Kingdom
519401,85170D,SET/6 PINK BIRD T-LIGHT CANDLES,24,2010-08-16 16:54:00,0.85,13564.0,United Kingdom
519401,16169M,WRAP DAISY CARPET ,50,2010-08-16 16:54:00,0.19,13564.0,United Kingdom
519401,84706D,CHERRY BLOSSOM TABLE CLOCK ,24,2010-08-16 16:54:00,1.95,13564.0,United Kingdom
519401,82613D,METAL SIGN CUPCAKE SINGLE HOOK,5,2010-08-16 16:54:00,1.25,13564.0,United Kingdom
519401,84249D,FAIRY CAKE GREETINGS CARD,24,2010-08-16 16:54:00,0.42,13564.0,United Kingdom
519404,84997D,PINK 3 PIECE MINI DOTS CUTLERY SET,72,2010-08-17 08:56:00,3.39,14646.0,Netherlands
519409,47591D,PINK FAIRY CAKE CHILDRENS APRON,8,2010-08-17 09:59:00,1.95,13945.0,United Kingdom
519410,84997D,PINK 3 PIECE MINI DOTS CUTLERY SET,6,2010-08-17 10:12:00,3.75,14541.0,United Kingdom
519465,84997D,PINK 3 PIECE MINI DOTS CUTLERY SET,6,2010-08-17 11:45:00,3.75,13313.0,United Kingdom
519476,16169M,WRAP DAISY CARPET ,25,2010-08-17 12:36:00,0.19,14749.0,United Kingdom
519485,90129D,AMBER GLASS TASSLE BAG CHARM,1,2010-08-17 13:35:00,2.95,17753.0,United Kingdom
519485,85184D,S/4 BLUE ROUND DECOUPAGE BOXES,1,2010-08-17 13:35:00,2.95,17753.0,United Kingdom
519490,16169M,WRAP DAISY CARPET ,25,2010-08-17 13:49:00,0.19,17713.0,United Kingdom
519490,82613D,METAL SIGN CUPCAKE SINGLE HOOK,8,2010-08-17 13:49:00,1.25,17713.0,United Kingdom
519494,15044D,RED PAPER PARASOL,3,2010-08-17 14:02:00,2.95,15402.0,United Kingdom
519501,POST,POSTAGE,2,2010-08-17 14:36:00,18.0,12613.0,Germany
519514,84849D,HOT BATHS SOAP HOLDER,144,2010-08-18 09:19:00,1.45,14156.0,EIRE
519518,47591D,PINK FAIRY CAKE CHILDRENS APRON,8,2010-08-18 09:47:00,1.95,15416.0,United Kingdom
519520,M,Manual,1,2010-08-18 10:03:00,1.45,15061.0,United Kingdom
519559,17109D,FLOWER FAIRY INCENSE BOUQUET,72,2010-08-18 11:27:00,0.38,17627.0,United Kingdom
519575,85049D,BRIGHT BLUES RIBBONS ,12,2010-08-18 12:42:00,1.25,18215.0,United Kingdom
519586,84849D,HOT BATHS SOAP HOLDER,12,2010-08-18 13:58:00,1.69,15764.0,United Kingdom
519592,POST,POSTAGE,3,2010-08-18 14:37:00,18.0,12474.0,Germany
519594,85232D,SET/3 DECOUPAGE STACKING TINS,2,2010-08-18 14:43:00,4.95,16769.0,United Kingdom
519593,POST,POSTAGE,1,2010-08-18 14:43:00,18.0,12474.0,Germany
519596,15044D,RED PAPER PARASOL,3,2010-08-18 15:19:00,2.95,13668.0,United Kingdom
519600,47591D,PINK FAIRY CAKE CHILDRENS APRON,1,2010-08-18 15:47:00,1.95,15353.0,United Kingdom
519607,90002D,FLOWER BURST SILVER RING CRYSTAL,1,2010-08-18 16:21:00,3.75,14505.0,United Kingdom
519607,90082D,DIAMANTE BOW BROOCH BLACK COLOUR,1,2010-08-18 16:21:00,6.35,14505.0,United Kingdom
519607,90036D,"FLOWER GLASS GARLAND NECKL.36""BLACK",1,2010-08-18 16:21:00,7.95,14505.0,United Kingdom
519607,90210D,PURPLE ACRYLIC FACETED BANGLE,1,2010-08-18 16:21:00,2.95,14505.0,United Kingdom
519609,84849D,HOT BATHS SOAP HOLDER,1,2010-08-18 16:39:00,1.69,17585.0,United Kingdom
519609,84845D,GERANIUM SQUARE HANDY TIN,1,2010-08-18 16:39:00,1.25,17585.0,United Kingdom
519610,85184D,S/4 BLUE ROUND DECOUPAGE BOXES,1,2010-08-18 16:54:00,2.95,15494.0,United Kingdom
519610,85049D,BRIGHT BLUES RIBBONS ,6,2010-08-18 16:54:00,1.25,15494.0,United Kingdom
519612,90026D,GLASS BEAD HOOP NECKLACE AMETHYST,2,2010-08-18 17:41:00,8.5,15154.0,United Kingdom
519612,90024D,NEW BAROQUE B'FLY NECKLACE PINK,2,2010-08-18 17:41:00,8.5,15154.0,United Kingdom
519612,90200D,PINK SWEETHEART BRACELET,3,2010-08-18 17:41:00,4.25,15154.0,United Kingdom
519612,90161D,ANT COPPER PINK BOUDICCA BRACELET,3,2010-08-18 17:41:00,4.95,15154.0,United Kingdom
519613,90002D,FLOWER BURST SILVER RING CRYSTAL,4,2010-08-18 17:43:00,3.75,15154.0,United Kingdom
519613,90177D,DROP DIAMANTE EARRINGS PURPLE,6,2010-08-18 17:43:00,2.95,15154.0,United Kingdom
519613,90000D,COPPER/OLIVE GREEN FLOWER NECKLACE,2,2010-08-18 17:43:00,5.95,15154.0,United Kingdom
519613,90176D,DIAMANTE NECKLACE PURPLE,2,2010-08-18 17:43:00,7.5,15154.0,United Kingdom
519620,84997D,PINK 3 PIECE MINI DOTS CUTLERY SET,30,2010-08-19 09:30:00,3.75,14952.0,United Kingdom
519622,85232D,SET/3 DECOUPAGE STACKING TINS,3,2010-08-19 09:43:00,4.95,12949.0,United Kingdom
519627,46000M,POLYESTER FILLER PAD 45x45cm,6,2010-08-19 10:07:00,1.55,14198.0,United Kingdom
519656,47591D,PINK FAIRY CAKE CHILDRENS APRON,8,2010-08-19 10:58:00,1.95,12647.0,Germany
519656,84997D,PINK 3 PIECE MINI DOTS CUTLERY SET,6,2010-08-19 10:58:00,3.75,12647.0,Germany
519656,POST,POSTAGE,7,2010-08-19 10:58:00,18.0,12647.0,Germany
519658,84849D,HOT BATHS SOAP HOLDER,2,2010-08-19 11:32:00,1.69,16225.0,United Kingdom
519658,47591D,PINK FAIRY CAKE CHILDRENS APRON,2,2010-08-19 11:32:00,1.95,16225.0,United Kingdom
519691,84997D,PINK 3 PIECE MINI DOTS CUTLERY SET,1,2010-08-19 13:32:00,3.75,17841.0,United Kingdom
519691,15044D,RED PAPER PARASOL,1,2010-08-19 13:32:00,2.95,17841.0,United Kingdom
519692,M,Manual,2,2010-08-19 13:48:00,7.95,17222.0,United Kingdom
519714,84997D,PINK 3 PIECE MINI DOTS CUTLERY SET,12,2010-08-19 15:45:00,3.75,17829.0,United Arab Emirates
519721,85170D,SET/6 PINK BIRD T-LIGHT CANDLES,1,2010-08-19 16:28:00,2.1,14606.0,United Kingdom
519726,85232D,SET/3 DECOUPAGE STACKING TINS,3,2010-08-19 17:46:00,4.95,16299.0,United Kingdom
519730,84849D,HOT BATHS SOAP HOLDER,1,2010-08-19 19:39:00,1.69,16549.0,United Kingdom
519733,84997D,PINK 3 PIECE MINI DOTS CUTLERY SET,6,2010-08-20 08:21:00,3.75,12519.0,Germany
519733,POST,POSTAGE,2,2010-08-20 08:21:00,18.0,12519.0,Germany
519735,17013D,ORIGAMI ROSE INCENSE IN TUBE,90,2010-08-20 09:23:00,0.3,12433.0,Norway
519735,17014D,ORIGAMI ROSE INCENSE CONES,88,2010-08-20 09:23:00,0.3,12433.0,Norway
519735,17011D,ORIGAMI ROSE INCENSE+FLOWER,15,2010-08-20 09:23:00,0.3,12433.0,Norway
519765,79030D,"TUMBLER, BAROQUE",8,2010-08-20 11:14:00,1.65,17853.0,United Kingdom
519792,85049D,BRIGHT BLUES RIBBONS ,12,2010-08-20 12:20:00,1.25,12865.0,Austria
519793,16169M,WRAP DAISY CARPET ,500,2010-08-20 12:26:00,0.19,18251.0,United Kingdom
519804,M,Manual,6,2010-08-20 12:31:00,0.42,16332.0,United Kingdom
519808,D,Discount,192,2010-08-20 12:50:00,1.0,16422.0,United Kingdom
519811,POST,POSTAGE,3,2010-08-20 12:53:00,40.0,13520.0,Switzerland
519810,POST,POSTAGE,1,2010-08-20 12:53:00,15.0,14646.0,Netherlands
519817,84625D,WHITE NEWBAROQUE CANDLESTICK CANDLE,24,2010-08-20 13:41:00,0.85,14243.0,United Kingdom
519820,79190D,RETRO PLASTIC DAISY TRAY,15,2010-08-20 14:07:00,0.42,15856.0,United Kingdom
519821,35600D,PINK AND WHITE CHRISTMAS TREE 180CM,5,2010-08-20 14:13:00,9.95,15248.0,United Kingdom
519827,47591D,PINK FAIRY CAKE CHILDRENS APRON,1,2010-08-20 14:50:00,1.95,15702.0,Nigeria
519877,84927D,LA PALMIERA TILE HOOK,6,2010-08-22 10:33:00,2.1,14016.0,EIRE
519882,17165D,ASS COL LARGE SAND FROG P'WEIGHT,1,2010-08-22 11:45:00,1.05,16725.0,United Kingdom
519898,84968D,SET OF 16 VINTAGE RED CUTLERY,1,2010-08-22 13:10:00,12.75,17578.0,United Kingdom
519905,84968D,SET OF 16 VINTAGE RED CUTLERY,1,2010-08-22 13:36:00,12.75,14855.0,United Kingdom
519907,90200D,PINK SWEETHEART BRACELET,2,2010-08-22 13:40:00,4.25,15059.0,United Kingdom
519910,15044D,RED PAPER PARASOL,6,2010-08-22 13:46:00,2.95,13157.0,United Kingdom
519914,POST,POSTAGE,2,2010-08-22 13:59:00,18.0,12471.0,Germany
519916,90201D,GREEN ENAMEL FLOWER RING,6,2010-08-22 14:01:00,2.95,14221.0,United Kingdom
519916,79302M,"ART LIGHTS,FUNK MONKEY",6,2010-08-22 14:01:00,2.95,14221.0,United Kingdom
519918,85049D,BRIGHT BLUES RIBBONS ,12,2010-08-22 14:35:00,1.25,17597.0,United Kingdom
519922,47591D,PINK FAIRY CAKE CHILDRENS APRON,8,2010-08-22 14:56:00,1.95,14560.0,United Kingdom
519925,84849D,HOT BATHS SOAP HOLDER,12,2010-08-22 15:00:00,1.69,15186.0,United Kingdom
519927,72801D,4 SKY BLUE DINNER CANDLES,48,2010-08-22 15:12:00,0.42,17095.0,United Kingdom
519930,POST,POSTAGE,3,2010-08-22 15:48:00,15.0,12866.0,Belgium
519932,85049D,BRIGHT BLUES RIBBONS ,2,2010-08-22 16:05:00,1.25,17231.0,United Kingdom
519933,84997D,PINK 3 PIECE MINI DOTS CUTLERY SET,3,2010-08-22 16:07:00,3.75,16409.0,United Kingdom
519934,47591D,PINK FAIRY CAKE CHILDRENS APRON,2,2010-08-22 16:08:00,1.95,16770.0,United Kingdom
519938,85232D,SET/3 DECOUPAGE STACKING TINS,3,2010-08-23 09:23:00,4.95,15260.0,United Kingdom
519946,16169M,WRAP DAISY CARPET ,25,2010-08-23 10:38:00,0.19,14156.0,EIRE
519948,84997D,PINK 3 PIECE MINI DOTS CUTLERY SET,6,2010-08-23 10:43:00,3.75,14156.0,EIRE
520021,84997D,PINK 3 PIECE MINI DOTS CUTLERY SET,60,2010-08-23 12:12:00,3.75,12678.0,France
520027,16169M,WRAP DAISY CARPET ,25,2010-08-23 12:56:00,0.19,14321.0,United Kingdom
520041,15044D,RED PAPER PARASOL,6,2010-08-23 14:12:00,2.95,13081.0,United Kingdom
520046,84249D,FAIRY CAKE GREETINGS CARD,12,2010-08-23 14:38:00,0.42,15005.0,United Kingdom
520046,47591D,PINK FAIRY CAKE CHILDRENS APRON,4,2010-08-23 14:38:00,1.95,15005.0,United Kingdom
520059,84997D,PINK 3 PIECE MINI DOTS CUTLERY SET,1,2010-08-23 15:44:00,3.75,15003.0,United Kingdom
520059,47591D,PINK FAIRY CAKE CHILDRENS APRON,2,2010-08-23 15:44:00,1.95,15003.0,United Kingdom
520062,84849D,HOT BATHS SOAP HOLDER,6,2010-08-23 16:01:00,1.69,14395.0,United Kingdom
520071,79302M,"ART LIGHTS,FUNK MONKEY",12,2010-08-24 08:21:00,2.55,14298.0,United Kingdom
520075,84997D,PINK 3 PIECE MINI DOTS CUTLERY SET,6,2010-08-24 09:31:00,3.75,15194.0,United Kingdom
520076,POST,POSTAGE,3,2010-08-24 09:44:00,18.0,12472.0,Germany
520076,85049D,BRIGHT BLUES RIBBONS ,12,2010-08-24 09:44:00,1.25,12472.0,Germany
520082,47591D,PINK FAIRY CAKE CHILDRENS APRON,50,2010-08-24 10:41:00,1.65,17511.0,United Kingdom
520084,47591D,PINK FAIRY CAKE CHILDRENS APRON,8,2010-08-24 10:45:00,1.95,12915.0,United Kingdom
520166,47591D,PINK FAIRY CAKE CHILDRENS APRON,6,2010-08-24 12:55:00,1.95,17774.0,United Kingdom
520179,84997D,PINK 3 PIECE MINI DOTS CUTLERY SET,6,2010-08-24 13:46:00,3.75,16550.0,United Kingdom
520181,POST,POSTAGE,1,2010-08-24 13:51:00,15.0,12765.0,Netherlands
520188,84926D,LA PALMIERA TILE COASTER,1,2010-08-24 14:26:00,1.25,13567.0,United Kingdom
520207,84925D,LA PALMIERA WALL THERMOMETER,3,2010-08-24 16:14:00,2.55,15666.0,United Kingdom
520217,16169M,WRAP DAISY CARPET ,25,2010-08-25 09:37:00,0.19,13162.0,United Kingdom
520220,POST,POSTAGE,2,2010-08-25 09:44:00,18.0,12621.0,Germany
520221,84925D,LA PALMIERA WALL THERMOMETER,1,2010-08-25 09:44:00,2.55,16456.0,United Kingdom
520221,17165D,ASS COL LARGE SAND FROG P'WEIGHT,3,2010-08-25 09:44:00,1.05,16456.0,United Kingdom
520246,POST,POSTAGE,4,2010-08-25 11:07:00,18.0,12721.0,France
520319,85129D,BEADED CRYSTAL HEART PINK SMALL,12,2010-08-25 11:58:00,1.25,16175.0,United Kingdom
520322,47591D,PINK FAIRY CAKE CHILDRENS APRON,8,2010-08-25 12:16:00,1.95,13648.0,United Kingdom
520337,84997D,PINK 3 PIECE MINI DOTS CUTLERY SET,5,2010-08-25 12:42:00,3.75,15950.0,United Kingdom
520337,84997D,PINK 3 PIECE MINI DOTS CUTLERY SET,1,2010-08-25 12:42:00,3.75,15950.0,United Kingdom
520344,47591D,PINK FAIRY CAKE CHILDRENS APRON,7,2010-08-25 13:05:00,1.95,13680.0,United Kingdom
520347,85131D,BEADED CRYSTAL HEART PINK ON STICK,24,2010-08-25 13:10:00,0.38,17146.0,United Kingdom
520347,85071D,CHARLIE+LOLA MY ROOM DOOR SIGN,6,2010-08-25 13:10:00,2.55,17146.0,United Kingdom
520347,84849D,HOT BATHS SOAP HOLDER,12,2010-08-25 13:10:00,1.69,17146.0,United Kingdom
520349,POST,POSTAGE,3,2010-08-25 13:22:00,18.0,12682.0,France
520351,POST,POSTAGE,2,2010-08-25 13:28:00,18.0,12720.0,Germany
520361,84997D,PINK 3 PIECE MINI DOTS CUTLERY SET,1,2010-08-25 13:44:00,3.75,13548.0,United Kingdom
520362,15044D,RED PAPER PARASOL,1,2010-08-25 13:46:00,2.95,17841.0,United Kingdom
520364,85049D,BRIGHT BLUES RIBBONS ,6,2010-08-25 14:18:00,1.25,18077.0,United Kingdom
520367,POST,POSTAGE,1,2010-08-25 14:34:00,18.0,12599.0,France
520376,15044D,RED PAPER PARASOL,3,2010-08-25 14:38:00,2.95,14787.0,United Kingdom
520390,M,Manual,1,2010-08-25 15:31:00,0.42,18196.0,United Kingdom
520405,47591D,PINK FAIRY CAKE CHILDRENS APRON,3,2010-08-25 17:27:00,1.95,17338.0,United Kingdom
520405,17107D,"FLOWER FAIRY,5 SUMMER B'DRAW LINERS",4,2010-08-25 17:27:00,2.55,17338.0,United Kingdom
520405,17165D,ASS COL LARGE SAND FROG P'WEIGHT,4,2010-08-25 17:27:00,1.05,17338.0,United Kingdom
520405,84559D,3D SHEET OF SEA WORLD STICKERS,6,2010-08-25 17:27:00,0.85,17338.0,United Kingdom
520425,16169M,WRAP DAISY CARPET ,25,2010-08-26 10:40:00,0.19,14236.0,United Kingdom
520485,M,Manual,1,2010-08-26 11:54:00,10.0,14866.0,United Kingdom
520494,POST,POSTAGE,3,2010-08-26 12:09:00,18.0,12621.0,Germany
520502,84849D,HOT BATHS SOAP HOLDER,2,2010-08-26 12:38:00,1.69,14085.0,United Kingdom
520502,46000M,POLYESTER FILLER PAD 45x45cm,4,2010-08-26 12:38:00,1.55,14085.0,United Kingdom
520512,POST,POSTAGE,2,2010-08-26 13:23:00,15.0,12802.0,Netherlands
520514,84997D,PINK 3 PIECE MINI DOTS CUTLERY SET,6,2010-08-26 13:40:00,3.75,16159.0,United Kingdom
520520,POST,POSTAGE,1,2010-08-26 14:11:00,28.0,12800.0,Portugal
520528,90201D,GREEN ENAMEL FLOWER RING,6,2010-08-26 14:45:00,2.95,14221.0,United Kingdom
520529,M,Manual,1,2010-08-26 14:53:00,25.0,12471.0,Germany
520530,47591D,PINK FAIRY CAKE CHILDRENS APRON,1,2010-08-26 15:03:00,1.95,17886.0,United Kingdom
520555,84997D,PINK 3 PIECE MINI DOTS CUTLERY SET,3,2010-08-26 16:36:00,3.75,16468.0,United Kingdom
520570,85130D,BEADED CRYSTAL HEART PINK LARGE,4,2010-08-26 20:07:00,1.65,16549.0,United Kingdom
520665,84559D,3D SHEET OF SEA WORLD STICKERS,4,2010-08-27 13:05:00,0.85,13206.0,United Kingdom
520672,85049D,BRIGHT BLUES RIBBONS ,1,2010-08-27 14:09:00,1.25,17270.0,United Kingdom
520673,85049D,BRIGHT BLUES RIBBONS ,1,2010-08-27 14:13:00,1.25,17894.0,United Kingdom
520697,47591D,PINK FAIRY CAKE CHILDRENS APRON,2,2010-08-29 11:03:00,1.95,16923.0,United Kingdom
520700,85185D,FROG SOCK PUPPET,1,2010-08-29 11:31:00,2.95,15976.0,United Kingdom
520700,M,Manual,1,2010-08-29 11:31:00,2.1,15976.0,United Kingdom
520701,85049D,BRIGHT BLUES RIBBONS ,4,2010-08-29 11:38:00,1.25,15058.0,United Kingdom
520703,47591D,PINK FAIRY CAKE CHILDRENS APRON,8,2010-08-29 11:47:00,1.95,15074.0,United Kingdom
520715,M,Manual,3,2010-08-29 13:58:00,6.75,16510.0,United Kingdom
520720,47591D,PINK FAIRY CAKE CHILDRENS APRON,1,2010-08-29 14:36:00,1.95,13069.0,United Kingdom
520727,17090D,VANILLA INCENSE 40 CONES IN TIN,1,2010-08-29 15:45:00,1.25,16755.0,United Kingdom
520732,46000M,POLYESTER FILLER PAD 45x45cm,3,2010-08-29 16:01:00,1.55,17384.0,United Kingdom
520734,85131D,BEADED CRYSTAL HEART PINK ON STICK,24,2010-08-31 08:43:00,0.38,16975.0,United Kingdom
520737,84997D,PINK 3 PIECE MINI DOTS CUTLERY SET,6,2010-08-31 09:31:00,3.75,12423.0,Denmark
520737,POST,POSTAGE,2,2010-08-31 09:31:00,18.0,12423.0,Denmark
520738,47591D,PINK FAIRY CAKE CHILDRENS APRON,8,2010-08-31 09:36:00,1.95,14837.0,United Kingdom
520746,84997D,PINK 3 PIECE MINI DOTS CUTLERY SET,6,2010-08-31 10:52:00,3.75,14911.0,EIRE
520750,M,Manual,1,2010-08-31 11:04:00,1868.56,15480.0,Malta
520821,17109D,FLOWER FAIRY INCENSE BOUQUET,1,2010-08-31 11:58:00,1.69,12804.0,Netherlands
520825,47591D,PINK FAIRY CAKE CHILDRENS APRON,1,2010-08-31 12:35:00,1.95,14433.0,United Kingdom
520847,46000M,POLYESTER FILLER PAD 45x45cm,2,2010-08-31 12:48:00,1.55,16791.0,United Kingdom
520848,POST,POSTAGE,3,2010-08-31 12:52:00,18.0,12623.0,Germany
520858,16169M,WRAP DAISY CARPET ,25,2010-08-31 13:42:00,0.19,13963.0,United Kingdom
520860,POST,POSTAGE,3,2010-08-31 13:57:00,28.0,12540.0,Spain
520872,POST,POSTAGE,5,2010-08-31 14:54:00,15.0,12380.0,Belgium
520872,84997D,PINK 3 PIECE MINI DOTS CUTLERY SET,12,2010-08-31 14:54:00,3.75,12380.0,Belgium
520894,84849D,HOT BATHS SOAP HOLDER,2,2010-08-31 17:31:00,1.69,16549.0,United Kingdom
520894,85129D,BEADED CRYSTAL HEART PINK SMALL,3,2010-08-31 17:31:00,1.25,16549.0,United Kingdom
520899,POST,POSTAGE,2,2010-09-01 09:26:00,18.0,12645.0,Germany
520947,POST,POSTAGE,3,2010-09-01 10:47:00,15.0,12761.0,Netherlands
520950,POST,POSTAGE,3,2010-09-01 11:23:00,18.0,13815.0,Germany
520955,84997D,PINK 3 PIECE MINI DOTS CUTLERY SET,12,2010-09-01 12:00:00,3.75,15810.0,United Kingdom
520960,84849D,HOT BATHS SOAP HOLDER,1,2010-09-01 12:11:00,1.69,14606.0,United Kingdom
520960,90214M,"LETTER ""M"" BLING KEY RING",1,2010-09-01 12:11:00,1.25,14606.0,United Kingdom
520960,47310M,"SMALL POP BOX,FUNKY MONKEY",3,2010-09-01 12:11:00,1.25,14606.0,United Kingdom
520966,46000M,POLYESTER FILLER PAD 45x45cm,12,2010-09-01 12:20:00,1.55,14265.0,Unspecified
520972,84997D,PINK 3 PIECE MINI DOTS CUTLERY SET,5,2010-09-01 12:38:00,3.75,12391.0,Cyprus
520973,84997D,PINK 3 PIECE MINI DOTS CUTLERY SET,6,2010-09-01 12:45:00,3.75,14175.0,United Kingdom
521014,17165D,ASS COL LARGE SAND FROG P'WEIGHT,9,2010-09-01 14:55:00,1.05,17611.0,United Kingdom
521019,47591D,PINK FAIRY CAKE CHILDRENS APRON,8,2010-09-01 15:08:00,1.95,16292.0,United Kingdom
521037,POST,POSTAGE,1,2010-09-02 09:14:00,99.0,12678.0,France
521040,POST,POSTAGE,1,2010-09-02 09:27:00,18.0,12471.0,Germany
521097,M,Manual,1,2010-09-02 10:37:00,1055.75,12589.0,France
521111,POST,POSTAGE,9,2010-09-02 10:43:00,18.0,12589.0,France
521119,47591D,PINK FAIRY CAKE CHILDRENS APRON,1,2010-09-02 11:45:00,1.95,17068.0,United Kingdom
521126,POST,POSTAGE,1,2010-09-02 12:22:00,40.0,12414.0,Austria
521129,M,Manual,2,2010-09-02 12:36:00,0.85,16746.0,United Kingdom
521154,M,Manual,1,2010-09-02 13:42:00,130.0,12414.0,Austria
521157,M,Manual,1,2010-09-02 13:47:00,130.0,12414.0,Austria
521160,84997D,PINK 3 PIECE MINI DOTS CUTLERY SET,6,2010-09-02 14:12:00,3.75,15738.0,United Kingdom
521161,POST,POSTAGE,1,2010-09-02 14:21:00,15.0,12788.0,Netherlands
521162,84997D,PINK 3 PIECE MINI DOTS CUTLERY SET,6,2010-09-02 14:22:00,3.75,12598.0,France
521162,POST,POSTAGE,4,2010-09-02 14:22:00,18.0,12598.0,France
521166,84997D,PINK 3 PIECE MINI DOTS CUTLERY SET,3,2010-09-02 14:52:00,3.75,17238.0,United Kingdom
521172,82613D,METAL SIGN CUPCAKE SINGLE HOOK,8,2010-09-02 15:35:00,1.25,12451.0,Switzerland
521172,85184D,S/4 BLUE ROUND DECOUPAGE BOXES,6,2010-09-02 15:35:00,2.95,12451.0,Switzerland
521175,M,Manual,1,2010-09-02 15:50:00,7.95,15901.0,United Kingdom
521182,17165D,ASS COL LARGE SAND FROG P'WEIGHT,36,2010-09-02 16:14:00,0.85,14298.0,United Kingdom
521189,72801D,4 SKY BLUE DINNER CANDLES,4,2010-09-02 16:47:00,1.25,13077.0,United Kingdom
521195,85131D,BEADED CRYSTAL HEART PINK ON STICK,24,2010-09-02 17:17:00,0.38,15424.0,United Kingdom
521195,35598D,PINK/WHITE CHRISTMAS TREE 60CM,24,2010-09-02 17:17:00,0.65,15424.0,United Kingdom
521195,85170D,SET/6 PINK BIRD T-LIGHT CANDLES,24,2010-09-02 17:17:00,0.85,15424.0,United Kingdom
521200,85169D,PINK LOVE BIRD CANDLE,12,2010-09-02 17:45:00,1.25,17675.0,United Kingdom
521214,POST,POSTAGE,3,2010-09-03 09:27:00,18.0,12683.0,France
521222,84997D,PINK 3 PIECE MINI DOTS CUTLERY SET,2,2010-09-03 10:39:00,3.75,17287.0,United Kingdom
521222,85169D,PINK LOVE BIRD CANDLE,5,2010-09-03 10:39:00,1.25,17287.0,United Kingdom
521317,79191D,RETRO PLASTIC DAISY TRAY,1,2010-09-03 12:06:00,0.85,17854.0,United Kingdom
521317,17107D,"FLOWER FAIRY,5 SUMMER B'DRAW LINERS",1,2010-09-03 12:06:00,2.55,17854.0,United Kingdom
521341,84997D,PINK 3 PIECE MINI DOTS CUTLERY SET,6,2010-09-03 13:11:00,3.75,12440.0,Austria
521341,POST,POSTAGE,1,2010-09-03 13:11:00,40.0,12440.0,Austria
521343,POST,POSTAGE,3,2010-09-03 13:18:00,18.0,12681.0,France
521354,POST,POSTAGE,1,2010-09-03 15:19:00,15.0,12361.0,Belgium
521367,47310M,"SMALL POP BOX,FUNKY MONKEY",6,2010-09-05 11:04:00,1.25,14753.0,United Kingdom
521369,M,Manual,2,2010-09-05 11:14:00,7.95,16085.0,United Kingdom
521373,POST,POSTAGE,1,2010-09-05 11:47:00,18.0,12437.0,France
521374,85169D,PINK LOVE BIRD CANDLE,1,2010-09-05 11:57:00,1.25,14606.0,United Kingdom
521374,85170D,SET/6 PINK BIRD T-LIGHT CANDLES,2,2010-09-05 11:57:00,2.1,14606.0,United Kingdom
521375,POST,POSTAGE,4,2010-09-05 11:58:00,18.0,12647.0,Germany
521376,47591D,PINK FAIRY CAKE CHILDRENS APRON,50,2010-09-05 11:59:00,1.65,13798.0,United Kingdom
521383,90120D,WHITE MURANO TWIST BRACELET,2,2010-09-05 12:44:00,4.25,15751.0,United Kingdom
521397,84849D,HOT BATHS SOAP HOLDER,2,2010-09-05 16:02:00,1.69,16549.0,United Kingdom
521397,85049D,BRIGHT BLUES RIBBONS ,1,2010-09-05 16:02:00,1.25,16549.0,United Kingdom
521398,47591D,PINK FAIRY CAKE CHILDRENS APRON,2,2010-09-05 16:10:00,1.95,14415.0,United Kingdom
521398,84849D,HOT BATHS SOAP HOLDER,2,2010-09-05 16:10:00,1.69,14415.0,United Kingdom
521401,POST,POSTAGE,3,2010-09-06 10:10:00,18.0,12524.0,Germany
521426,POST,POSTAGE,2,2010-09-06 11:21:00,18.0,12490.0,France
521452,84997D,PINK 3 PIECE MINI DOTS CUTLERY SET,6,2010-09-06 11:33:00,3.75,15712.0,United Kingdom
521467,85129D,BEADED CRYSTAL HEART PINK SMALL,12,2010-09-06 11:49:00,1.25,13842.0,United Kingdom
521470,85129D,BEADED CRYSTAL HEART PINK SMALL,14,2010-09-06 12:04:00,1.25,16246.0,United Kingdom
521470,85185D,FROG SOCK PUPPET,4,2010-09-06 12:04:00,2.95,16246.0,United Kingdom
521471,84997D,PINK 3 PIECE MINI DOTS CUTLERY SET,10,2010-09-06 12:09:00,3.75,14680.0,United Kingdom
521473,47591D,PINK FAIRY CAKE CHILDRENS APRON,1,2010-09-06 12:16:00,1.95,15719.0,United Kingdom
521478,85170D,SET/6 PINK BIRD T-LIGHT CANDLES,2,2010-09-06 12:55:00,2.1,17841.0,United Kingdom
521496,POST,POSTAGE,5,2010-09-06 14:27:00,28.0,12510.0,Spain
521515,84997D,PINK 3 PIECE MINI DOTS CUTLERY SET,1,2010-09-06 14:36:00,3.75,13736.0,United Kingdom
521549,47591D,PINK FAIRY CAKE CHILDRENS APRON,8,2010-09-06 15:55:00,1.95,14156.0,EIRE
521563,84997D,PINK 3 PIECE MINI DOTS CUTLERY SET,6,2010-09-07 10:26:00,3.75,12921.0,United Kingdom
521569,POST,POSTAGE,2,2010-09-07 11:40:00,18.0,12437.0,France
521570,84997D,PINK 3 PIECE MINI DOTS CUTLERY SET,2,2010-09-07 11:43:00,3.75,15039.0,United Kingdom
521575,84997D,PINK 3 PIECE MINI DOTS CUTLERY SET,5,2010-09-07 12:20:00,3.75,12859.0,United Kingdom
521593,84625D,WHITE NEWBAROQUE CANDLESTICK CANDLE,24,2010-09-07 12:38:00,0.85,15289.0,United Kingdom
521642,84849D,HOT BATHS SOAP HOLDER,12,2010-09-07 13:04:00,1.69,14911.0,EIRE
521647,85170D,SET/6 PINK BIRD T-LIGHT CANDLES,1,2010-09-07 13:25:00,2.1,14606.0,United Kingdom
521647,85169D,PINK LOVE BIRD CANDLE,1,2010-09-07 13:25:00,1.25,14606.0,United Kingdom
521649,M,Manual,1,2010-09-07 13:28:00,3.75,14968.0,United Kingdom
521656,M,Manual,1,2010-09-07 14:04:00,1.45,16221.0,United Kingdom
521661,POST,POSTAGE,2,2010-09-07 14:21:00,18.0,12605.0,Germany
521664,85049D,BRIGHT BLUES RIBBONS ,2,2010-09-07 14:54:00,1.25,17611.0,United Kingdom
521686,47591D,PINK FAIRY CAKE CHILDRENS APRON,8,2010-09-07 16:23:00,1.95,12921.0,United Kingdom
521696,79302M,"ART LIGHTS,FUNK MONKEY",6,2010-09-08 10:06:00,2.95,13468.0,United Kingdom
521697,82613D,METAL SIGN CUPCAKE SINGLE HOOK,8,2010-09-08 10:09:00,1.25,15271.0,United Kingdom
521765,POST,POSTAGE,5,2010-09-08 11:54:00,18.0,12471.0,Germany
521767,84569D,PACK 6 HEART/ICE-CREAM PATCHES,12,2010-09-08 11:56:00,1.25,15752.0,United Kingdom
521769,M,Manual,1,2010-09-08 12:17:00,25.0,12761.0,Netherlands
521790,POST,POSTAGE,1,2010-09-08 13:09:00,18.0,12575.0,France
521794,47591D,PINK FAIRY CAKE CHILDRENS APRON,2,2010-09-08 13:52:00,1.95,17068.0,United Kingdom
521796,85049D,BRIGHT BLUES RIBBONS ,2,2010-09-08 13:57:00,1.25,17220.0,United Kingdom
521798,84997D,PINK 3 PIECE MINI DOTS CUTLERY SET,6,2010-09-08 14:14:00,3.75,15615.0,United Kingdom
521799,84876D,BLUE HEART COMPACT MIRROR,4,2010-09-08 14:16:00,3.75,14282.0,United Kingdom
521808,47591D,PINK FAIRY CAKE CHILDRENS APRON,6,2010-09-08 14:32:00,1.95,18041.0,United Kingdom
521809,BANK CHARGES,Bank Charges,1,2010-09-08 14:33:00,15.0,14911.0,EIRE
521811,90000D,COPPER/OLIVE GREEN FLOWER NECKLACE,1,2010-09-08 14:57:00,5.95,16713.0,United Kingdom
521811,90082D,DIAMANTE BOW BROOCH BLACK COLOUR,1,2010-09-08 14:57:00,6.35,16713.0,United Kingdom
521812,BANK CHARGES,Bank Charges,1,2010-09-08 15:00:00,15.0,16271.0,United Kingdom
521816,17107D,"FLOWER FAIRY,5 SUMMER B'DRAW LINERS",6,2010-09-08 15:30:00,2.55,15555.0,United Kingdom
521821,47591D,PINK FAIRY CAKE CHILDRENS APRON,50,2010-09-08 17:23:00,1.65,15523.0,United Kingdom
521822,90059D,DIAMANTE HAIR GRIP PACK/2 PERIDOT,6,2010-09-09 10:37:00,1.65,12714.0,France
521822,47591D,PINK FAIRY CAKE CHILDRENS APRON,8,2010-09-09 10:37:00,1.95,12714.0,France
521822,POST,POSTAGE,6,2010-09-09 10:37:00,18.0,12714.0,France
521829,84997D,PINK 3 PIECE MINI DOTS CUTLERY SET,18,2010-09-09 10:44:00,3.75,17242.0,United Kingdom
521839,85049D,BRIGHT BLUES RIBBONS ,12,2010-09-09 10:50:00,1.25,12635.0,Germany
521839,POST,POSTAGE,4,2010-09-09 10:50:00,18.0,12635.0,Germany
521857,85232D,SET/3 DECOUPAGE STACKING TINS,3,2010-09-09 11:00:00,4.95,15606.0,United Kingdom
521888,47591D,PINK FAIRY CAKE CHILDRENS APRON,50,2010-09-09 11:43:00,1.65,12770.0,Japan
521896,POST,POSTAGE,3,2010-09-09 12:19:00,18.0,12682.0,France
521899,POST,POSTAGE,2,2010-09-09 12:29:00,18.0,12647.0,Germany
521901,84997D,PINK 3 PIECE MINI DOTS CUTLERY SET,6,2010-09-09 12:37:00,3.75,14688.0,United Kingdom
521910,85049D,BRIGHT BLUES RIBBONS ,12,2010-09-09 13:09:00,1.25,13046.0,United Kingdom
521914,POST,POSTAGE,2,2010-09-09 13:51:00,15.0,12460.0,Belgium
521921,85049D,BRIGHT BLUES RIBBONS ,12,2010-09-09 14:48:00,1.25,12681.0,France
521921,47591D,PINK FAIRY CAKE CHILDRENS APRON,8,2010-09-09 14:48:00,1.95,12681.0,France
521921,84997D,PINK 3 PIECE MINI DOTS CUTLERY SET,6,2010-09-09 14:48:00,3.75,12681.0,France
521921,POST,POSTAGE,4,2010-09-09 14:48:00,18.0,12681.0,France
521922,84997D,PINK 3 PIECE MINI DOTS CUTLERY SET,6,2010-09-09 14:49:00,3.75,12631.0,Finland
521927,17107D,"FLOWER FAIRY,5 SUMMER B'DRAW LINERS",6,2010-09-09 15:22:00,2.55,16638.0,United Kingdom
521952,85232D,SET/3 DECOUPAGE STACKING TINS,3,2010-09-09 17:37:00,4.95,12683.0,France
521952,POST,POSTAGE,2,2010-09-09 17:37:00,18.0,12683.0,France
521955,85185D,FROG SOCK PUPPET,2,2010-09-09 18:00:00,2.95,16032.0,United Kingdom
521958,POST,POSTAGE,2,2010-09-09 18:14:00,18.0,12708.0,Germany
521973,90129D,AMBER GLASS TASSLE BAG CHARM,2,2010-09-09 19:46:00,2.95,17366.0,United Kingdom
521974,47591D,PINK FAIRY CAKE CHILDRENS APRON,2,2010-09-09 19:56:00,1.95,15861.0,United Kingdom
521974,84559D,3D SHEET OF SEA WORLD STICKERS,8,2010-09-09 19:56:00,0.85,15861.0,United Kingdom
521974,M,Manual,1,2010-09-09 19:56:00,3.95,15861.0,United Kingdom
521978,POST,POSTAGE,2,2010-09-10 08:50:00,15.0,12760.0,Netherlands
521983,85129D,BEADED CRYSTAL HEART PINK SMALL,12,2010-09-10 10:09:00,1.25,13304.0,United Kingdom
522024,84997D,PINK 3 PIECE MINI DOTS CUTLERY SET,2,2010-09-10 11:40:00,3.75,17228.0,United Kingdom
522025,47591D,PINK FAIRY CAKE CHILDRENS APRON,50,2010-09-10 11:56:00,1.65,15372.0,United Kingdom
522029,POST,POSTAGE,3,2010-09-10 12:05:00,18.0,12474.0,Germany
522041,47591D,PINK FAIRY CAKE CHILDRENS APRON,8,2010-09-10 12:32:00,1.95,16858.0,United Kingdom
522049,M,Manual,20,2010-09-10 14:31:00,2.1,16928.0,United Kingdom
522059,79190D,RETRO PLASTIC DAISY TRAY,15,2010-09-10 15:51:00,0.42,15856.0,United Kingdom
522060,M,Manual,1,2010-09-10 15:52:00,10.0,12802.0,Netherlands
522070,46000M,POLYESTER FILLER PAD 45x45cm,5,2010-09-12 10:30:00,1.55,17377.0,United Kingdom
522071,85184D,S/4 BLUE ROUND DECOUPAGE BOXES,1,2010-09-12 10:40:00,2.95,13782.0,United Kingdom
522090,47591D,PINK FAIRY CAKE CHILDRENS APRON,3,2010-09-12 12:46:00,1.95,16799.0,United Kingdom
522091,17090D,VANILLA INCENSE 40 CONES IN TIN,6,2010-09-12 12:47:00,1.25,14595.0,United Kingdom
522102,M,Manual,5,2010-09-12 14:05:00,1.65,13148.0,United Kingdom
522115,16161M,WRAP  PINK FLOCK,25,2010-09-12 16:08:00,0.42,15796.0,United Kingdom
522156,16162M,THE KING GIFT BAG 25x24x12cm,12,2010-09-13 10:51:00,0.42,14569.0,United Kingdom
522166,85049D,BRIGHT BLUES RIBBONS ,4,2010-09-13 11:20:00,1.25,17504.0,United Kingdom
522172,47591D,PINK FAIRY CAKE CHILDRENS APRON,16,2010-09-13 11:38:00,1.95,13004.0,United Kingdom
522271,85049D,BRIGHT BLUES RIBBONS ,3,2010-09-13 12:34:00,1.25,14399.0,United Kingdom
522273,84997D,PINK 3 PIECE MINI DOTS CUTLERY SET,1,2010-09-13 12:41:00,3.75,16470.0,United Kingdom
522282,35598D,PINK/WHITE CHRISTMAS TREE 60CM,24,2010-09-13 13:09:00,0.65,13920.0,United Kingdom
522282,35600D,PINK AND WHITE CHRISTMAS TREE 180CM,24,2010-09-13 13:09:00,2.95,13920.0,United Kingdom
522282,47591D,PINK FAIRY CAKE CHILDRENS APRON,50,2010-09-13 13:09:00,1.65,13920.0,United Kingdom
522284,46000M,POLYESTER FILLER PAD 45x45cm,1,2010-09-13 13:29:00,1.55,17841.0,United Kingdom
522288,17165D,ASS COL LARGE SAND FROG P'WEIGHT,9,2010-09-13 13:47:00,1.05,13129.0,United Kingdom
522301,POST,POSTAGE,3,2010-09-13 14:55:00,18.0,12530.0,Germany
522325,POST,POSTAGE,2,2010-09-13 15:48:00,18.0,12693.0,Germany
522327,84559D,3D SHEET OF SEA WORLD STICKERS,2,2010-09-13 16:15:00,0.85,18069.0,United Kingdom
522327,85032D,YULETIDE IMAGES GIFT WRAP SET,1,2010-09-13 16:15:00,2.1,18069.0,United Kingdom
522327,M,Manual,2,2010-09-13 16:15:00,7.95,18069.0,United Kingdom
522333,POST,POSTAGE,1,2010-09-14 09:43:00,40.0,12483.0,Sweden
522335,POST,POSTAGE,2,2010-09-14 10:13:00,18.0,12583.0,France
522339,POST,POSTAGE,4,2010-09-14 10:43:00,18.0,12621.0,Germany
522415,90125D,PURPLE BERTIE GLASS BEAD BAG CHARM,1,2010-09-14 12:06:00,2.1,16746.0,United Kingdom
522415,90040D,MURANO STYLE GLASS BRACELET PINK,1,2010-09-14 12:06:00,3.5,16746.0,United Kingdom
522419,84927D,LA PALMIERA TILE HOOK,1,2010-09-14 12:37:00,2.1,17615.0,United Kingdom
522421,POST,POSTAGE,1,2010-09-14 12:48:00,15.0,12778.0,Netherlands
522424,POST,POSTAGE,6,2010-09-14 12:58:00,18.0,12476.0,Germany
522425,POST,POSTAGE,1,2010-09-14 13:05:00,18.0,12476.0,Germany
522429,72800D,4 BLUE DINNER CANDLES SILVER FLOCK,36,2010-09-14 13:29:00,2.1,15311.0,United Kingdom
522429,84849D,HOT BATHS SOAP HOLDER,2,2010-09-14 13:29:00,1.69,15311.0,United Kingdom
522437,84997D,PINK 3 PIECE MINI DOTS CUTLERY SET,1,2010-09-14 13:56:00,3.75,17346.0,United Kingdom
522437,M,Manual,1,2010-09-14 13:56:00,4.25,17346.0,United Kingdom
522440,M,Manual,1,2010-09-14 14:16:00,9.9,15901.0,United Kingdom
522443,85049D,BRIGHT BLUES RIBBONS ,2,2010-09-14 14:30:00,1.25,15998.0,United Kingdom
522454,POST,POSTAGE,2,2010-09-14 15:40:00,18.0,12682.0,France
522458,84997D,PINK 3 PIECE MINI DOTS CUTLERY SET,2,2010-09-14 15:55:00,3.75,12933.0,United Kingdom
522461,84569D,PACK 6 HEART/ICE-CREAM PATCHES,24,2010-09-14 16:15:00,1.25,14381.0,United Kingdom
522467,85232D,SET/3 DECOUPAGE STACKING TINS,6,2010-09-15 09:50:00,4.95,12539.0,Spain
522467,16161M,WRAP  PINK FLOCK,25,2010-09-15 09:50:00,0.42,12539.0,Spain
522467,POST,POSTAGE,1,2010-09-15 09:50:00,28.0,12539.0,Spain
522468,84849D,HOT BATHS SOAP HOLDER,12,2010-09-15 09:52:00,1.69,14231.0,United Kingdom
522476,84997D,PINK 3 PIECE MINI DOTS CUTLERY SET,6,2010-09-15 10:44:00,3.75,15966.0,United Kingdom
522497,POST,POSTAGE,1,2010-09-15 11:04:00,18.0,12682.0,France
522542,85129D,BEADED CRYSTAL HEART PINK SMALL,1,2010-09-15 11:53:00,1.25,16406.0,United Kingdom
522553,85232D,SET/3 DECOUPAGE STACKING TINS,6,2010-09-15 11:56:00,4.95,12481.0,Germany
522553,POST,POSTAGE,7,2010-09-15 11:56:00,18.0,12481.0,Germany
522592,POST,POSTAGE,2,2010-09-15 13:16:00,15.0,12408.0,Belgium
522594,90185D,CRYSTAL DIAMANTE EXPANDABLE RING,1,2010-09-15 13:21:00,4.25,16005.0,United Kingdom
522594,M,Manual,2,2010-09-15 13:21:00,0.21,16005.0,United Kingdom
522597,POST,POSTAGE,1,2010-09-15 13:24:00,15.0,12402.0,Belgium
522598,84876D,BLUE HEART COMPACT MIRROR,24,2010-09-15 13:29:00,1.25,13126.0,United Kingdom
522611,90125D,PURPLE BERTIE GLASS BEAD BAG CHARM,6,2010-09-15 14:29:00,2.1,12422.0,Switzerland
522611,POST,POSTAGE,2,2010-09-15 14:29:00,40.0,12422.0,Switzerland
522614,90200D,PINK SWEETHEART BRACELET,1,2010-09-15 14:45:00,4.25,14375.0,United Kingdom
522619,84997D,PINK 3 PIECE MINI DOTS CUTLERY SET,3,2010-09-15 15:08:00,3.75,16395.0,United Kingdom
522622,84997D,PINK 3 PIECE MINI DOTS CUTLERY SET,6,2010-09-15 15:32:00,3.75,17589.0,United Kingdom
522641,POST,POSTAGE,3,2010-09-16 10:22:00,28.0,12782.0,Portugal
522703,47591D,PINK FAIRY CAKE CHILDRENS APRON,8,2010-09-16 11:30:00,1.95,14911.0,EIRE
522703,85232D,SET/3 DECOUPAGE STACKING TINS,6,2010-09-16 11:30:00,4.95,14911.0,EIRE
522711,M,Manual,5,2010-09-16 11:40:00,0.16,17348.0,United Kingdom
522711,47591D,PINK FAIRY CAKE CHILDRENS APRON,1,2010-09-16 11:40:00,1.95,17348.0,United Kingdom
522712,POST,POSTAGE,1,2010-09-16 11:43:00,18.0,12437.0,France
522723,84997D,PINK 3 PIECE MINI DOTS CUTLERY SET,1,2010-09-16 12:27:00,3.75,14701.0,United Kingdom
522725,46000M,POLYESTER FILLER PAD 45x45cm,6,2010-09-16 12:41:00,1.55,17491.0,United Kingdom
522739,35598D,PINK/WHITE CHRISTMAS TREE 60CM,1,2010-09-16 13:06:00,1.25,14963.0,United Kingdom
522739,84997D,PINK 3 PIECE MINI DOTS CUTLERY SET,1,2010-09-16 13:06:00,3.75,14963.0,United Kingdom
522739,84997D,PINK 3 PIECE MINI DOTS CUTLERY SET,2,2010-09-16 13:06:00,3.75,14963.0,United Kingdom
522739,47591D,PINK FAIRY CAKE CHILDRENS APRON,6,2010-09-16 13:06:00,1.95,14963.0,United Kingdom
522739,47591D,PINK FAIRY CAKE CHILDRENS APRON,1,2010-09-16 13:06:00,1.95,14963.0,United Kingdom
522739,85049D,BRIGHT BLUES RIBBONS ,1,2010-09-16 13:06:00,1.25,14963.0,United Kingdom
522750,84997D,PINK 3 PIECE MINI DOTS CUTLERY SET,6,2010-09-16 13:28:00,3.75,16646.0,United Kingdom
522760,85049D,BRIGHT BLUES RIBBONS ,10,2010-09-16 13:48:00,1.25,15962.0,United Kingdom
522760,85049D,BRIGHT BLUES RIBBONS ,1,2010-09-16 13:48:00,1.25,15962.0,United Kingdom
522766,PADS,PADS TO MATCH ALL CUSHIONS,1,2010-09-16 13:58:00,0.001,15182.0,United Kingdom
522766,46000M,POLYESTER FILLER PAD 45x45cm,4,2010-09-16 13:58:00,1.55,15182.0,United Kingdom
522769,84997D,PINK 3 PIECE MINI DOTS CUTLERY SET,2,2010-09-16 14:12:00,3.75,17799.0,United Kingdom
522770,POST,POSTAGE,1,2010-09-16 14:28:00,18.0,12600.0,Germany
522773,POST,POSTAGE,5,2010-09-16 14:34:00,40.0,12369.0,Austria
522789,79302M,"ART LIGHTS,FUNK MONKEY",6,2010-09-16 14:41:00,2.95,14221.0,United Kingdom
522792,15044D,RED PAPER PARASOL,12,2010-09-16 14:52:00,2.95,17706.0,United Kingdom
522802,85184D,S/4 BLUE ROUND DECOUPAGE BOXES,1,2010-09-16 16:15:00,2.95,17608.0,United Kingdom
522805,47591D,PINK FAIRY CAKE CHILDRENS APRON,16,2010-09-16 16:41:00,1.95,15341.0,United Kingdom
522902,POST,POSTAGE,3,2010-09-17 12:29:00,28.0,12554.0,Spain
522907,M,Manual,18,2010-09-17 13:08:00,0.21,15514.0,United Kingdom
522908,72801D,4 SKY BLUE DINNER CANDLES,4,2010-09-17 13:20:00,1.25,17233.0,United Kingdom
522908,85049D,BRIGHT BLUES RIBBONS ,2,2010-09-17 13:20:00,1.25,17233.0,United Kingdom
522910,47591D,PINK FAIRY CAKE CHILDRENS APRON,1,2010-09-17 13:30:00,1.95,12748.0,United Kingdom
522910,84997D,PINK 3 PIECE MINI DOTS CUTLERY SET,1,2010-09-17 13:30:00,3.75,12748.0,United Kingdom
522912,35471D,SET OF 3 BIRD LIGHT PINK FEATHER ,1,2010-09-17 13:47:00,1.25,17289.0,United Kingdom
522917,85018D,YULETIDE IMAGES S/6 PAPER BOXES,6,2010-09-17 14:10:00,2.55,12425.0,Portugal
522918,POST,POSTAGE,3,2010-09-17 14:31:00,18.0,12662.0,Germany
522930,85049D,BRIGHT BLUES RIBBONS ,2,2010-09-17 14:50:00,1.25,13173.0,United Kingdom
522943,POST,POSTAGE,5,2010-09-17 15:51:00,28.0,12543.0,Spain
522966,47591D,PINK FAIRY CAKE CHILDRENS APRON,2,2010-09-19 13:01:00,1.95,16007.0,United Kingdom
522967,M,Manual,1,2010-09-19 13:02:00,15.0,18257.0,United Kingdom
522971,85049D,BRIGHT BLUES RIBBONS ,1,2010-09-19 13:27:00,1.25,16395.0,United Kingdom
522979,85071D,CHARLIE+LOLA MY ROOM DOOR SIGN,1,2010-09-19 13:57:00,2.55,15519.0,United Kingdom
522995,84849D,HOT BATHS SOAP HOLDER,2,2010-09-19 15:40:00,1.69,14606.0,United Kingdom
522997,47591D,PINK FAIRY CAKE CHILDRENS APRON,1,2010-09-19 15:47:00,1.95,16770.0,United Kingdom
523001,84849D,HOT BATHS SOAP HOLDER,12,2010-09-19 16:00:00,1.69,15291.0,United Kingdom
523012,84849D,HOT BATHS SOAP HOLDER,12,2010-09-20 10:08:00,1.69,17163.0,United Kingdom
523015,47591D,PINK FAIRY CAKE CHILDRENS APRON,8,2010-09-20 10:23:00,1.95,15462.0,United Kingdom
523015,84997D,PINK 3 PIECE MINI DOTS CUTLERY SET,6,2010-09-20 10:23:00,3.75,15462.0,United Kingdom
523017,84997D,PINK 3 PIECE MINI DOTS CUTLERY SET,6,2010-09-20 11:21:00,3.75,12524.0,Germany
523017,POST,POSTAGE,7,2010-09-20 11:21:00,18.0,12524.0,Germany
523019,85071D,CHARLIE+LOLA MY ROOM DOOR SIGN,7,2010-09-20 11:24:00,2.55,17811.0,United Kingdom
523022,POST,POSTAGE,2,2010-09-20 11:42:00,18.0,12437.0,France
523117,35471D,SET OF 3 BIRD LIGHT PINK FEATHER ,12,2010-09-20 12:53:00,1.25,16316.0,United Kingdom
523118,16161M,WRAP  PINK FLOCK,25,2010-09-20 12:54:00,0.42,17338.0,United Kingdom
523132,47591D,PINK FAIRY CAKE CHILDRENS APRON,4,2010-09-20 14:02:00,1.95,17167.0,United Kingdom
523132,90082D,DIAMANTE BOW BROOCH BLACK COLOUR,3,2010-09-20 14:02:00,6.35,17167.0,United Kingdom
523132,90199D,5 STRAND GLASS NECKLACE AMBER,2,2010-09-20 14:02:00,6.35,17167.0,United Kingdom
523146,POST,POSTAGE,1,2010-09-20 14:39:00,15.0,12455.0,Cyprus
523149,84849D,HOT BATHS SOAP HOLDER,3,2010-09-20 14:49:00,1.69,17585.0,United Kingdom
523157,84997D,PINK 3 PIECE MINI DOTS CUTLERY SET,6,2010-09-20 15:14:00,3.75,13599.0,United Kingdom
523163,84877D,BLUE ROUND COMPACT MIRROR,4,2010-09-20 15:31:00,3.75,12417.0,Belgium
523163,POST,POSTAGE,2,2010-09-20 15:31:00,15.0,12417.0,Belgium
523168,POST,POSTAGE,1,2010-09-20 15:37:00,15.0,17949.0,United Kingdom
523176,M,Manual,1,2010-09-20 16:18:00,229.46,17284.0,United Kingdom
523182,M,Manual,1,2010-09-20 16:30:00,68.44,14906.0,United Kingdom
523186,POST,POSTAGE,1,2010-09-20 16:39:00,18.0,12643.0,France
523192,84925D,LA PALMIERA WALL THERMOMETER,1,2010-09-20 17:32:00,2.55,15167.0,United Kingdom
523282,72800D,4 BLUE DINNER CANDLES SILVER FLOCK,2,2010-09-21 11:50:00,2.55,17287.0,United Kingdom
523291,47310M,"SMALL POP BOX,FUNKY MONKEY",3,2010-09-21 12:22:00,1.25,14534.0,United Kingdom
523291,85130D,BEADED CRYSTAL HEART PINK LARGE,1,2010-09-21 12:22:00,1.65,14534.0,United Kingdom
523291,85130D,BEADED CRYSTAL HEART PINK LARGE,2,2010-09-21 12:22:00,1.65,14534.0,United Kingdom
523305,17107D,"FLOWER FAIRY,5 SUMMER B'DRAW LINERS",1,2010-09-21 12:49:00,2.55,12751.0,Brazil
523312,M,Manual,2,2010-09-21 13:16:00,0.21,15041.0,United Kingdom
523314,84849D,HOT BATHS SOAP HOLDER,1,2010-09-21 13:24:00,1.69,14224.0,United Kingdom
523320,M,Manual,4,2010-09-21 13:39:00,2.1,14169.0,United Kingdom
523333,47591D,PINK FAIRY CAKE CHILDRENS APRON,8,2010-09-21 14:48:00,1.95,16954.0,United Kingdom
523340,85232D,SET/3 DECOUPAGE STACKING TINS,3,2010-09-21 15:36:00,4.95,12474.0,Germany
523340,POST,POSTAGE,2,2010-09-21 15:36:00,18.0,12474.0,Germany
523345,POST,POSTAGE,2,2010-09-21 15:57:00,15.0,12802.0,Netherlands
523354,84849D,HOT BATHS SOAP HOLDER,12,2010-09-21 16:44:00,1.69,17161.0,United Kingdom
523432,85049D,BRIGHT BLUES RIBBONS ,1,2010-09-22 11:05:00,1.25,16723.0,United Kingdom
523448,POST,POSTAGE,4,2010-09-22 11:19:00,28.0,12578.0,Italy
523510,85129D,BEADED CRYSTAL HEART PINK SMALL,2,2010-09-22 12:24:00,1.25,17840.0,United Kingdom
523524,M,Manual,67,2010-09-22 13:07:00,1.5,14570.0,United Kingdom
523535,47591D,PINK FAIRY CAKE CHILDRENS APRON,2,2010-09-22 13:39:00,1.95,17068.0,United Kingdom
523539,84997D,PINK 3 PIECE MINI DOTS CUTLERY SET,1,2010-09-22 14:05:00,3.75,16329.0,United Kingdom
523539,84997D,PINK 3 PIECE MINI DOTS CUTLERY SET,24,2010-09-22 14:05:00,3.75,16329.0,United Kingdom
523579,84800M,MEDIUM WHITE/PINK ROSE ART FLOWER,3,2010-09-22 16:34:00,1.69,13756.0,United Kingdom
523583,POST,POSTAGE,4,2010-09-22 17:16:00,18.0,12681.0,France
523594,M,Manual,1,2010-09-23 10:23:00,10.0,12802.0,Netherlands
523612,85032D,YULETIDE IMAGES GIFT WRAP SET,6,2010-09-23 10:44:00,2.1,13001.0,United Kingdom
523613,POST,POSTAGE,4,2010-09-23 10:45:00,18.0,12727.0,France
523623,84997D,PINK 3 PIECE MINI DOTS CUTLERY SET,6,2010-09-23 11:04:00,3.75,13590.0,United Kingdom
523635,90210D,PURPLE ACRYLIC FACETED BANGLE,2,2010-09-23 11:46:00,2.95,14701.0,United Kingdom
523646,47591D,PINK FAIRY CAKE CHILDRENS APRON,5,2010-09-23 12:25:00,1.95,16383.0,United Kingdom
523646,M,Manual,6,2010-09-23 12:25:00,1.45,16383.0,United Kingdom
523647,84927D,LA PALMIERA TILE HOOK,1,2010-09-23 12:33:00,2.1,14507.0,United Kingdom
523650,84997D,PINK 3 PIECE POLKADOT CUTLERY SET,1,2010-09-23 13:03:00,3.75,18107.0,United Kingdom
523656,47591D,PINK FAIRY CAKE CHILDRENS APRON,8,2010-09-23 13:33:00,1.95,18193.0,United Kingdom
523659,M,Manual,28,2010-09-23 13:54:00,0.42,18096.0,United Kingdom
523659,17165D,ASS COL LARGE SAND FROG P'WEIGHT,1,2010-09-23 13:54:00,1.05,18096.0,United Kingdom
523710,85049D,BRIGHT BLUES RIBBONS ,12,2010-09-23 15:22:00,1.25,17696.0,United Kingdom
523720,85169D,PINK LOVE BIRD CANDLE,2,2010-09-23 16:23:00,1.25,12844.0,United Kingdom
523720,85232D,SET/3 DECOUPAGE STACKING TINS,2,2010-09-23 16:23:00,4.95,12844.0,United Kingdom
523721,POST,POSTAGE,1,2010-09-23 16:23:00,45.0,12748.0,United Kingdom
523732,47591D,PINK FAIRY CAKE CHILDRENS APRON,8,2010-09-23 17:23:00,1.95,15628.0,United Kingdom
523764,85232D,SET/3 DECOUPAGE STACKING TINS,3,2010-09-24 10:10:00,4.95,15394.0,United Kingdom
523773,90026D,GLASS BEAD HOOP NECKLACE AMETHYST,1,2010-09-24 11:11:00,8.5,17811.0,United Kingdom
523773,90200D,PINK SWEETHEART BRACELET,1,2010-09-24 11:11:00,4.25,17811.0,United Kingdom
523792,47591D,PINK FAIRY CAKE CHILDRENS APRON,1,2010-09-24 11:34:00,1.95,14994.0,United Kingdom
523792,M,Manual,1,2010-09-24 11:34:00,1.0,14994.0,United Kingdom
523792,47591D,PINK FAIRY CAKE CHILDRENS APRON,2,2010-09-24 11:34:00,1.95,14994.0,United Kingdom
523792,84997D,PINK 3 PIECE POLKADOT CUTLERY SET,1,2010-09-24 11:34:00,3.75,14994.0,United Kingdom
523871,84997D,PINK 3 PIECE MINI DOTS CUTLERY SET,6,2010-09-24 12:59:00,3.75,16168.0,United Kingdom
523872,M,Manual,1,2010-09-24 13:00:00,84.15,15044.0,United Kingdom
523877,M,Manual,1,2010-09-24 13:08:00,98.88,15044.0,United Kingdom
523878,M,Manual,1,2010-09-24 13:09:00,71.61,15044.0,United Kingdom
523890,90013D,PURPLE VINTAGE EARRINGS,4,2010-09-24 14:33:00,3.75,16354.0,United Kingdom
523890,35471D,SET OF 3 BIRD LIGHT PINK FEATHER ,2,2010-09-24 14:33:00,1.25,16354.0,United Kingdom
523908,84997D,PINK 3 PIECE POLKADOT CUTLERY SET,1,2010-09-24 15:35:00,3.75,16952.0,United Kingdom
523947,90082D,DIAMANTE BOW BROOCH BLACK COLOUR,1,2010-09-26 11:49:00,6.35,17596.0,United Kingdom
523947,84569D,PACK 6 HEART/ICE-CREAM PATCHES,8,2010-09-26 11:49:00,1.25,17596.0,United Kingdom
523993,47591D,PINK FAIRY CAKE CHILDRENS APRON,3,2010-09-26 14:43:00,1.95,16161.0,United Kingdom
523993,47591D,PINK FAIRY CAKE CHILDRENS APRON,2,2010-09-26 14:43:00,1.95,16161.0,United Kingdom
524000,17165D,ASS COL LARGE SAND FROG P'WEIGHT,3,2010-09-26 15:58:00,1.05,16794.0,United Kingdom
524002,47591D,PINK FAIRY CAKE CHILDRENS APRON,8,2010-09-26 16:03:00,1.95,13281.0,United Kingdom
524100,85185D,FROG SOCK PUPPET,1,2010-09-27 12:31:00,2.95,16330.0,United Kingdom
524109,POST,POSTAGE,8,2010-09-27 13:17:00,18.0,12471.0,Germany
524112,47591D,PINK FAIRY CAKE CHILDRENS APRON,8,2010-09-27 13:24:00,1.95,15358.0,United Kingdom
524140,POST,POSTAGE,1,2010-09-27 14:59:00,1.0,12348.0,Finland
524141,47591D,PINK FAIRY CAKE CHILDRENS APRON,1,2010-09-27 15:00:00,1.95,16264.0,United Kingdom
524143,84997D,PINK 3 PIECE MINI DOTS CUTLERY SET,6,2010-09-27 15:15:00,3.75,16503.0,United Kingdom
524146,84997D,PINK 3 PIECE MINI DOTS CUTLERY SET,6,2010-09-27 15:24:00,3.75,16211.0,United Kingdom
524146,47591D,PINK FAIRY CAKE CHILDRENS APRON,8,2010-09-27 15:24:00,1.95,16211.0,United Kingdom
524149,POST,POSTAGE,1,2010-09-27 15:41:00,15.0,14646.0,Netherlands
524156,M,Manual,1,2010-09-27 16:01:00,445.05,14328.0,United Kingdom
524159,M,Manual,1,2010-09-27 16:12:00,10468.8,14063.0,United Kingdom
524160,85185D,FROG SOCK PUPPET,2,2010-09-27 16:15:00,2.95,17757.0,United Kingdom
524162,M,Manual,1,2010-09-27 16:18:00,2769.9,14063.0,United Kingdom
524163,85032D,YULETIDE IMAGES GIFT WRAP SET,1,2010-09-27 16:20:00,2.1,17524.0,United Kingdom
524167,M,Manual,1,2010-09-27 16:24:00,359.71,13448.0,United Kingdom
524171,M,Manual,1,2010-09-27 16:29:00,208.63,13290.0,United Kingdom
524174,85184D,S/4 BLUE ROUND DECOUPAGE BOXES,3936,2010-09-27 16:30:00,0.42,13687.0,United Kingdom
524174,84927D,LA PALMIERA TILE HOOK,432,2010-09-27 16:30:00,0.08,13687.0,United Kingdom
524174,84924D,LA PALMIERA METAL SIGN CALENDAR,372,2010-09-27 16:30:00,0.25,13687.0,United Kingdom
524175,M,Manual,1,2010-09-27 16:32:00,1343.44,14802.0,United Kingdom
524176,M,Manual,1,2010-09-27 16:34:00,159.54,14802.0,United Kingdom
524181,46000M,POLYESTER FILLER PAD 45x45cm,648,2010-09-27 16:59:00,0.0,17450.0,United Kingdom
524207,84997D,PINK 3 PIECE MINI DOTS CUTLERY SET,6,2010-09-28 10:35:00,3.75,12648.0,Germany
524207,POST,POSTAGE,2,2010-09-28 10:35:00,18.0,12648.0,Germany
524218,85131D,BEADED CRYSTAL HEART PINK ON STICK,24,2010-09-28 10:52:00,0.38,12759.0,Netherlands
524218,POST,POSTAGE,3,2010-09-28 10:52:00,18.0,12759.0,Netherlands
524270,47591D,PINK FAIRY CAKE CHILDRENS APRON,8,2010-09-28 11:50:00,1.95,16269.0,United Kingdom
524284,90214D,"LETTER ""D"" BLING KEY RING",3,2010-09-28 12:26:00,1.25,16779.0,United Kingdom
524286,35471D,SET OF 3 BIRD LIGHT PINK FEATHER ,2,2010-09-28 12:35:00,1.25,16919.0,United Kingdom
524307,84997D,PINK 3 PIECE POLKADOT CUTLERY SET,2,2010-09-28 13:54:00,3.75,17092.0,United Kingdom
524307,85049D,BRIGHT BLUES RIBBONS ,12,2010-09-28 13:54:00,1.25,17092.0,United Kingdom
524307,84997D,PINK 3 PIECE POLKADOT CUTLERY SET,1,2010-09-28 13:54:00,3.75,17092.0,United Kingdom
524311,17165D,ASS COL LARGE SAND FROG P'WEIGHT,2,2010-09-28 14:09:00,1.05,17841.0,United Kingdom
524311,47591D,PINK FAIRY CAKE CHILDRENS APRON,2,2010-09-28 14:09:00,1.95,17841.0,United Kingdom
524316,35598D,PINK/WHITE CHRISTMAS TREE 60CM,240,2010-09-28 14:23:00,0.65,14298.0,United Kingdom
524316,35600D,PINK AND WHITE CHRISTMAS TREE 180CM,47,2010-09-28 14:23:00,2.95,14298.0,United Kingdom
524319,46775D,SUNSET COLOUR CHUNKY KNITTED THROW,1,2010-09-28 14:25:00,16.95,14740.0,United Kingdom
524320,16168M,FUNKY MONKEY GIFT BAG MEDIUM,12,2010-09-28 14:26:00,0.42,18049.0,United Kingdom
524320,16162M,THE KING GIFT BAG 25x24x12cm,12,2010-09-28 14:26:00,0.42,18049.0,United Kingdom
524324,85018D,YULETIDE IMAGES S/6 PAPER BOXES,1,2010-09-28 14:44:00,2.55,17886.0,United Kingdom
524330,17165D,ASS COL LARGE SAND FROG P'WEIGHT,4,2010-09-28 15:23:00,1.05,13110.0,United Kingdom
524337,85169D,PINK LOVE BIRD CANDLE,2,2010-09-28 15:46:00,1.25,14410.0,United Kingdom
524337,47591D,PINK FAIRY CAKE CHILDRENS APRON,4,2010-09-28 15:46:00,1.95,14410.0,United Kingdom
524345,84997D,PINK 3 PIECE MINI DOTS CUTLERY SET,6,2010-09-28 16:12:00,3.75,13927.0,United Kingdom
524379,85018D,YULETIDE IMAGES S/6 PAPER BOXES,6,2010-09-28 17:44:00,2.55,17612.0,United Kingdom
524387,47591D,PINK FAIRY CAKE CHILDRENS APRON,50,2010-09-28 17:58:00,1.65,12840.0,United Kingdom
524389,84876D,BLUE HEART COMPACT MIRROR,24,2010-09-28 18:23:00,1.25,16600.0,United Kingdom
524408,POST,POSTAGE,1,2010-09-29 09:36:00,40.0,12483.0,Sweden
524409,47591D,PINK FAIRY CAKE CHILDRENS APRON,8,2010-09-29 09:46:00,1.95,12975.0,United Kingdom
524423,84968D,SET OF 16 VINTAGE RED CUTLERY,1,2010-09-29 10:34:00,12.75,13797.0,United Kingdom
524437,84997D,PINK 3 PIECE POLKADOT CUTLERY SET,72,2010-09-29 10:57:00,3.39,17511.0,United Kingdom
524446,82613D,METAL SIGN CUPCAKE SINGLE HOOK,5,2010-09-29 11:19:00,1.25,14049.0,United Kingdom
524446,84997D,PINK 3 PIECE POLKADOT CUTLERY SET,2,2010-09-29 11:19:00,3.75,14049.0,United Kingdom
524483,84997D,PINK 3 PIECE MINI DOTS CUTLERY SET,12,2010-09-29 11:44:00,3.75,17083.0,United Kingdom
524484,47591D,PINK FAIRY CAKE CHILDRENS APRON,8,2010-09-29 11:48:00,1.95,14422.0,United Kingdom
524485,47591D,PINK FAIRY CAKE CHILDRENS APRON,8,2010-09-29 11:53:00,1.95,16783.0,United Kingdom
524489,POST,POSTAGE,4,2010-09-29 12:12:00,28.0,12540.0,Spain
524509,15044D,RED PAPER PARASOL,1,2010-09-29 12:49:00,2.95,17257.0,United Kingdom
524522,84997D,PINK 3 PIECE POLKADOT CUTLERY SET,6,2010-09-29 13:14:00,3.75,14911.0,EIRE
524526,84997D,PINK 3 PIECE POLKADOT CUTLERY SET,2,2010-09-29 13:17:00,3.75,14667.0,United Kingdom
524529,72799D,BLUE PILLAR CANDLE SILVER FLOCK,12,2010-09-29 13:20:00,2.95,15912.0,United Kingdom
524529,72799D,BLUE PILLAR CANDLE SILVER FLOCK,7,2010-09-29 13:20:00,2.95,15912.0,United Kingdom
524539,M,Manual,1,2010-09-29 13:49:00,483.15,14911.0,EIRE
524594,M,Manual,1,2010-09-29 16:26:00,237.85,14911.0,EIRE
524610,POST,POSTAGE,3,2010-09-30 09:28:00,18.0,12472.0,Germany
524628,82613D,METAL SIGN CUPCAKE SINGLE HOOK,2,2010-09-30 10:56:00,1.25,14796.0,United Kingdom
524716,POST,POSTAGE,2,2010-09-30 13:13:00,18.0,12562.0,France
524719,POST,POSTAGE,1,2010-09-30 13:34:00,15.0,12806.0,Netherlands
524724,47591D,PINK FAIRY CAKE CHILDRENS APRON,8,2010-09-30 14:07:00,1.95,14742.0,United Kingdom
524741,85049D,BRIGHT BLUES RIBBONS ,1,2010-09-30 14:38:00,1.25,14800.0,United Kingdom
524747,84849D,HOT BATHS SOAP HOLDER,12,2010-09-30 14:46:00,1.69,14156.0,EIRE
524750,85232D,SET/3 DECOUPAGE STACKING TINS,3,2010-09-30 15:12:00,4.95,12963.0,United Kingdom
524773,16169M,WRAP DAISY CARPET ,25,2010-09-30 15:50:00,0.42,15960.0,United Kingdom
524828,POST,POSTAGE,5,2010-09-30 17:05:00,18.0,12705.0,Germany
524834,85032D,YULETIDE IMAGES GIFT WRAP SET,6,2010-09-30 17:28:00,2.1,15243.0,United Kingdom
524841,POST,POSTAGE,3,2010-09-30 17:59:00,40.0,12457.0,Switzerland
524851,POST,POSTAGE,1,2010-09-30 18:45:00,18.0,12500.0,Germany
524855,85049D,BRIGHT BLUES RIBBONS ,2,2010-09-30 19:25:00,1.25,14702.0,United Kingdom
524858,47591D,PINK FAIRY CAKE CHILDRENS APRON,1,2010-09-30 19:57:00,1.95,14657.0,United Kingdom
524862,POST,POSTAGE,1,2010-10-01 08:39:00,28.0,12417.0,Spain
524863,POST,POSTAGE,1,2010-10-01 08:57:00,40.0,12817.0,Austria
524877,84569D,PACK 6 HEART/ICE-CREAM PATCHES,1,2010-10-01 10:33:00,1.25,13069.0,United Kingdom
524878,POST,POSTAGE,2,2010-10-01 10:43:00,40.0,12696.0,Finland
524936,85169D,PINK LOVE BIRD CANDLE,12,2010-10-01 11:58:00,1.25,13002.0,United Kingdom
524939,84997D,PINK 3 PIECE POLKADOT CUTLERY SET,2,2010-10-01 12:07:00,3.75,17360.0,United Kingdom
524942,84997D,PINK 3 PIECE POLKADOT CUTLERY SET,6,2010-10-01 12:17:00,3.75,12639.0,Sweden
524942,POST,POSTAGE,2,2010-10-01 12:17:00,40.0,12639.0,Sweden
524944,85071D,CHARLIE+LOLA MY ROOM DOOR SIGN,1,2010-10-01 12:24:00,2.55,15276.0,United Kingdom
524945,84849D,HOT BATHS SOAP HOLDER,1,2010-10-01 12:27:00,1.69,13566.0,United Kingdom
524951,POST,POSTAGE,3,2010-10-01 12:46:00,18.0,12609.0,Germany
524961,17165D,ASS COL LARGE SAND FROG P'WEIGHT,1,2010-10-01 13:40:00,1.05,15451.0,United Kingdom
524964,35599D,PINK AND WHITE CHRISTMAS TREE 120CM,12,2010-10-01 13:56:00,2.95,16472.0,United Kingdom
524965,17165D,ASS COL LARGE SAND FROG P'WEIGHT,2,2010-10-01 14:07:00,1.05,17555.0,United Kingdom
524982,M,Manual,2,2010-10-01 15:28:00,0.19,12926.0,United Kingdom
524982,85018D,YULETIDE IMAGES S/6 PAPER BOXES,1,2010-10-01 15:28:00,2.55,12926.0,United Kingdom
524983,47591D,PINK FAIRY CAKE CHILDRENS APRON,8,2010-10-01 15:33:00,1.95,18266.0,United Kingdom
524989,84997D,PINK 3 PIECE POLKADOT CUTLERY SET,12,2010-10-01 16:10:00,3.75,12921.0,United Kingdom
525008,84997D,PINK 3 PIECE POLKADOT CUTLERY SET,216,2010-10-03 10:50:00,3.39,12557.0,Spain
525017,47591D,PINK FAIRY CAKE CHILDRENS APRON,8,2010-10-03 11:35:00,1.95,13014.0,United Kingdom
525019,84997D,PINK 3 PIECE MINI DOTS CUTLERY SET,24,2010-10-03 11:52:00,3.75,14254.0,United Kingdom
525025,84997D,PINK 3 PIECE POLKADOT CUTLERY SET,5,2010-10-03 12:07:00,3.75,13838.0,United Kingdom
525030,84997D,PINK 3 PIECE POLKADOT CUTLERY SET,10,2010-10-03 12:18:00,3.75,15351.0,United Kingdom
525037,84997D,PINK 3 PIECE POLKADOT CUTLERY SET,24,2010-10-03 12:40:00,3.75,14911.0,EIRE
525049,POST,POSTAGE,1,2010-10-03 13:38:00,18.0,12600.0,Germany
525054,84625D,WHITE NEWBAROQUE CANDLESTICK CANDLE,2,2010-10-03 13:47:00,2.95,17126.0,United Kingdom
525071,POST,POSTAGE,2,2010-10-03 14:50:00,18.0,12583.0,France
525073,POST,POSTAGE,2,2010-10-03 14:52:00,18.0,12490.0,France
525075,84997D,PINK 3 PIECE POLKADOT CUTLERY SET,1,2010-10-03 15:24:00,3.75,16782.0,United Kingdom
525082,16168M,FUNKY MONKEY GIFT BAG MEDIUM,2,2010-10-03 15:48:00,0.42,14455.0,United Kingdom
525088,84925D,LA PALMIERA WALL THERMOMETER,3,2010-10-03 16:04:00,2.55,17366.0,United Kingdom
525093,84997D,PINK 3 PIECE POLKADOT CUTLERY SET,6,2010-10-04 09:14:00,3.75,17375.0,United Kingdom
525141,84625D,WHITE NEWBAROQUE CANDLESTICK CANDLE,24,2010-10-04 11:48:00,0.85,16145.0,United Kingdom
525167,POST,POSTAGE,3,2010-10-04 12:14:00,40.0,12486.0,Sweden
525169,POST,POSTAGE,5,2010-10-04 12:17:00,18.0,12471.0,Germany
525171,47591D,PINK FAIRY CAKE CHILDRENS APRON,1,2010-10-04 12:19:00,1.95,16414.0,United Kingdom
525216,84997D,PINK 3 PIECE POLKADOT CUTLERY SET,2,2010-10-04 12:46:00,3.75,16205.0,United Kingdom
525218,46775D,SUNSET COLOUR CHUNKY KNITTED THROW,1,2010-10-04 12:48:00,16.95,14321.0,United Kingdom
525231,85129D,BEADED CRYSTAL HEART PINK SMALL,24,2010-10-04 14:10:00,1.25,12849.0,United Kingdom
525237,85018D,YULETIDE IMAGES S/6 PAPER BOXES,24,2010-10-04 14:33:00,0.85,14916.0,United Kingdom
525249,POST,POSTAGE,2,2010-10-04 14:42:00,18.0,12726.0,France
525258,47591D,PINK FAIRY CAKE CHILDRENS APRON,8,2010-10-04 15:15:00,1.95,18226.0,United Kingdom
525262,85018D,YULETIDE IMAGES S/6 PAPER BOXES,24,2010-10-04 15:44:00,0.85,13599.0,United Kingdom
525278,47591D,PINK FAIRY CAKE CHILDRENS APRON,50,2010-10-04 17:11:00,1.65,13798.0,United Kingdom
525298,POST,POSTAGE,3,2010-10-05 09:32:00,18.0,12437.0,France
525300,POST,POSTAGE,3,2010-10-05 09:43:00,18.0,12516.0,Germany
525304,85018D,YULETIDE IMAGES S/6 PAPER BOXES,72,2010-10-05 10:00:00,0.85,13798.0,United Kingdom
525329,M,Manual,2,2010-10-05 11:23:00,2.55,17019.0,United Kingdom
525335,79302M,"ART LIGHTS,FUNK MONKEY",20,2010-10-05 11:24:00,2.55,14298.0,United Kingdom
525335,85131D,BEADED CRYSTAL HEART PINK ON STICK,72,2010-10-05 11:24:00,0.42,14298.0,United Kingdom
525366,47591D,PINK FAIRY CAKE CHILDRENS APRON,4,2010-10-05 11:34:00,1.95,17019.0,United Kingdom
525366,84997D,PINK 3 PIECE POLKADOT CUTLERY SET,5,2010-10-05 11:34:00,3.75,17019.0,United Kingdom
525412,47591D,PINK FAIRY CAKE CHILDRENS APRON,8,2010-10-05 12:38:00,1.95,13964.0,United Kingdom
525416,84849D,HOT BATHS SOAP HOLDER,12,2010-10-05 12:43:00,1.69,16525.0,United Kingdom
525417,M,Manual,1,2010-10-05 12:44:00,35.0,12471.0,Germany
525437,90214D,"LETTER ""D"" BLING KEY RING",1,2010-10-05 13:21:00,1.25,14663.0,United Kingdom
525437,17165D,ASS COL LARGE SAND FROG P'WEIGHT,10,2010-10-05 13:21:00,1.05,14663.0,United Kingdom
525443,84849D,HOT BATHS SOAP HOLDER,2,2010-10-05 13:48:00,1.69,14085.0,United Kingdom
525448,35599D,PINK AND WHITE CHRISTMAS TREE 120CM,2,2010-10-05 14:05:00,2.95,16938.0,United Kingdom
525448,84997D,PINK 3 PIECE POLKADOT CUTLERY SET,4,2010-10-05 14:05:00,3.75,16938.0,United Kingdom
525449,84927D,LA PALMIERA TILE HOOK,1,2010-10-05 14:09:00,2.1,17097.0,Spain
525452,47591D,PINK FAIRY CAKE CHILDRENS APRON,8,2010-10-05 14:12:00,1.95,15105.0,United Kingdom
525457,M,Manual,1,2010-10-05 14:30:00,20.0,18065.0,United Kingdom
525484,84997D,PINK 3 PIECE POLKADOT CUTLERY SET,6,2010-10-05 15:52:00,3.75,14350.0,United Kingdom
525484,46775D,SUNSET COLOUR CHUNKY KNITTED THROW,1,2010-10-05 15:52:00,16.95,14350.0,United Kingdom
525494,85018D,YULETIDE IMAGES S/6 PAPER BOXES,24,2010-10-05 16:24:00,0.85,14540.0,United Kingdom
525498,M,Manual,1,2010-10-05 16:47:00,2545.85,14156.0,EIRE
525524,17165D,ASS COL LARGE SAND FROG P'WEIGHT,3,2010-10-05 17:55:00,1.05,15750.0,United Kingdom
525564,47591D,PINK FAIRY CAKE CHILDRENS APRON,8,2010-10-06 08:17:00,1.95,13055.0,United Kingdom
525569,47591D,PINK FAIRY CAKE CHILDRENS APRON,8,2010-10-06 10:00:00,1.95,13952.0,United Kingdom
525570,85232D,SET/3 DECOUPAGE STACKING TINS,1,2010-10-06 10:03:00,4.95,17894.0,United Kingdom
525578,POST,POSTAGE,1,2010-10-06 10:50:00,15.0,13022.0,Belgium
525698,POST,POSTAGE,12,2010-10-06 12:36:00,18.0,12668.0,Germany
525704,85232D,SET/3 DECOUPAGE STACKING TINS,1,2010-10-06 13:12:00,4.95,14810.0,United Kingdom
525709,47591D,PINK FAIRY CAKE CHILDRENS APRON,2,2010-10-06 13:44:00,1.95,13554.0,United Kingdom
525716,85032D,YULETIDE IMAGES GIFT WRAP SET,6,2010-10-06 14:34:00,2.1,14329.0,United Kingdom
525721,M,Manual,1,2010-10-06 15:00:00,15.0,15973.0,United Kingdom
525727,47591D,PINK FAIRY CAKE CHILDRENS APRON,3,2010-10-06 15:33:00,1.95,14657.0,United Kingdom
525727,47591D,PINK FAIRY CAKE CHILDRENS APRON,1,2010-10-06 15:33:00,1.95,14657.0,United Kingdom
525732,47591D,PINK FAIRY CAKE CHILDRENS APRON,16,2010-10-06 15:58:00,1.95,14156.0,EIRE
525733,84997D,PINK 3 PIECE POLKADOT CUTLERY SET,1,2010-10-06 16:17:00,3.75,17006.0,United Kingdom
525748,POST,POSTAGE,2,2010-10-07 09:31:00,18.0,12471.0,Germany
525800,47591D,PINK FAIRY CAKE CHILDRENS APRON,2,2010-10-07 11:33:00,1.95,17068.0,United Kingdom
525824,POST,POSTAGE,5,2010-10-07 11:46:00,18.0,12476.0,Germany
525832,47591D,PINK FAIRY CAKE CHILDRENS APRON,8,2010-10-07 11:59:00,1.95,14118.0,United Kingdom
525832,84997D,PINK 3 PIECE POLKADOT CUTLERY SET,6,2010-10-07 11:59:00,3.75,14118.0,United Kingdom
525833,M,Manual,1,2010-10-07 12:01:00,19.5,16928.0,United Kingdom
525856,47591D,PINK FAIRY CAKE CHILDRENS APRON,2,2010-10-07 13:05:00,1.95,13569.0,United Kingdom
525858,84997D,PINK 3 PIECE POLKADOT CUTLERY SET,2,2010-10-07 13:15:00,3.75,14177.0,United Kingdom
525860,85169D,PINK LOVE BIRD CANDLE,12,2010-10-07 13:19:00,1.25,13089.0,United Kingdom
525869,47591D,PINK FAIRY CAKE CHILDRENS APRON,5,2010-10-07 13:35:00,1.95,14963.0,United Kingdom
525875,84625D,WHITE NEWBAROQUE CANDLESTICK CANDLE,6,2010-10-07 14:11:00,2.95,17908.0,United Kingdom
525886,16169M,WRAP DAISY CARPET ,25,2010-10-07 14:48:00,0.42,12748.0,United Kingdom
525892,85018D,YULETIDE IMAGES S/6 PAPER BOXES,1,2010-10-07 15:09:00,2.55,16411.0,United Kingdom
525899,84968D,SET OF 16 VINTAGE RED CUTLERY,1,2010-10-07 15:38:00,12.75,17965.0,United Kingdom
525905,M,Manual,1,2010-10-07 16:07:00,311.99,13776.0,United Kingdom
525909,M,Manual,1,2010-10-07 16:11:00,311.99,13776.0,United Kingdom
525913,85049D,BRIGHT BLUES RIBBONS ,12,2010-10-07 16:14:00,1.25,16455.0,United Kingdom
525921,85049D,BRIGHT BLUES RIBBONS ,12,2010-10-07 16:36:00,1.25,13280.0,United Kingdom
525928,85032D,YULETIDE IMAGES GIFT WRAP SET,2,2010-10-07 16:48:00,2.1,16072.0,United Kingdom
525928,85018D,YULETIDE IMAGES S/6 PAPER BOXES,1,2010-10-07 16:48:00,2.55,16072.0,United Kingdom
525942,47591D,PINK FAIRY CAKE CHILDRENS APRON,8,2010-10-07 17:27:00,1.95,15498.0,United Kingdom
525944,85049D,BRIGHT BLUES RIBBONS ,2,2010-10-07 17:42:00,1.25,16059.0,United Kingdom
525959,85049D,BRIGHT BLUES RIBBONS ,2,2010-10-07 19:51:00,1.25,16111.0,United Kingdom
525967,85232D,SET/3 DECOUPAGE STACKING TINS,3,2010-10-08 10:00:00,4.95,14243.0,United Kingdom
525981,84849D,HOT BATHS SOAP HOLDER,12,2010-10-08 11:02:00,1.69,13001.0,United Kingdom
525981,47591D,PINK FAIRY CAKE CHILDRENS APRON,8,2010-10-08 11:02:00,1.95,13001.0,United Kingdom
525995,84997D,PINK 3 PIECE POLKADOT CUTLERY SET,2,2010-10-08 11:31:00,3.75,17196.0,United Kingdom
525995,84997D,PINK 3 PIECE POLKADOT CUTLERY SET,1,2010-10-08 11:31:00,3.75,17196.0,United Kingdom
526002,84997D,PINK 3 PIECE POLKADOT CUTLERY SET,6,2010-10-08 11:36:00,3.75,12458.0,Switzerland
526002,POST,POSTAGE,2,2010-10-08 11:36:00,40.0,12458.0,Switzerland
526085,85232D,SET/3 DECOUPAGE STACKING TINS,6,2010-10-08 12:06:00,4.95,12480.0,Germany
526085,POST,POSTAGE,6,2010-10-08 12:06:00,18.0,12480.0,Germany
526087,84569D,PACK 6 HEART/ICE-CREAM PATCHES,12,2010-10-08 12:08:00,1.25,17758.0,United Kingdom
526089,47591D,PINK FAIRY CAKE CHILDRENS APRON,8,2010-10-08 12:14:00,1.95,15281.0,United Kingdom
526089,82613D,METAL SIGN CUPCAKE SINGLE HOOK,8,2010-10-08 12:14:00,1.25,15281.0,United Kingdom
526089,84926D,LA PALMIERA TILE COASTER,12,2010-10-08 12:14:00,1.25,15281.0,United Kingdom
526089,84927D,LA PALMIERA TILE HOOK,6,2010-10-08 12:14:00,2.1,15281.0,United Kingdom
526089,84997D,PINK 3 PIECE POLKADOT CUTLERY SET,6,2010-10-08 12:14:00,3.75,15281.0,United Kingdom
526089,85185D,FROG SOCK PUPPET,6,2010-10-08 12:14:00,2.95,15281.0,United Kingdom
526089,85232D,SET/3 DECOUPAGE STACKING TINS,3,2010-10-08 12:14:00,4.95,15281.0,United Kingdom
526089,16161M,WRAP  PINK FLOCK,25,2010-10-08 12:14:00,0.42,15281.0,United Kingdom
526089,17107D,"FLOWER FAIRY,5 SUMMER B'DRAW LINERS",6,2010-10-08 12:14:00,2.55,15281.0,United Kingdom
526093,POST,POSTAGE,2,2010-10-08 12:20:00,28.0,12811.0,Portugal
526096,85018D,YULETIDE IMAGES S/6 PAPER BOXES,24,2010-10-08 12:35:00,0.85,13615.0,United Kingdom
526124,POST,POSTAGE,10,2010-10-08 13:55:00,18.0,14646.0,Netherlands
526127,POST,POSTAGE,10,2010-10-08 13:59:00,15.0,14646.0,Netherlands
526140,47591D,PINK FAIRY CAKE CHILDRENS APRON,8,2010-10-08 14:40:00,1.95,14665.0,United Kingdom
526142,M,Manual,1,2010-10-08 14:45:00,15.0,14911.0,EIRE
526153,47591D,PINK FAIRY CAKE CHILDRENS APRON,8,2010-10-08 15:30:00,1.95,14911.0,EIRE
526161,79190D,RETRO PLASTIC DAISY TRAY,15,2010-10-08 16:40:00,0.42,15856.0,United Kingdom
526162,85049D,BRIGHT BLUES RIBBONS ,12,2010-10-08 17:07:00,1.25,14846.0,United Kingdom
526168,POST,POSTAGE,4,2010-10-10 10:43:00,18.0,12656.0,France
526170,16169M,WRAP DAISY CARPET ,25,2010-10-10 10:48:00,0.42,15179.0,United Kingdom
526176,85185D,FROG SOCK PUPPET,1,2010-10-10 11:32:00,2.95,13838.0,United Kingdom
526181,90175D,TIGRIS EYE CHUNKY CHARM BRACELET,1,2010-10-10 11:47:00,8.95,12862.0,United Kingdom
526192,84625D,WHITE NEWBAROQUE CANDLESTICK CANDLE,3,2010-10-10 12:40:00,2.95,17518.0,United Kingdom
526204,84849D,HOT BATHS SOAP HOLDER,3,2010-10-10 13:23:00,1.69,14040.0,United Kingdom
526217,84997D,PINK 3 PIECE POLKADOT CUTLERY SET,1,2010-10-10 14:30:00,3.75,14390.0,United Kingdom
526222,POST,POSTAGE,3,2010-10-10 14:56:00,40.0,12676.0,Sweden
526228,17090D,VANILLA INCENSE 40 CONES IN TIN,1,2010-10-10 15:21:00,1.25,17111.0,United Kingdom
526240,POST,POSTAGE,2,2010-10-11 09:11:00,18.0,12682.0,France
526245,POST,POSTAGE,4,2010-10-11 09:42:00,28.0,12356.0,Portugal
526265,POST,POSTAGE,4,2010-10-11 10:34:00,28.0,12782.0,Portugal
526268,84997D,PINK 3 PIECE POLKADOT CUTLERY SET,1,2010-10-11 10:58:00,3.75,14651.0,United Kingdom
526268,47591D,PINK FAIRY CAKE CHILDRENS APRON,2,2010-10-11 10:58:00,1.95,14651.0,United Kingdom
526288,POST,POSTAGE,2,2010-10-11 11:53:00,18.0,13919.0,Denmark
526383,85049D,BRIGHT BLUES RIBBONS ,12,2010-10-11 12:33:00,1.25,14412.0,United Kingdom
526387,47591D,PINK FAIRY CAKE CHILDRENS APRON,2,2010-10-11 12:48:00,1.95,16005.0,United Kingdom
526389,POST,POSTAGE,2,2010-10-11 12:53:00,28.0,12797.0,Portugal
526391,47591D,PINK FAIRY CAKE CHILDRENS APRON,2,2010-10-11 13:17:00,1.95,16919.0,United Kingdom
526391,35471D,SET OF 3 BIRD LIGHT PINK FEATHER ,4,2010-10-11 13:17:00,1.25,16919.0,United Kingdom
526407,47591D,PINK FAIRY CAKE CHILDRENS APRON,25,2010-10-11 13:56:00,1.95,14466.0,United Kingdom
526411,47591D,PINK FAIRY CAKE CHILDRENS APRON,8,2010-10-11 14:05:00,1.95,15834.0,United Kingdom
526424,47591D,PINK FAIRY CAKE CHILDRENS APRON,8,2010-10-11 15:01:00,1.95,16477.0,United Kingdom
526426,90000D,COPPER/OLIVE GREEN FLOWER NECKLACE,3,2010-10-11 15:08:00,5.95,16036.0,United Kingdom
526480,47591D,PINK FAIRY CAKE CHILDRENS APRON,6,2010-10-11 17:23:00,1.95,13546.0,United Kingdom
526483,47591D,PINK FAIRY CAKE CHILDRENS APRON,1,2010-10-11 17:29:00,1.95,16231.0,United Kingdom
526483,47591D,PINK FAIRY CAKE CHILDRENS APRON,3,2010-10-11 17:29:00,1.95,16231.0,United Kingdom
526484,85032D,YULETIDE IMAGES GIFT WRAP SET,6,2010-10-12 07:49:00,2.1,17710.0,United Kingdom
526484,90059D,DIAMANTE HAIR GRIP PACK/2 PERIDOT,6,2010-10-12 07:49:00,1.65,17710.0,United Kingdom
526484,46775D,SUNSET COLOUR CHUNKY KNITTED THROW,2,2010-10-12 07:49:00,16.95,17710.0,United Kingdom
526485,POST,POSTAGE,1,2010-10-12 08:08:00,18.0,12649.0,Germany
526491,POST,POSTAGE,1,2010-10-12 09:17:00,18.0,12655.0,France
526510,84849D,HOT BATHS SOAP HOLDER,12,2010-10-12 10:53:00,1.69,13299.0,United Kingdom
526626,35471D,SET OF 3 BIRD LIGHT PINK FEATHER ,12,2010-10-12 12:41:00,1.25,13296.0,United Kingdom
526637,84997D,PINK 3 PIECE POLKADOT CUTLERY SET,15,2010-10-12 13:16:00,3.75,14688.0,United Kingdom
526640,POST,POSTAGE,1,2010-10-12 13:20:00,18.0,12599.0,France
526642,35598D,PINK/WHITE CHRISTMAS TREE 60CM,24,2010-10-12 13:26:00,0.65,12647.0,Germany
526642,35599D,PINK AND WHITE CHRISTMAS TREE 120CM,12,2010-10-12 13:26:00,2.95,12647.0,Germany
526642,POST,POSTAGE,9,2010-10-12 13:26:00,18.0,12647.0,Germany
526646,POST,POSTAGE,3,2010-10-12 13:35:00,18.0,12553.0,France
526652,47591D,PINK FAIRY CAKE CHILDRENS APRON,8,2010-10-12 14:09:00,1.95,14263.0,United Kingdom
526715,POST,POSTAGE,3,2010-10-12 16:40:00,40.0,12629.0,Sweden
526717,84997D,PINK 3 PIECE POLKADOT CUTLERY SET,6,2010-10-12 16:51:00,3.75,12605.0,Germany
526717,POST,POSTAGE,2,2010-10-12 16:51:00,1.0,12605.0,Germany
526723,90003D,CRYSTAL PAIR HEART HAIR SLIDES,1,2010-10-12 17:20:00,3.75,16266.0,United Kingdom
526723,90082D,DIAMANTE BOW BROOCH BLACK COLOUR,1,2010-10-12 17:20:00,6.35,16266.0,United Kingdom
526724,15044D,RED PAPER PARASOL,1,2010-10-12 17:22:00,2.95,13909.0,United Kingdom
526733,35598D,PINK/WHITE CHRISTMAS TREE 60CM,24,2010-10-12 17:53:00,0.65,16975.0,United Kingdom
526733,47591D,PINK FAIRY CAKE CHILDRENS APRON,8,2010-10-12 17:53:00,1.95,16975.0,United Kingdom
526741,85018D,YULETIDE IMAGES S/6 PAPER BOXES,48,2010-10-12 18:16:00,0.85,16701.0,United Kingdom
526754,17165D,ASS COL LARGE SAND FROG P'WEIGHT,3,2010-10-13 10:17:00,1.05,17604.0,United Kingdom
526756,47591D,PINK FAIRY CAKE CHILDRENS APRON,8,2010-10-13 10:29:00,1.95,12424.0,Australia
526756,85131D,BEADED CRYSTAL HEART PINK ON STICK,24,2010-10-13 10:29:00,0.42,12424.0,Australia
526758,M,Manual,1,2010-10-13 10:43:00,2.95,14534.0,United Kingdom
526764,84997D,PINK 3 PIECE POLKADOT CUTLERY SET,6,2010-10-13 11:10:00,3.75,17179.0,United Kingdom
526845,85018D,YULETIDE IMAGES S/6 PAPER BOXES,48,2010-10-13 12:18:00,0.85,17511.0,United Kingdom
526853,POST,POSTAGE,5,2010-10-13 12:48:00,28.0,12540.0,Spain
526864,POST,POSTAGE,2,2010-10-13 13:09:00,18.0,12437.0,France
526866,85232D,SET/3 DECOUPAGE STACKING TINS,1,2010-10-13 13:22:00,4.95,18225.0,United Kingdom
526868,90002D,FLOWER BURST SILVER RING CRYSTAL,1,2010-10-13 13:32:00,3.75,15016.0,United Kingdom
526868,90082D,DIAMANTE BOW BROOCH BLACK COLOUR,3,2010-10-13 13:32:00,6.35,15016.0,United Kingdom
526868,85032D,YULETIDE IMAGES GIFT WRAP SET,1,2010-10-13 13:32:00,2.1,15016.0,United Kingdom
526871,84997D,PINK 3 PIECE POLKADOT CUTLERY SET,2,2010-10-13 14:03:00,3.75,17814.0,United Kingdom
526873,47591D,PINK FAIRY CAKE CHILDRENS APRON,8,2010-10-13 14:12:00,1.95,12921.0,United Kingdom
526893,POST,POSTAGE,2,2010-10-13 14:46:00,15.0,12379.0,Belgium
526892,85018D,YULETIDE IMAGES S/6 PAPER BOXES,24,2010-10-13 14:46:00,0.85,13665.0,United Kingdom
526900,84625D,WHITE NEWBAROQUE CANDLESTICK CANDLE,24,2010-10-13 15:07:00,0.85,16120.0,United Kingdom
526901,85049D,BRIGHT BLUES RIBBONS ,3,2010-10-13 15:07:00,1.25,17817.0,United Kingdom
526901,85049D,BRIGHT BLUES RIBBONS ,1,2010-10-13 15:07:00,1.25,17817.0,United Kingdom
526910,84997D,PINK 3 PIECE POLKADOT CUTLERY SET,6,2010-10-13 15:37:00,3.75,15351.0,United Kingdom
526911,POST,POSTAGE,4,2010-10-13 15:40:00,18.0,12681.0,France
526914,47591D,PINK FAIRY CAKE CHILDRENS APRON,4,2010-10-13 16:17:00,1.95,17338.0,United Kingdom
526914,84849D,HOT BATHS SOAP HOLDER,8,2010-10-13 16:17:00,1.69,17338.0,United Kingdom
526915,17165D,ASS COL LARGE SAND FROG P'WEIGHT,1,2010-10-13 16:18:00,1.05,15652.0,United Kingdom
526965,POST,POSTAGE,3,2010-10-14 11:06:00,1.0,12589.0,France
526965,47591D,PINK FAIRY CAKE CHILDRENS APRON,8,2010-10-14 11:06:00,1.95,12589.0,France
527017,17090D,VANILLA INCENSE 40 CONES IN TIN,6,2010-10-14 11:43:00,1.25,14696.0,United Kingdom
527017,17013D,ORIGAMI ROSE INCENSE IN TUBE,12,2010-10-14 11:43:00,1.65,14696.0,United Kingdom
527021,84997D,PINK 3 PIECE POLKADOT CUTLERY SET,10,2010-10-14 11:52:00,3.75,14680.0,United Kingdom
527023,47591D,PINK FAIRY CAKE CHILDRENS APRON,8,2010-10-14 11:54:00,1.95,12589.0,France
527023,POST,POSTAGE,3,2010-10-14 11:54:00,18.0,12589.0,France
527026,17107D,"FLOWER FAIRY,5 SUMMER B'DRAW LINERS",6,2010-10-14 12:05:00,2.55,15252.0,United Kingdom
527030,84569D,PACK 6 HEART/ICE-CREAM PATCHES,12,2010-10-14 12:14:00,1.25,16518.0,United Kingdom
527043,84997D,PINK 3 PIECE POLKADOT CUTLERY SET,6,2010-10-14 12:32:00,3.75,18090.0,United Kingdom
527043,84997D,PINK 3 PIECE POLKADOT CUTLERY SET,3,2010-10-14 12:32:00,3.75,18090.0,United Kingdom
527043,84997D,PINK 3 PIECE POLKADOT CUTLERY SET,2,2010-10-14 12:32:00,3.75,18090.0,United Kingdom
527058,POST,POSTAGE,5,2010-10-14 13:31:00,40.0,12374.0,Austria
527060,47591D,PINK FAIRY CAKE CHILDRENS APRON,8,2010-10-14 13:35:00,1.95,17629.0,United Kingdom
527068,16168M,FUNKY MONKEY GIFT BAG MEDIUM,24,2010-10-14 14:08:00,0.42,16991.0,United Kingdom
527084,POST,POSTAGE,2,2010-10-14 15:33:00,15.0,14646.0,Netherlands
527086,35471D,SET OF 3 BIRD LIGHT PINK FEATHER ,12,2010-10-14 15:45:00,1.25,17965.0,United Kingdom
527093,47591D,PINK FAIRY CAKE CHILDRENS APRON,2,2010-10-14 16:14:00,1.95,17823.0,United Kingdom
527093,85032D,YULETIDE IMAGES GIFT WRAP SET,1,2010-10-14 16:14:00,2.1,17823.0,United Kingdom
527123,POST,POSTAGE,4,2010-10-14 19:39:00,18.0,12694.0,France
527124,84997D,PINK 3 PIECE POLKADOT CUTLERY SET,42,2010-10-14 19:46:00,3.75,14088.0,United Kingdom
527129,84997D,PINK 3 PIECE POLKADOT CUTLERY SET,6,2010-10-15 09:29:00,3.75,16153.0,United Kingdom
527133,POST,POSTAGE,8,2010-10-15 09:33:00,18.0,12709.0,Germany
527139,84997D,PINK 3 PIECE POLKADOT CUTLERY SET,6,2010-10-15 10:16:00,3.75,13136.0,United Kingdom
527145,85049D,BRIGHT BLUES RIBBONS ,24,2010-10-15 10:24:00,1.25,12409.0,Switzerland
527192,47591D,PINK FAIRY CAKE CHILDRENS APRON,6,2010-10-15 11:45:00,1.95,16746.0,United Kingdom
527201,84625D,WHITE NEWBAROQUE CANDLESTICK CANDLE,24,2010-10-15 11:49:00,0.85,13233.0,United Kingdom
527234,POST,POSTAGE,1,2010-10-15 12:00:00,18.0,12691.0,France
527246,35471D,SET OF 3 BIRD LIGHT PINK FEATHER ,1,2010-10-15 12:20:00,1.25,15967.0,United Kingdom
527247,15044D,RED PAPER PARASOL,1,2010-10-15 12:22:00,2.95,15957.0,United Kingdom
527247,85049D,BRIGHT BLUES RIBBONS ,1,2010-10-15 12:22:00,1.25,15957.0,United Kingdom
527255,85131D,BEADED CRYSTAL HEART PINK ON STICK,12,2010-10-15 12:35:00,1.25,12437.0,France
527255,POST,POSTAGE,3,2010-10-15 12:35:00,18.0,12437.0,France
527257,M,Manual,1,2010-10-15 12:39:00,1108.44,15202.0,United Kingdom
527258,M,Manual,1,2010-10-15 12:40:00,2667.88,15202.0,United Kingdom
527262,85049D,BRIGHT BLUES RIBBONS ,1,2010-10-15 12:45:00,1.25,15574.0,United Kingdom
527267,47591D,PINK FAIRY CAKE CHILDRENS APRON,2,2010-10-15 13:01:00,1.95,14527.0,United Kingdom
527271,M,Manual,1,2010-10-15 13:05:00,2225.17,15202.0,United Kingdom
527277,90214M,"LETTER ""M"" BLING KEY RING",12,2010-10-15 13:21:00,1.25,16779.0,United Kingdom
527277,90214D,"LETTER ""D"" BLING KEY RING",12,2010-10-15 13:21:00,1.25,16779.0,United Kingdom
527279,90120D,WHITE MURANO TWIST BRACELET,27,2010-10-15 13:33:00,3.75,17822.0,United Kingdom
527279,90002D,FLOWER BURST SILVER RING CRYSTAL,50,2010-10-15 13:33:00,3.25,17822.0,United Kingdom
527285,35471D,SET OF 3 BIRD LIGHT PINK FEATHER ,3,2010-10-15 13:47:00,1.25,17822.0,United Kingdom
527285,M,Manual,3,2010-10-15 13:47:00,2.95,17822.0,United Kingdom
527288,85018D,YULETIDE IMAGES S/6 PAPER BOXES,24,2010-10-15 13:57:00,0.85,12417.0,Belgium
527288,84997D,PINK 3 PIECE POLKADOT CUTLERY SET,6,2010-10-15 13:57:00,3.75,12417.0,Belgium
527288,POST,POSTAGE,3,2010-10-15 13:57:00,15.0,12417.0,Belgium
527296,POST,POSTAGE,3,2010-10-15 14:11:00,18.0,12712.0,Germany
527301,47591D,PINK FAIRY CAKE CHILDRENS APRON,2,2010-10-15 14:27:00,1.95,17938.0,United Kingdom
527301,84569D,PACK 6 HEART/ICE-CREAM PATCHES,1,2010-10-15 14:27:00,1.25,17938.0,United Kingdom
527328,84559D,3D SHEET OF SEA WORLD STICKERS,2,2010-10-15 15:06:00,0.85,12748.0,United Kingdom
527328,M,Manual,6,2010-10-15 15:06:00,1.25,12748.0,United Kingdom
527344,84732D,CUTE RABBIT CEATURE SCREEN ,1,2010-10-15 15:38:00,1.65,13069.0,United Kingdom
527345,M,Manual,1,2010-10-15 15:46:00,0.85,13666.0,United Kingdom
527359,17165D,ASS COL LARGE SAND FROG P'WEIGHT,4,2010-10-17 10:43:00,1.05,14451.0,United Kingdom
527376,84997D,PINK 3 PIECE POLKADOT CUTLERY SET,1,2010-10-17 12:37:00,3.75,14953.0,United Kingdom
527376,47591D,PINK FAIRY CAKE CHILDRENS APRON,2,2010-10-17 12:37:00,1.95,14953.0,United Kingdom
527376,17165D,ASS COL LARGE SAND FROG P'WEIGHT,8,2010-10-17 12:37:00,1.05,14953.0,United Kingdom
527380,M,Manual,2,2010-10-17 12:52:00,1.25,14953.0,United Kingdom
527380,84997D,PINK 3 PIECE POLKADOT CUTLERY SET,1,2010-10-17 12:52:00,3.75,14953.0,United Kingdom
527380,17165D,ASS COL LARGE SAND FROG P'WEIGHT,2,2010-10-17 12:52:00,1.05,14953.0,United Kingdom
527383,16161M,WRAP  PINK FLOCK,50,2010-10-17 13:01:00,0.42,14839.0,United Kingdom
527392,85018D,YULETIDE IMAGES S/6 PAPER BOXES,1,2010-10-17 13:28:00,2.55,14044.0,United Kingdom
527392,M,Manual,1,2010-10-17 13:28:00,3.75,14044.0,United Kingdom
527403,90082D,DIAMANTE BOW BROOCH BLACK COLOUR,3,2010-10-17 14:26:00,6.35,15799.0,United Kingdom
527416,35598D,PINK/WHITE CHRISTMAS TREE 60CM,1,2010-10-17 15:34:00,1.25,13798.0,United Kingdom
527416,47591D,PINK FAIRY CAKE CHILDRENS APRON,50,2010-10-17 15:34:00,1.65,13798.0,United Kingdom
527416,85018D,YULETIDE IMAGES S/6 PAPER BOXES,72,2010-10-17 15:34:00,0.85,13798.0,United Kingdom
527420,84849D,HOT BATHS SOAP HOLDER,2,2010-10-17 15:50:00,1.69,16549.0,United Kingdom
527428,84997D,PINK 3 PIECE POLKADOT CUTLERY SET,3,2010-10-17 16:17:00,3.75,16283.0,United Kingdom
527436,84997D,PINK 3 PIECE POLKADOT CUTLERY SET,6,2010-10-18 08:11:00,3.75,15786.0,United Kingdom
527439,POST,POSTAGE,2,2010-10-18 08:42:00,40.0,12376.0,Switzerland
527445,47591D,PINK FAIRY CAKE CHILDRENS APRON,8,2010-10-18 09:33:00,1.95,14741.0,United Kingdom
527453,85018D,YULETIDE IMAGES S/6 PAPER BOXES,24,2010-10-18 10:13:00,0.85,15934.0,United Kingdom
527459,47591D,PINK FAIRY CAKE CHILDRENS APRON,8,2010-10-18 10:32:00,1.95,16069.0,United Kingdom
527467,M,Manual,1,2010-10-18 11:03:00,4.65,15921.0,United Kingdom
527467,M,Manual,1,2010-10-18 11:03:00,5.0,15921.0,United Kingdom
527468,46000M,POLYESTER FILLER PAD 45x45cm,3,2010-10-18 11:09:00,1.55,17377.0,United Kingdom
527473,47591D,PINK FAIRY CAKE CHILDRENS APRON,2,2010-10-18 11:22:00,1.95,15900.0,United Kingdom
527474,84997D,PINK 3 PIECE POLKADOT CUTLERY SET,2,2010-10-18 11:25:00,3.75,17220.0,United Kingdom
527479,POST,POSTAGE,1,2010-10-18 11:34:00,18.0,12665.0,Germany
527492,84997D,PINK 3 PIECE POLKADOT CUTLERY SET,1,2010-10-18 11:57:00,3.75,16395.0,United Kingdom
527492,M,Manual,1,2010-10-18 11:57:00,0.85,16395.0,United Kingdom
527496,35471D,SET OF 3 BIRD LIGHT PINK FEATHER ,12,2010-10-18 12:07:00,1.25,12699.0,Germany
527496,85032D,YULETIDE IMAGES GIFT WRAP SET,6,2010-10-18 12:07:00,2.1,12699.0,Germany
527496,POST,POSTAGE,4,2010-10-18 12:07:00,18.0,12699.0,Germany
527498,47591D,PINK FAIRY CAKE CHILDRENS APRON,1,2010-10-18 12:11:00,1.95,15719.0,United Kingdom
527513,M,Manual,1,2010-10-18 12:57:00,5.95,16441.0,United Kingdom
527513,46000M,POLYESTER FILLER PAD 45x45cm,2,2010-10-18 12:57:00,1.55,16441.0,United Kingdom
527514,85049D,BRIGHT BLUES RIBBONS ,2,2010-10-18 12:58:00,1.25,16017.0,United Kingdom
527536,90000D,COPPER/OLIVE GREEN FLOWER NECKLACE,1,2010-10-18 13:22:00,5.95,14667.0,United Kingdom
527655,M,Manual,6,2010-10-18 14:07:00,0.85,13387.0,United Kingdom
527656,85032D,YULETIDE IMAGES GIFT WRAP SET,48,2010-10-18 14:10:00,0.65,16202.0,United Kingdom
527658,84876D,BLUE HEART COMPACT MIRROR,4,2010-10-18 14:15:00,3.75,13079.0,United Kingdom
527691,POST,POSTAGE,1,2010-10-18 15:09:00,18.0,12504.0,Germany
527751,M,Manual,2,2010-10-18 16:38:00,1.45,17848.0,United Kingdom
527754,84997D,PINK 3 PIECE POLKADOT CUTLERY SET,3,2010-10-18 17:05:00,3.75,15710.0,United Kingdom
527754,84559D,3D SHEET OF SEA WORLD STICKERS,3,2010-10-18 17:05:00,0.85,15710.0,United Kingdom
527760,POST,POSTAGE,1,2010-10-18 17:12:00,220.0,12454.0,Spain
527767,POST,POSTAGE,2,2010-10-19 09:35:00,18.0,12623.0,Germany
527783,POST,POSTAGE,11,2010-10-19 11:04:00,18.0,12476.0,Germany
527819,85018D,YULETIDE IMAGES S/6 PAPER BOXES,6,2010-10-19 11:22:00,2.55,16515.0,United Kingdom
527880,46000M,POLYESTER FILLER PAD 45x45cm,4,2010-10-19 11:47:00,1.55,15039.0,United Kingdom
527880,84997D,PINK 3 PIECE POLKADOT CUTLERY SET,6,2010-10-19 11:47:00,3.75,15039.0,United Kingdom
527888,84997D,PINK 3 PIECE POLKADOT CUTLERY SET,6,2010-10-19 12:10:00,3.75,14891.0,United Kingdom
527890,85049D,BRIGHT BLUES RIBBONS ,6,2010-10-19 12:15:00,1.25,17365.0,United Kingdom
527891,84997D,PINK 3 PIECE POLKADOT CUTLERY SET,8,2010-10-19 12:16:00,3.75,14524.0,United Kingdom
527892,47591D,PINK FAIRY CAKE CHILDRENS APRON,2,2010-10-19 12:17:00,1.95,14585.0,United Kingdom
527896,M,Manual,1,2010-10-19 12:32:00,3.95,15581.0,United Kingdom
527896,M,Manual,1,2010-10-19 12:32:00,12.95,15581.0,United Kingdom
527910,84997D,PINK 3 PIECE POLKADOT CUTLERY SET,6,2010-10-19 12:50:00,3.75,14156.0,EIRE
527912,47591D,PINK FAIRY CAKE CHILDRENS APRON,2,2010-10-19 13:00:00,1.95,16919.0,United Kingdom
527922,46000M,POLYESTER FILLER PAD 45x45cm,12,2010-10-19 13:18:00,1.55,13615.0,United Kingdom
527924,15044D,RED PAPER PARASOL,1,2010-10-19 13:19:00,2.95,17967.0,United Kingdom
527933,84997D,PINK 3 PIECE POLKADOT CUTLERY SET,6,2010-10-19 13:34:00,3.75,13840.0,United Kingdom
527950,84569D,PACK 6 HEART/ICE-CREAM PATCHES,12,2010-10-19 15:33:00,1.25,16795.0,United Kingdom
527950,72800D,4 BLUE DINNER CANDLES SILVER FLOCK,2,2010-10-19 15:33:00,2.55,16795.0,United Kingdom
527963,85232D,SET/3 DECOUPAGE STACKING TINS,1,2010-10-20 09:41:00,4.95,17894.0,United Kingdom
527978,POST,POSTAGE,2,2010-10-20 10:45:00,18.0,12523.0,France
528040,85129D,BEADED CRYSTAL HEART PINK SMALL,24,2010-10-20 11:32:00,1.25,13557.0,United Kingdom
528054,85018D,YULETIDE IMAGES S/6 PAPER BOXES,2,2010-10-20 11:44:00,2.55,12748.0,United Kingdom
528054,90120D,WHITE MURANO TWIST BRACELET,12,2010-10-20 11:44:00,4.25,12748.0,United Kingdom
528058,85018D,YULETIDE IMAGES S/6 PAPER BOXES,6,2010-10-20 12:00:00,2.55,16201.0,United Kingdom
528094,47591D,PINK FAIRY CAKE CHILDRENS APRON,8,2010-10-20 13:25:00,1.95,13506.0,United Kingdom
528117,POST,POSTAGE,1,2010-10-20 14:28:00,28.0,12421.0,Spain
528135,POST,POSTAGE,3,2010-10-20 15:15:00,18.0,12530.0,Germany
528140,85049D,BRIGHT BLUES RIBBONS ,4,2010-10-20 15:35:00,1.25,16011.0,United Kingdom
528142,47591D,PINK FAIRY CAKE CHILDRENS APRON,50,2010-10-20 15:43:00,1.65,15523.0,United Kingdom
528159,15044D,RED PAPER PARASOL,6,2010-10-21 07:48:00,2.95,13081.0,United Kingdom
528166,47591D,PINK FAIRY CAKE CHILDRENS APRON,8,2010-10-21 09:48:00,1.95,12586.0,Italy
528168,M,Manual,1,2010-10-21 09:49:00,10.0,12415.0,Australia
528176,35599D,PINK AND WHITE CHRISTMAS TREE 120CM,6,2010-10-21 10:28:00,2.95,12725.0,Italy
528176,35598D,PINK/WHITE CHRISTMAS TREE 60CM,12,2010-10-21 10:28:00,1.25,12725.0,Italy
528176,POST,POSTAGE,3,2010-10-21 10:28:00,28.0,12725.0,Italy
528179,M,Manual,3,2010-10-21 10:49:00,0.85,14227.0,United Kingdom
528180,85232D,SET/3 DECOUPAGE STACKING TINS,3,2010-10-21 10:53:00,4.95,16316.0,United Kingdom
528180,35471D,SET OF 3 BIRD LIGHT PINK FEATHER ,12,2010-10-21 10:53:00,1.25,16316.0,United Kingdom
528184,85049D,BRIGHT BLUES RIBBONS ,12,2010-10-21 11:10:00,1.25,15358.0,United Kingdom
528239,47591D,PINK FAIRY CAKE CHILDRENS APRON,16,2010-10-21 11:42:00,1.95,16954.0,United Kingdom
528255,47591D,PINK FAIRY CAKE CHILDRENS APRON,3,2010-10-21 11:47:00,1.95,17068.0,United Kingdom
528304,84997D,PINK 3 PIECE POLKADOT CUTLERY SET,5,2010-10-21 12:05:00,3.75,16550.0,United Kingdom
528308,35599D,PINK AND WHITE CHRISTMAS TREE 120CM,1,2010-10-21 12:11:00,2.95,14527.0,United Kingdom
528318,84997D,PINK 3 PIECE POLKADOT CUTLERY SET,2,2010-10-21 12:38:00,3.75,16933.0,United Kingdom
528318,46000M,POLYESTER FILLER PAD 45x45cm,6,2010-10-21 12:38:00,1.55,16933.0,United Kingdom
528321,47310M,"SMALL POP BOX,FUNKY MONKEY",2,2010-10-21 12:53:00,1.25,14606.0,United Kingdom
528356,15044D,RED PAPER PARASOL,2,2010-10-21 14:55:00,2.95,12877.0,United Kingdom
528368,84845D,GERANIUM SQUARE HANDY TIN,6,2010-10-21 16:30:00,1.25,13581.0,United Kingdom
528368,17109D,FLOWER FAIRY INCENSE BOUQUET,2,2010-10-21 16:30:00,1.69,13581.0,United Kingdom
528368,84924D,LA PALMIERA METAL SIGN CALENDAR,3,2010-10-21 16:30:00,3.75,13581.0,United Kingdom
528374,84569D,PACK 6 HEART/ICE-CREAM PATCHES,12,2010-10-21 17:22:00,1.25,16540.0,United Kingdom
528395,84800M,MEDIUM WHITE/PINK ROSE ART FLOWER,6,2010-10-21 19:28:00,1.69,14702.0,United Kingdom
528419,POST,POSTAGE,4,2010-10-22 09:44:00,18.0,12615.0,France
528420,M,Manual,1,2010-10-22 09:45:00,780.25,14911.0,EIRE
528438,POST,POSTAGE,3,2010-10-22 10:40:00,28.0,12419.0,Spain
528445,M,Manual,3,2010-10-22 11:00:00,0.19,12748.0,United Kingdom
528445,85018D,YULETIDE IMAGES S/6 PAPER BOXES,1,2010-10-22 11:00:00,2.55,12748.0,United Kingdom
528445,84876D,BLUE HEART COMPACT MIRROR,12,2010-10-22 11:00:00,3.75,12748.0,United Kingdom
528445,84800M,MEDIUM WHITE/PINK ROSE ART FLOWER,12,2010-10-22 11:00:00,1.69,12748.0,United Kingdom
528470,90214D,"LETTER ""D"" BLING KEY RING",1,2010-10-22 11:40:00,1.25,16392.0,United Kingdom
528470,85130D,BEADED CRYSTAL HEART PINK LARGE,1,2010-10-22 11:40:00,1.65,16392.0,United Kingdom
528470,M,Manual,1,2010-10-22 11:40:00,1.25,16392.0,United Kingdom
528477,M,Manual,3,2010-10-22 12:02:00,0.21,18022.0,United Kingdom
528571,POST,POSTAGE,3,2010-10-22 12:59:00,18.0,12621.0,Germany
528576,POST,POSTAGE,1,2010-10-22 13:13:00,40.0,12369.0,Austria
528580,72800D,4 BLUE DINNER CANDLES SILVER FLOCK,36,2010-10-22 13:18:00,0.85,14309.0,United Kingdom
528581,85232D,SET/3 DECOUPAGE STACKING TINS,6,2010-10-22 13:27:00,4.95,18055.0,United Kingdom
528581,84968D,SET OF 16 VINTAGE RED CUTLERY,2,2010-10-22 13:27:00,12.75,18055.0,United Kingdom
528581,85018D,YULETIDE IMAGES S/6 PAPER BOXES,2,2010-10-22 13:27:00,2.55,18055.0,United Kingdom
528588,46775D,SUNSET COLOUR CHUNKY KNITTED THROW,2,2010-10-22 14:04:00,16.95,14080.0,United Kingdom
528599,79302M,"ART LIGHTS,FUNK MONKEY",20,2010-10-22 14:55:00,2.55,15606.0,United Kingdom
528600,POST,POSTAGE,1,2010-10-22 14:57:00,18.0,12787.0,Netherlands
528607,84876D,BLUE HEART COMPACT MIRROR,36,2010-10-22 15:31:00,1.25,12748.0,United Kingdom
528615,90162D,ANT SILVER PURPLE BOUDICCA RING,2,2010-10-22 16:36:00,2.95,17231.0,United Kingdom
528615,90082D,DIAMANTE BOW BROOCH BLACK COLOUR,2,2010-10-22 16:36:00,6.35,17231.0,United Kingdom
528621,M,Manual,3,2010-10-24 10:41:00,3.75,14800.0,United Kingdom
528625,17090D,VANILLA INCENSE 40 CONES IN TIN,6,2010-10-24 10:56:00,1.25,17843.0,United Kingdom
528629,84997D,PINK 3 PIECE POLKADOT CUTLERY SET,6,2010-10-24 11:18:00,3.75,13654.0,United Kingdom
528633,82613D,METAL SIGN CUPCAKE SINGLE HOOK,1,2010-10-24 11:25:00,1.25,13544.0,United Kingdom
528641,POST,POSTAGE,2,2010-10-24 11:49:00,18.0,12494.0,France
528648,85049D,BRIGHT BLUES RIBBONS ,1,2010-10-24 12:39:00,1.25,16445.0,United Kingdom
528659,84559D,3D SHEET OF SEA WORLD STICKERS,1,2010-10-24 12:44:00,0.85,15723.0,United Kingdom
528694,35471D,SET OF 3 BIRD LIGHT PINK FEATHER ,1,2010-10-24 13:01:00,1.25,15059.0,United Kingdom
528726,46000M,POLYESTER FILLER PAD 45x45cm,40,2010-10-24 13:20:00,1.55,17377.0,United Kingdom
528730,84997D,PINK 3 PIECE POLKADOT CUTLERY SET,1,2010-10-24 13:28:00,3.75,13574.0,United Kingdom
528730,47591D,PINK FAIRY CAKE CHILDRENS APRON,6,2010-10-24 13:28:00,1.95,13574.0,United Kingdom
528735,M,Manual,1,2010-10-24 13:57:00,5.45,13240.0,United Kingdom
528742,90026D,GLASS BEAD HOOP NECKLACE AMETHYST,1,2010-10-24 14:11:00,8.5,13118.0,United Kingdom
528750,84849D,HOT BATHS SOAP HOLDER,4,2010-10-24 14:45:00,1.69,14183.0,United Kingdom
528757,POST,POSTAGE,4,2010-10-24 15:28:00,18.0,12720.0,Germany
528758,84997D,PINK 3 PIECE POLKADOT CUTLERY SET,1,2010-10-24 15:29:00,3.75,18116.0,United Kingdom
528766,M,Manual,10,2010-10-24 16:13:00,0.42,13564.0,United Kingdom
528770,84997D,PINK 3 PIECE POLKADOT CUTLERY SET,6,2010-10-25 09:13:00,3.75,15065.0,United Kingdom
528824,84997D,PINK 3 PIECE POLKADOT CUTLERY SET,6,2010-10-25 10:14:00,3.75,14040.0,United Kingdom
528838,84849D,HOT BATHS SOAP HOLDER,12,2010-10-25 10:25:00,1.69,16193.0,United Kingdom
528853,POST,POSTAGE,4,2010-10-25 10:41:00,18.0,12481.0,Germany
528852,84625D,WHITE NEWBAROQUE CANDLESTICK CANDLE,24,2010-10-25 10:41:00,0.85,14766.0,United Kingdom
528865,84625D,WHITE NEWBAROQUE CANDLESTICK CANDLE,2,2010-10-25 11:10:00,2.95,17393.0,United Kingdom
528868,M,Manual,8,2010-10-25 11:33:00,1.5,15976.0,United Kingdom
528872,84997D,PINK 3 PIECE POLKADOT CUTLERY SET,1,2010-10-25 11:48:00,3.75,15311.0,United Kingdom
528876,47591D,PINK FAIRY CAKE CHILDRENS APRON,8,2010-10-25 12:08:00,1.95,15370.0,United Kingdom
528876,35599D,PINK AND WHITE CHRISTMAS TREE 120CM,6,2010-10-25 12:08:00,2.95,15370.0,United Kingdom
528881,47591D,PINK FAIRY CAKE CHILDRENS APRON,16,2010-10-25 12:18:00,1.95,14292.0,United Kingdom
528880,47591D,PINK FAIRY CAKE CHILDRENS APRON,8,2010-10-25 12:18:00,1.95,13733.0,United Kingdom
528884,POST,POSTAGE,5,2010-10-25 12:21:00,18.0,12449.0,Denmark
528896,POST,POSTAGE,1,2010-10-25 13:04:00,15.0,12790.0,Netherlands
528901,47310M,"SMALL POP BOX,FUNKY MONKEY",3,2010-10-25 13:14:00,1.25,14534.0,United Kingdom
528912,47591D,PINK FAIRY CAKE CHILDRENS APRON,1,2010-10-25 13:40:00,1.95,16241.0,United Kingdom
528919,47591D,PINK FAIRY CAKE CHILDRENS APRON,2,2010-10-25 14:27:00,1.95,16259.0,United Kingdom
528920,POST,POSTAGE,3,2010-10-25 14:27:00,15.0,12417.0,Belgium
528944,85032D,YULETIDE IMAGES GIFT WRAP SET,12,2010-10-25 15:36:00,2.1,15142.0,United Kingdom
528948,85018D,YULETIDE IMAGES S/6 PAPER BOXES,1,2010-10-25 15:57:00,2.55,17070.0,United Kingdom
528956,84997D,PINK 3 PIECE POLKADOT CUTLERY SET,36,2010-10-26 08:41:00,3.75,17083.0,United Kingdom
528957,POST,POSTAGE,2,2010-10-26 08:49:00,15.0,12475.0,Germany
528962,46000M,POLYESTER FILLER PAD 45x45cm,12,2010-10-26 09:47:00,1.55,14740.0,United Kingdom
528974,47591D,PINK FAIRY CAKE CHILDRENS APRON,8,2010-10-26 10:36:00,1.95,16785.0,United Kingdom
528990,84997D,PINK 3 PIECE POLKADOT CUTLERY SET,1,2010-10-26 11:21:00,3.75,14524.0,United Kingdom
529072,84732D,CUTE RABBIT CEATURE SCREEN ,1,2010-10-26 12:22:00,1.65,12577.0,France
529077,79191D,RETRO PLASTIC DAISY TRAY,1,2010-10-26 12:54:00,0.85,16372.0,United Kingdom
529077,84997D,PINK 3 PIECE POLKADOT CUTLERY SET,1,2010-10-26 12:54:00,3.75,16372.0,United Kingdom
529078,85018D,YULETIDE IMAGES S/6 PAPER BOXES,24,2010-10-26 12:55:00,0.85,13963.0,United Kingdom
529082,84997D,PINK 3 PIECE POLKADOT CUTLERY SET,2,2010-10-26 13:11:00,3.75,14546.0,United Kingdom
529084,POST,POSTAGE,6,2010-10-26 13:15:00,18.0,12524.0,Germany
529091,84625D,WHITE NEWBAROQUE CANDLESTICK CANDLE,6,2010-10-26 13:37:00,2.95,12371.0,Switzerland
529091,POST,POSTAGE,6,2010-10-26 13:37:00,40.0,12371.0,Switzerland
529096,47591D,PINK FAIRY CAKE CHILDRENS APRON,8,2010-10-26 13:48:00,1.95,13274.0,United Kingdom
529127,POST,POSTAGE,1,2010-10-26 14:24:00,15.0,12775.0,Netherlands
529129,84997D,PINK 3 PIECE POLKADOT CUTLERY SET,2,2010-10-26 14:37:00,3.75,14963.0,United Kingdom
529138,47591D,PINK FAIRY CAKE CHILDRENS APRON,8,2010-10-26 15:08:00,1.95,13590.0,United Kingdom
529149,84732D,CUTE RABBIT CEATURE SCREEN ,1,2010-10-26 16:02:00,1.65,17346.0,United Kingdom
529156,84849D,HOT BATHS SOAP HOLDER,2,2010-10-26 16:47:00,1.69,16549.0,United Kingdom
529156,85130D,BEADED CRYSTAL HEART PINK LARGE,2,2010-10-26 16:47:00,1.65,16549.0,United Kingdom
529156,85130D,BEADED CRYSTAL HEART PINK LARGE,1,2010-10-26 16:47:00,1.65,16549.0,United Kingdom
529156,85129D,BEADED CRYSTAL HEART PINK SMALL,2,2010-10-26 16:47:00,1.25,16549.0,United Kingdom
529156,47591D,PINK FAIRY CAKE CHILDRENS APRON,2,2010-10-26 16:47:00,1.95,16549.0,United Kingdom
529156,47591D,PINK FAIRY CAKE CHILDRENS APRON,1,2010-10-26 16:47:00,1.95,16549.0,United Kingdom
529160,17012D,ORIGAMI ROSE INCENSE/CANDLE SET ,2,2010-10-26 17:01:00,2.55,14271.0,United Kingdom
529160,82613D,METAL SIGN CUPCAKE SINGLE HOOK,1,2010-10-26 17:01:00,1.25,14271.0,United Kingdom
529161,47591D,PINK FAIRY CAKE CHILDRENS APRON,8,2010-10-26 17:23:00,1.95,15390.0,Canada
529186,POST,POSTAGE,3,2010-10-26 18:44:00,18.0,12645.0,Germany
529196,POST,POSTAGE,3,2010-10-27 08:36:00,40.0,12537.0,Sweden
529197,POST,POSTAGE,6,2010-10-27 09:18:00,28.0,12505.0,Italy
529200,POST,POSTAGE,1,2010-10-27 09:36:00,40.0,12676.0,Sweden
529201,84997D,PINK 3 PIECE POLKADOT CUTLERY SET,12,2010-10-27 09:52:00,3.75,12563.0,Italy
529201,POST,POSTAGE,1,2010-10-27 09:52:00,28.0,12563.0,Italy
529215,POST,POSTAGE,4,2010-10-27 10:42:00,28.0,12591.0,Italy
529270,35599D,PINK AND WHITE CHRISTMAS TREE 120CM,2,2010-10-27 11:50:00,2.95,14527.0,United Kingdom
529286,POST,POSTAGE,3,2010-10-27 12:01:00,18.0,12474.0,Germany
529296,85032D,YULETIDE IMAGES GIFT WRAP SET,48,2010-10-27 12:20:00,0.65,15159.0,United Kingdom
529296,84625D,WHITE NEWBAROQUE CANDLESTICK CANDLE,24,2010-10-27 12:20:00,0.85,15159.0,United Kingdom
529296,84876D,BLUE HEART COMPACT MIRROR,24,2010-10-27 12:20:00,1.25,15159.0,United Kingdom
529298,84849D,HOT BATHS SOAP HOLDER,2,2010-10-27 12:26:00,1.69,16458.0,United Kingdom
529303,15044D,RED PAPER PARASOL,1,2010-10-27 12:39:00,2.95,17841.0,United Kingdom
529315,47591D,PINK FAIRY CAKE CHILDRENS APRON,8,2010-10-27 13:29:00,1.95,14911.0,EIRE
529316,M,Manual,1,2010-10-27 13:34:00,15.0,16430.0,United Kingdom
529326,M,Manual,1,2010-10-27 14:14:00,2.55,13547.0,United Kingdom
529336,85018D,YULETIDE IMAGES S/6 PAPER BOXES,24,2010-10-27 15:40:00,0.85,14904.0,United Kingdom
529338,17165D,ASS COL LARGE SAND FROG P'WEIGHT,4,2010-10-27 16:18:00,1.05,13713.0,United Kingdom
529342,47591D,PINK FAIRY CAKE CHILDRENS APRON,8,2010-10-27 16:41:00,1.95,18060.0,United Kingdom
529342,85131D,BEADED CRYSTAL HEART PINK ON STICK,24,2010-10-27 16:41:00,0.42,18060.0,United Kingdom
529344,POST,POSTAGE,1,2010-10-28 08:23:00,250.0,12349.0,Italy
529351,POST,POSTAGE,3,2010-10-28 09:29:00,28.0,12766.0,Portugal
529356,M,Manual,1,2010-10-28 09:44:00,2736.16,14156.0,EIRE
529357,M,Manual,1,2010-10-28 09:45:00,1155.6,14156.0,EIRE
529502,84997D,PINK 3 PIECE POLKADOT CUTLERY SET,1,2010-10-28 14:11:00,3.75,15167.0,United Kingdom
529510,84997D,PINK 3 PIECE POLKADOT CUTLERY SET,6,2010-10-28 14:40:00,3.75,14911.0,EIRE
529526,47591D,PINK FAIRY CAKE CHILDRENS APRON,16,2010-10-28 15:59:00,1.95,17063.0,United Kingdom
529526,84997D,PINK 3 PIECE POLKADOT CUTLERY SET,12,2010-10-28 15:59:00,3.75,17063.0,United Kingdom
529557,35597D,PINK/WHITE CHRISTMAS TREE 30CM,1,2010-10-28 17:46:00,0.65,14714.0,United Kingdom
529557,47591D,PINK FAIRY CAKE CHILDRENS APRON,6,2010-10-28 17:46:00,1.95,14714.0,United Kingdom
529582,47591D,PINK FAIRY CAKE CHILDRENS APRON,8,2010-10-28 19:20:00,1.95,14481.0,United Kingdom
529598,46000M,POLYESTER FILLER PAD 45x45cm,4,2010-10-29 09:36:00,1.55,13078.0,United Kingdom
529600,85018D,YULETIDE IMAGES S/6 PAPER BOXES,24,2010-10-29 09:43:00,0.85,14194.0,United Kingdom
529622,POST,POSTAGE,8,2010-10-29 11:42:00,18.0,13815.0,Germany
529623,84997D,PINK 3 PIECE POLKADOT CUTLERY SET,6,2010-10-29 11:49:00,3.75,15544.0,United Kingdom
529625,35598D,PINK/WHITE CHRISTMAS TREE 60CM,24,2010-10-29 11:59:00,0.65,17741.0,United Kingdom
529626,85049D,BRIGHT BLUES RIBBONS ,12,2010-10-29 12:06:00,1.25,15498.0,United Kingdom
529629,90200D,PINK SWEETHEART BRACELET,3,2010-10-29 12:15:00,4.25,12422.0,Switzerland
529629,POST,POSTAGE,2,2010-10-29 12:15:00,40.0,12422.0,Switzerland
529690,84997D,PINK 3 PIECE POLKADOT CUTLERY SET,6,2010-10-29 12:44:00,3.75,12395.0,Belgium
529690,POST,POSTAGE,2,2010-10-29 12:44:00,18.0,12395.0,Belgium
529714,35471D,SET OF 3 BIRD LIGHT PINK FEATHER ,3,2010-10-29 13:26:00,1.25,18025.0,United Kingdom
529720,15044D,RED PAPER PARASOL,6,2010-10-29 13:58:00,2.95,12705.0,Germany
529763,85232D,SET/3 DECOUPAGE STACKING TINS,1,2010-10-29 15:00:00,4.95,14081.0,United Kingdom
529809,POST,POSTAGE,1,2010-10-31 10:57:00,18.0,12601.0,Germany
529814,47591D,PINK FAIRY CAKE CHILDRENS APRON,8,2010-10-31 11:11:00,1.95,15281.0,United Kingdom
529818,85049D,BRIGHT BLUES RIBBONS ,1,2010-10-31 11:22:00,1.25,14087.0,United Kingdom
529820,47591D,PINK FAIRY CAKE CHILDRENS APRON,8,2010-10-31 11:28:00,1.95,13795.0,United Kingdom
529823,85018D,YULETIDE IMAGES S/6 PAPER BOXES,24,2010-10-31 11:39:00,0.85,17609.0,United Kingdom
529826,46000M,POLYESTER FILLER PAD 45x45cm,2,2010-10-31 11:43:00,1.55,15351.0,United Kingdom
529826,90082D,DIAMANTE BOW BROOCH BLACK COLOUR,6,2010-10-31 11:43:00,6.35,15351.0,United Kingdom
529831,84625D,WHITE NEWBAROQUE CANDLESTICK CANDLE,1,2010-10-31 12:18:00,2.95,17950.0,United Kingdom
529833,47591D,PINK FAIRY CAKE CHILDRENS APRON,1,2010-10-31 12:32:00,1.95,16791.0,United Kingdom
529838,85018D,YULETIDE IMAGES S/6 PAPER BOXES,24,2010-10-31 12:36:00,0.85,13394.0,United Kingdom
529846,47591D,PINK FAIRY CAKE CHILDRENS APRON,8,2010-10-31 13:14:00,1.95,13001.0,United Kingdom
529847,84997D,PINK 3 PIECE POLKADOT CUTLERY SET,3,2010-10-31 13:23:00,3.75,13050.0,United Kingdom
529847,84559D,3D SHEET OF SEA WORLD STICKERS,2,2010-10-31 13:23:00,0.85,13050.0,United Kingdom
529847,47591D,PINK FAIRY CAKE CHILDRENS APRON,2,2010-10-31 13:23:00,1.95,13050.0,United Kingdom
529850,79172D,PURPLE TINT ACRYLIC FLOWER VASE,2,2010-10-31 13:35:00,0.85,16788.0,United Kingdom
529850,84997D,PINK 3 PIECE POLKADOT CUTLERY SET,2,2010-10-31 13:35:00,3.75,16788.0,United Kingdom
529874,85018D,YULETIDE IMAGES S/6 PAPER BOXES,1,2010-10-31 14:00:00,2.55,16928.0,United Kingdom
529888,47591D,PINK FAIRY CAKE CHILDRENS APRON,2,2010-10-31 14:06:00,1.95,16595.0,United Kingdom
529888,79190D,RETRO PLASTIC DAISY TRAY,1,2010-10-31 14:06:00,0.42,16595.0,United Kingdom
529899,85232D,SET/3 DECOUPAGE STACKING TINS,3,2010-10-31 14:09:00,4.95,15535.0,United Kingdom
529924,35471D,SET OF 3 BIRD LIGHT PINK FEATHER ,12,2010-10-31 14:20:00,1.25,12347.0,Iceland
529924,84625D,WHITE NEWBAROQUE CANDLESTICK CANDLE,6,2010-10-31 14:20:00,2.95,12347.0,Iceland
529934,84849D,HOT BATHS SOAP HOLDER,3,2010-10-31 14:25:00,1.69,14415.0,United Kingdom
529934,84997D,PINK 3 PIECE POLKADOT CUTLERY SET,2,2010-10-31 14:25:00,3.75,14415.0,United Kingdom
529935,90200D,PINK SWEETHEART BRACELET,3,2010-10-31 14:40:00,4.25,17449.0,United Kingdom
529958,POST,POSTAGE,2,2010-10-31 15:09:00,18.0,12708.0,Germany
529981,84625D,WHITE NEWBAROQUE CANDLESTICK CANDLE,1,2010-10-31 15:31:00,2.95,16686.0,United Kingdom
529985,85049D,BRIGHT BLUES RIBBONS ,12,2010-10-31 15:39:00,1.25,14286.0,United Kingdom
529994,84849D,HOT BATHS SOAP HOLDER,3,2010-10-31 16:26:00,1.69,16984.0,United Kingdom
529994,84926D,LA PALMIERA TILE COASTER,24,2010-10-31 16:26:00,1.25,16984.0,United Kingdom
530008,M,Manual,1,2010-11-01 09:33:00,92.03,13050.0,United Kingdom
530014,84997D,PINK 3 PIECE POLKADOT CUTLERY SET,4,2010-11-01 10:37:00,3.75,17238.0,United Kingdom
530018,85018D,YULETIDE IMAGES S/6 PAPER BOXES,24,2010-11-01 10:51:00,0.85,17612.0,United Kingdom
530071,84997D,PINK 3 PIECE POLKADOT CUTLERY SET,1,2010-11-01 12:08:00,3.75,15039.0,United Kingdom
530072,35471D,SET OF 3 BIRD LIGHT PINK FEATHER ,12,2010-11-01 12:15:00,1.25,16103.0,United Kingdom
530083,84625D,WHITE NEWBAROQUE CANDLESTICK CANDLE,24,2010-11-01 13:04:00,0.85,13148.0,United Kingdom
530085,72800D,4 BLUE DINNER CANDLES SILVER FLOCK,1,2010-11-01 13:26:00,2.55,17315.0,United Kingdom
530085,72801D,4 SKY BLUE DINNER CANDLES,1,2010-11-01 13:26:00,1.25,17315.0,United Kingdom
530085,85018D,YULETIDE IMAGES S/6 PAPER BOXES,1,2010-11-01 13:26:00,2.55,17315.0,United Kingdom
530085,85232D,SET/3 DECOUPAGE STACKING TINS,1,2010-11-01 13:26:00,4.95,17315.0,United Kingdom
530089,84997D,PINK 3 PIECE POLKADOT CUTLERY SET,1,2010-11-01 13:41:00,3.75,16916.0,United Kingdom
530089,M,Manual,2,2010-11-01 13:41:00,2.95,16916.0,United Kingdom
530115,M,Manual,2,2010-11-01 14:22:00,0.5,17190.0,United Kingdom
530115,M,Manual,2,2010-11-01 14:22:00,0.42,17190.0,United Kingdom
530122,POST,POSTAGE,4,2010-11-01 14:58:00,18.0,12492.0,Germany
530124,35471D,SET OF 3 BIRD LIGHT PINK FEATHER ,1,2010-11-01 15:14:00,1.25,13174.0,United Kingdom
530137,85018D,YULETIDE IMAGES S/6 PAPER BOXES,24,2010-11-01 16:01:00,0.85,18075.0,United Kingdom
530139,47591D,PINK FAIRY CAKE CHILDRENS APRON,8,2010-11-01 16:24:00,1.95,14426.0,United Kingdom
530139,84625D,WHITE NEWBAROQUE CANDLESTICK CANDLE,24,2010-11-01 16:24:00,0.85,14426.0,United Kingdom
530161,72801D,4 SKY BLUE DINNER CANDLES,2,2010-11-01 17:05:00,1.25,15456.0,United Kingdom
530161,17165D,ASS COL LARGE SAND FROG P'WEIGHT,72,2010-11-01 17:05:00,0.85,15456.0,United Kingdom
530167,46775D,SUNSET COLOUR CHUNKY KNITTED THROW,1,2010-11-02 09:06:00,16.95,14794.0,United Kingdom
530168,47591D,PINK FAIRY CAKE CHILDRENS APRON,16,2010-11-02 09:30:00,1.95,13597.0,United Kingdom
530180,POST,POSTAGE,1,2010-11-02 10:27:00,40.0,12483.0,Sweden
530265,POST,POSTAGE,12,2010-11-02 11:38:00,18.0,12476.0,Germany
530280,46000M,POLYESTER FILLER PAD 45x45cm,4,2010-11-02 12:02:00,1.55,16117.0,United Kingdom
530280,85049D,BRIGHT BLUES RIBBONS ,1,2010-11-02 12:02:00,1.25,16117.0,United Kingdom
530281,35599D,PINK AND WHITE CHRISTMAS TREE 120CM,2,2010-11-02 12:05:00,2.95,14527.0,United Kingdom
530304,46000M,POLYESTER FILLER PAD 45x45cm,10,2010-11-02 13:15:00,1.55,17003.0,United Kingdom
530308,47591D,PINK FAIRY CAKE CHILDRENS APRON,8,2010-11-02 13:23:00,1.95,13453.0,United Kingdom
530310,POST,POSTAGE,2,2010-11-02 13:26:00,28.0,12413.0,Spain
530325,47591D,PINK FAIRY CAKE CHILDRENS APRON,100,2010-11-02 13:36:00,1.65,15523.0,United Kingdom
530335,47591D,PINK FAIRY CAKE CHILDRENS APRON,1,2010-11-02 14:02:00,1.95,17841.0,United Kingdom
530346,46000M,POLYESTER FILLER PAD 45x45cm,6,2010-11-02 15:42:00,1.55,14733.0,United Kingdom
530350,85049D,BRIGHT BLUES RIBBONS ,2,2010-11-02 15:48:00,1.25,14506.0,United Kingdom
530372,M,Manual,1,2010-11-02 16:20:00,1.25,17276.0,United Kingdom
530381,POST,POSTAGE,2,2010-11-02 16:52:00,40.0,13520.0,Switzerland
530383,POST,POSTAGE,1,2010-11-02 17:02:00,18.0,12412.0,Denmark
530394,POST,POSTAGE,3,2010-11-02 17:24:00,18.0,12681.0,France
530416,79030D,"TUMBLER, BAROQUE",6,2010-11-02 19:19:00,1.65,16676.0,United Kingdom
530426,47591D,PINK FAIRY CAKE CHILDRENS APRON,8,2010-11-03 10:20:00,1.95,14911.0,EIRE
530426,35471D,SET OF 3 BIRD LIGHT PINK FEATHER ,12,2010-11-03 10:20:00,1.25,14911.0,EIRE
530427,17109D,FLOWER FAIRY INCENSE BOUQUET,2,2010-11-03 10:28:00,1.69,17894.0,United Kingdom
530427,85049D,BRIGHT BLUES RIBBONS ,1,2010-11-03 10:28:00,1.25,17894.0,United Kingdom
530427,46000M,POLYESTER FILLER PAD 45x45cm,4,2010-11-03 10:28:00,1.55,17894.0,United Kingdom
530433,POST,POSTAGE,3,2010-11-03 10:46:00,18.0,12673.0,Germany
530436,85185D,FROG SOCK PUPPET,2,2010-11-03 11:11:00,2.95,14498.0,United Kingdom
530437,M,Manual,1,2010-11-03 11:13:00,0.21,15915.0,United Kingdom
530487,84997D,PINK 3 PIECE MINI DOTS CUTLERY SET,6,2010-11-03 11:44:00,3.75,18141.0,United Kingdom
530538,84997D,PINK 3 PIECE POLKADOT CUTLERY SET,2,2010-11-03 12:55:00,3.75,14606.0,United Kingdom
530540,POST,POSTAGE,2,2010-11-03 13:05:00,28.0,12793.0,Portugal
530544,POST,POSTAGE,8,2010-11-03 13:13:00,15.0,14646.0,Netherlands
530556,85232D,SET/3 DECOUPAGE STACKING TINS,12,2010-11-03 13:36:00,4.95,15233.0,United Kingdom
530559,47591D,PINK FAIRY CAKE CHILDRENS APRON,8,2010-11-03 13:44:00,1.95,13686.0,United Kingdom
530559,85018D,YULETIDE IMAGES S/6 PAPER BOXES,24,2010-11-03 13:44:00,0.85,13686.0,United Kingdom
530562,85032D,YULETIDE IMAGES GIFT WRAP SET,2,2010-11-03 13:47:00,2.1,16012.0,United Kingdom
530562,85018D,YULETIDE IMAGES S/6 PAPER BOXES,1,2010-11-03 13:47:00,2.55,16012.0,United Kingdom
530562,17107D,"FLOWER FAIRY,5 SUMMER B'DRAW LINERS",3,2010-11-03 13:47:00,2.55,16012.0,United Kingdom
530584,85049D,BRIGHT BLUES RIBBONS ,12,2010-11-03 14:39:00,1.25,17235.0,United Kingdom
530586,85049D,BRIGHT BLUES RIBBONS ,12,2010-11-03 14:46:00,1.25,16178.0,United Kingdom
530588,84569D,PACK 6 HEART/ICE-CREAM PATCHES,36,2010-11-03 14:52:00,1.25,15481.0,Norway
530588,47591D,PINK FAIRY CAKE CHILDRENS APRON,50,2010-11-03 14:52:00,1.65,15481.0,Norway
530589,M,Manual,6,2010-11-03 14:55:00,1.25,17126.0,United Kingdom
530589,84997D,PINK 3 PIECE POLKADOT CUTLERY SET,1,2010-11-03 14:55:00,3.75,17126.0,United Kingdom
530650,POST,POSTAGE,2,2010-11-04 09:05:00,28.0,12540.0,Spain
530657,35471D,SET OF 3 BIRD LIGHT PINK FEATHER ,1,2010-11-04 10:13:00,1.25,12933.0,United Kingdom
530657,35599D,PINK AND WHITE CHRISTMAS TREE 120CM,3,2010-11-04 10:13:00,2.95,12933.0,United Kingdom
530669,M,Manual,1,2010-11-04 10:57:00,10.0,12415.0,Australia
530742,35471D,SET OF 3 BIRD LIGHT PINK FEATHER ,12,2010-11-04 11:53:00,1.25,14136.0,United Kingdom
530750,85169D,PINK LOVE BIRD CANDLE,1,2010-11-04 11:55:00,1.25,16782.0,United Kingdom
530763,47591D,PINK FAIRY CAKE CHILDRENS APRON,8,2010-11-04 11:59:00,1.95,15379.0,United Kingdom
530785,84997D,PINK 3 PIECE POLKADOT CUTLERY SET,6,2010-11-04 12:09:00,3.75,17702.0,United Kingdom
530792,85185D,FROG SOCK PUPPET,12,2010-11-04 12:17:00,2.95,15332.0,Lithuania
530793,35471D,SET OF 3 BIRD LIGHT PINK FEATHER ,1,2010-11-04 12:18:00,1.25,15910.0,United Kingdom
530796,47591D,PINK FAIRY CAKE CHILDRENS APRON,1,2010-11-04 12:27:00,1.95,16391.0,United Kingdom
530810,85130D,BEADED CRYSTAL HEART PINK LARGE,2,2010-11-04 13:03:00,1.65,16327.0,United Kingdom
530810,84569D,PACK 6 HEART/ICE-CREAM PATCHES,4,2010-11-04 13:03:00,1.25,16327.0,United Kingdom
530810,47591D,PINK FAIRY CAKE CHILDRENS APRON,7,2010-11-04 13:03:00,1.95,16327.0,United Kingdom
530810,15044D,RED PAPER PARASOL,2,2010-11-04 13:03:00,2.95,16327.0,United Kingdom
530811,85049D,BRIGHT BLUES RIBBONS ,1,2010-11-04 13:04:00,1.25,13137.0,United Kingdom
530818,84997D,PINK 3 PIECE POLKADOT CUTLERY SET,1,2010-11-04 13:14:00,3.75,13772.0,United Kingdom
530829,84997D,PINK 3 PIECE POLKADOT CUTLERY SET,6,2010-11-04 13:32:00,3.75,14447.0,United Kingdom
530836,46000M,POLYESTER FILLER PAD 45x45cm,10,2010-11-04 13:50:00,1.55,14198.0,United Kingdom
530837,17107D,"FLOWER FAIRY,5 SUMMER B'DRAW LINERS",2,2010-11-04 13:52:00,2.55,17286.0,United Kingdom
530846,85049D,BRIGHT BLUES RIBBONS ,1,2010-11-04 14:26:00,1.25,17977.0,United Kingdom
530846,35471D,SET OF 3 BIRD LIGHT PINK FEATHER ,12,2010-11-04 14:26:00,1.25,17977.0,United Kingdom
530846,79190D,RETRO PLASTIC DAISY TRAY,5,2010-11-04 14:26:00,0.42,17977.0,United Kingdom
530849,POST,POSTAGE,1,2010-11-04 14:46:00,4.95,13648.0,United Kingdom
530903,46000M,POLYESTER FILLER PAD 45x45cm,6,2010-11-04 15:23:00,1.55,13999.0,United Kingdom
530916,35471D,SET OF 3 BIRD LIGHT PINK FEATHER ,1,2010-11-04 16:16:00,1.25,12958.0,United Kingdom
530928,84559D,3D SHEET OF SEA WORLD STICKERS,1,2010-11-04 16:58:00,0.85,17576.0,United Kingdom
530950,47591D,PINK FAIRY CAKE CHILDRENS APRON,16,2010-11-04 18:13:00,1.95,15425.0,United Kingdom
530953,84997D,PINK 3 PIECE POLKADOT CUTLERY SET,2,2010-11-04 18:42:00,3.75,18168.0,United Kingdom
530967,POST,POSTAGE,1,2010-11-05 08:28:00,40.0,12817.0,Austria
530970,35598D,PINK/WHITE CHRISTMAS TREE 60CM,24,2010-11-05 09:35:00,0.65,12477.0,Germany
531000,16161M,WRAP  PINK FLOCK,50,2010-11-05 11:30:00,0.42,16455.0,United Kingdom
531004,47591D,PINK FAIRY CAKE CHILDRENS APRON,8,2010-11-05 11:36:00,1.95,16133.0,United Kingdom
531010,84997D,PINK 3 PIECE POLKADOT CUTLERY SET,12,2010-11-05 11:42:00,3.75,12406.0,Denmark
531014,16161M,WRAP  PINK FLOCK,25,2010-11-05 11:42:00,0.42,13278.0,United Kingdom
531027,90024D,NEW BAROQUE B'FLY NECKLACE PINK,1,2010-11-05 11:49:00,8.5,13118.0,United Kingdom
531027,90176D,DIAMANTE NECKLACE PURPLE,1,2010-11-05 11:49:00,7.5,13118.0,United Kingdom
531028,POST,POSTAGE,1,2010-11-05 11:49:00,18.0,12712.0,Germany
531064,84625D,WHITE NEWBAROQUE CANDLESTICK CANDLE,6,2010-11-05 12:09:00,2.95,16265.0,United Kingdom
531064,46000M,POLYESTER FILLER PAD 45x45cm,2,2010-11-05 12:09:00,1.55,16265.0,United Kingdom
531112,POST,POSTAGE,2,2010-11-05 12:38:00,40.0,12588.0,Finland
531121,POST,POSTAGE,1,2010-11-05 12:53:00,40.0,12588.0,Finland
531126,84997D,PINK 3 PIECE POLKADOT CUTLERY SET,1,2010-11-05 13:20:00,3.75,15311.0,United Kingdom
531130,46000M,POLYESTER FILLER PAD 45x45cm,12,2010-11-05 13:42:00,1.55,13615.0,United Kingdom
531138,85129D,BEADED CRYSTAL HEART PINK SMALL,12,2010-11-05 14:09:00,1.25,13089.0,United Kingdom
531135,35471D,SET OF 3 BIRD LIGHT PINK FEATHER ,2,2010-11-05 14:09:00,1.25,16919.0,United Kingdom
531135,47591D,PINK FAIRY CAKE CHILDRENS APRON,5,2010-11-05 14:09:00,1.95,16919.0,United Kingdom
531162,85049D,BRIGHT BLUES RIBBONS ,2,2010-11-05 14:21:00,1.25,17841.0,United Kingdom
531162,84997D,PINK 3 PIECE POLKADOT CUTLERY SET,1,2010-11-05 14:21:00,3.75,17841.0,United Kingdom
531162,84625D,WHITE NEWBAROQUE CANDLESTICK CANDLE,1,2010-11-05 14:21:00,2.95,17841.0,United Kingdom
531162,35599D,PINK AND WHITE CHRISTMAS TREE 120CM,2,2010-11-05 14:21:00,2.95,17841.0,United Kingdom
531189,35598D,PINK/WHITE CHRISTMAS TREE 60CM,24,2010-11-05 15:07:00,0.65,13996.0,United Kingdom
531190,POST,POSTAGE,4,2010-11-05 15:08:00,18.0,12480.0,Germany
531205,POST,POSTAGE,4,2010-11-05 15:32:00,18.0,12621.0,Germany
531245,84997D,PINK 3 PIECE POLKADOT CUTLERY SET,4,2010-11-07 10:53:00,3.75,13259.0,United Kingdom
531246,84997D,PINK 3 PIECE POLKADOT CUTLERY SET,2,2010-11-07 10:56:00,3.75,13259.0,United Kingdom
531252,M,Manual,1,2010-11-07 11:11:00,12.75,16206.0,United Kingdom
531252,17165D,ASS COL LARGE SAND FROG P'WEIGHT,1,2010-11-07 11:11:00,1.05,16206.0,United Kingdom
531262,47591D,PINK FAIRY CAKE CHILDRENS APRON,1,2010-11-07 11:45:00,1.95,17068.0,United Kingdom
531271,M,Manual,2,2010-11-07 11:52:00,0.85,16401.0,United Kingdom
531302,79191D,RETRO PLASTIC DAISY TRAY,3,2010-11-07 12:03:00,0.85,16904.0,United Kingdom
531302,47591D,PINK FAIRY CAKE CHILDRENS APRON,1,2010-11-07 12:03:00,1.95,16904.0,United Kingdom
531302,79190D,RETRO PLASTIC DAISY TRAY,2,2010-11-07 12:03:00,0.42,16904.0,United Kingdom
531333,72800D,4 BLUE DINNER CANDLES SILVER FLOCK,3,2010-11-07 12:31:00,2.55,17774.0,United Kingdom
531336,47591D,PINK FAIRY CAKE CHILDRENS APRON,8,2010-11-07 12:37:00,1.95,17160.0,United Kingdom
531338,90002D,FLOWER BURST SILVER RING CRYSTAL,1,2010-11-07 12:47:00,3.75,16928.0,United Kingdom
531344,M,Manual,4,2010-11-07 13:10:00,0.5,17218.0,United Kingdom
531345,POST,POSTAGE,1,2010-11-07 13:14:00,18.0,12599.0,France
531350,84569D,PACK 6 HEART/ICE-CREAM PATCHES,1,2010-11-07 13:31:00,1.25,12748.0,United Kingdom
531350,79190D,RETRO PLASTIC DAISY TRAY,1,2010-11-07 13:31:00,0.42,12748.0,United Kingdom
531352,84997D,PINK 3 PIECE POLKADOT CUTLERY SET,1,2010-11-07 13:45:00,3.75,13137.0,United Kingdom
531353,85049D,BRIGHT BLUES RIBBONS ,1,2010-11-07 13:47:00,1.25,15571.0,United Kingdom
531357,POST,POSTAGE,2,2010-11-07 14:04:00,18.0,12437.0,France
531359,85032D,YULETIDE IMAGES GIFT WRAP SET,3,2010-11-07 14:17:00,2.1,13276.0,United Kingdom
531366,84997D,PINK 3 PIECE MINI DOTS CUTLERY SET,6,2010-11-07 14:52:00,3.75,14038.0,United Kingdom
531373,79302M,"ART LIGHTS,FUNK MONKEY",1,2010-11-07 15:49:00,2.95,15996.0,United Kingdom
531374,84997D,PINK 3 PIECE POLKADOT CUTLERY SET,6,2010-11-07 15:50:00,3.75,13178.0,United Kingdom
531375,82613D,METAL SIGN CUPCAKE SINGLE HOOK,8,2010-11-07 15:52:00,1.25,18277.0,United Kingdom
531378,M,Manual,1,2010-11-07 15:58:00,50.05,13564.0,United Kingdom
531378,M,Manual,8,2010-11-07 15:58:00,0.42,13564.0,United Kingdom
531388,POST,POSTAGE,5,2010-11-08 09:35:00,18.0,12476.0,Germany
531419,46000M,POLYESTER FILLER PAD 45x45cm,6,2010-11-08 10:24:00,1.55,17377.0,United Kingdom
531426,POST,POSTAGE,4,2010-11-08 10:51:00,15.0,12778.0,Netherlands
531433,PADS,PADS TO MATCH ALL CUSHIONS,1,2010-11-08 11:54:00,0.001,13317.0,United Kingdom
531435,47310M,"SMALL POP BOX,FUNKY MONKEY",1,2010-11-08 12:06:00,1.25,14688.0,United Kingdom
531442,47591D,PINK FAIRY CAKE CHILDRENS APRON,8,2010-11-08 12:31:00,1.95,14193.0,United Kingdom
531442,85049D,BRIGHT BLUES RIBBONS ,12,2010-11-08 12:31:00,1.25,14193.0,United Kingdom
531445,47591D,PINK FAIRY CAKE CHILDRENS APRON,8,2010-11-08 12:36:00,1.95,17470.0,United Kingdom
531478,84997D,PINK 3 PIECE POLKADOT CUTLERY SET,4,2010-11-08 14:20:00,3.75,17084.0,United Kingdom
531486,85232D,SET/3 DECOUPAGE STACKING TINS,1,2010-11-08 14:53:00,4.95,17043.0,United Kingdom
531487,POST,POSTAGE,1,2010-11-08 14:57:00,18.0,12693.0,Germany
531493,84559D,3D SHEET OF SEA WORLD STICKERS,3,2010-11-08 15:12:00,0.85,17984.0,United Kingdom
531496,82613D,METAL SIGN CUPCAKE SINGLE HOOK,1,2010-11-08 15:23:00,1.25,13738.0,United Kingdom
531506,POST,POSTAGE,5,2010-11-08 15:34:00,18.0,12472.0,Germany
531513,35597D,PINK/WHITE CHRISTMAS TREE 30CM,1,2010-11-08 16:31:00,0.65,18098.0,United Kingdom
531543,M,Manual,1,2010-11-08 17:34:00,2.0,13691.0,United Kingdom
531543,84877D,BLUE ROUND COMPACT MIRROR,1,2010-11-08 17:34:00,3.75,13691.0,United Kingdom
531568,POST,POSTAGE,3,2010-11-09 10:31:00,18.0,12681.0,France
531586,84625D,WHITE NEWBAROQUE CANDLESTICK CANDLE,48,2010-11-09 11:11:00,0.85,15159.0,United Kingdom
531731,90082D,DIAMANTE BOW BROOCH BLACK COLOUR,3,2010-11-09 12:15:00,6.35,14817.0,United Kingdom
531741,POST,POSTAGE,6,2010-11-09 12:48:00,18.0,12682.0,France
531746,84997D,PINK 3 PIECE POLKADOT CUTLERY SET,2,2010-11-09 13:00:00,3.75,14527.0,United Kingdom
531762,47591D,PINK FAIRY CAKE CHILDRENS APRON,18,2010-11-09 13:40:00,1.95,17307.0,United Kingdom
531763,17107D,"FLOWER FAIRY,5 SUMMER B'DRAW LINERS",5,2010-11-09 13:50:00,2.55,17878.0,United Kingdom
531768,47591D,PINK FAIRY CAKE CHILDRENS APRON,1,2010-11-09 14:06:00,1.95,14170.0,United Kingdom
531770,84997D,PINK 3 PIECE POLKADOT CUTLERY SET,2,2010-11-09 14:13:00,3.75,14452.0,United Kingdom
531774,85129D,BEADED CRYSTAL HEART PINK SMALL,12,2010-11-09 14:41:00,1.25,13715.0,United Kingdom
531774,85130D,BEADED CRYSTAL HEART PINK LARGE,12,2010-11-09 14:41:00,1.65,13715.0,United Kingdom
531778,POST,POSTAGE,1,2010-11-09 14:45:00,18.0,12437.0,France
531779,POST,POSTAGE,1,2010-11-09 14:46:00,18.0,12437.0,France
531792,17109D,FLOWER FAIRY INCENSE BOUQUET,1,2010-11-09 15:20:00,1.69,14899.0,United Kingdom
531803,84984D,ORIENTAL RED CUSHION COVER ,3,2010-11-09 16:01:00,4.65,14077.0,United Kingdom
531824,47591D,PINK FAIRY CAKE CHILDRENS APRON,8,2010-11-09 17:37:00,1.95,12782.0,Portugal
531824,POST,POSTAGE,2,2010-11-09 17:37:00,28.0,12782.0,Portugal
531851,47591D,PINK FAIRY CAKE CHILDRENS APRON,8,2010-11-10 09:52:00,1.95,14365.0,United Kingdom
531854,46000M,POLYESTER FILLER PAD 45x45cm,2,2010-11-10 10:13:00,1.55,17894.0,United Kingdom
531863,85169D,PINK LOVE BIRD CANDLE,1,2010-11-10 10:50:00,1.25,13671.0,United Kingdom
531863,85170D,SET/6 PINK BIRD T-LIGHT CANDLES,1,2010-11-10 10:50:00,2.1,13671.0,United Kingdom
531865,47591D,PINK FAIRY CAKE CHILDRENS APRON,3,2010-11-10 11:25:00,1.95,14585.0,United Kingdom
531910,46000M,POLYESTER FILLER PAD 45x45cm,4,2010-11-10 12:06:00,1.55,13078.0,United Kingdom
531922,85049D,BRIGHT BLUES RIBBONS ,1,2010-11-10 12:09:00,1.25,17974.0,United Kingdom
531922,90214M,"LETTER ""M"" BLING KEY RING",1,2010-11-10 12:09:00,1.25,17974.0,United Kingdom
531922,84997D,PINK 3 PIECE POLKADOT CUTLERY SET,1,2010-11-10 12:09:00,3.75,17974.0,United Kingdom
531947,84997D,PINK 3 PIECE POLKADOT CUTLERY SET,3,2010-11-10 12:16:00,3.75,14390.0,United Kingdom
531960,84997D,PINK 3 PIECE MINI DOTS CUTLERY SET,6,2010-11-10 12:21:00,3.75,12876.0,Belgium
531960,POST,POSTAGE,5,2010-11-10 12:21:00,15.0,12876.0,Belgium
532004,84569D,PACK 6 HEART/ICE-CREAM PATCHES,12,2010-11-10 12:38:00,1.25,14177.0,United Kingdom
532004,47591D,PINK FAIRY CAKE CHILDRENS APRON,5,2010-11-10 12:38:00,1.95,14177.0,United Kingdom
532004,84997D,PINK 3 PIECE POLKADOT CUTLERY SET,2,2010-11-10 12:38:00,3.75,14177.0,United Kingdom
532010,90185D,CRYSTAL DIAMANTE EXPANDABLE RING,1,2010-11-10 12:42:00,4.25,17321.0,United Kingdom
532010,47591D,PINK FAIRY CAKE CHILDRENS APRON,3,2010-11-10 12:42:00,1.95,17321.0,United Kingdom
532016,85232D,SET/3 DECOUPAGE STACKING TINS,3,2010-11-10 12:54:00,4.95,17756.0,United Kingdom
532019,POST,POSTAGE,3,2010-11-10 13:08:00,18.0,12662.0,Germany
532023,47591D,PINK FAIRY CAKE CHILDRENS APRON,3,2010-11-10 13:13:00,1.95,14963.0,United Kingdom
532026,POST,POSTAGE,2,2010-11-10 13:19:00,40.0,12422.0,Switzerland
532034,90200D,PINK SWEETHEART BRACELET,1,2010-11-10 13:31:00,4.25,15001.0,United Kingdom
532034,M,Manual,1,2010-11-10 13:31:00,2.0,15001.0,United Kingdom
532034,82613D,METAL SIGN CUPCAKE SINGLE HOOK,1,2010-11-10 13:31:00,1.25,15001.0,United Kingdom
532050,47591D,PINK FAIRY CAKE CHILDRENS APRON,8,2010-11-10 14:14:00,1.95,14911.0,EIRE
532051,84997D,PINK 3 PIECE POLKADOT CUTLERY SET,12,2010-11-10 14:16:00,3.75,14911.0,EIRE
532051,47591D,PINK FAIRY CAKE CHILDRENS APRON,8,2010-11-10 14:16:00,1.95,14911.0,EIRE
532055,16162M,THE KING GIFT BAG 25x24x12cm,12,2010-11-10 14:26:00,0.42,15529.0,United Kingdom
532055,16168M,FUNKY MONKEY GIFT BAG MEDIUM,12,2010-11-10 14:26:00,0.42,15529.0,United Kingdom
532055,47591D,PINK FAIRY CAKE CHILDRENS APRON,3,2010-11-10 14:26:00,1.95,15529.0,United Kingdom
532056,84968D,SET OF 16 VINTAGE RED CUTLERY,6,2010-11-10 14:27:00,12.75,12739.0,United Arab Emirates
532076,85049D,BRIGHT BLUES RIBBONS ,3,2010-11-10 15:00:00,1.25,17338.0,United Kingdom
532083,84849D,HOT BATHS SOAP HOLDER,4,2010-11-10 15:16:00,1.69,13735.0,United Kingdom
532084,35599D,PINK AND WHITE CHRISTMAS TREE 120CM,18,2010-11-10 15:17:00,2.95,13915.0,United Kingdom
532088,POST,POSTAGE,2,2010-11-10 15:34:00,18.0,12583.0,France
532122,84997D,PINK 3 PIECE POLKADOT CUTLERY SET,6,2010-11-11 09:41:00,3.75,13590.0,United Kingdom
532126,47591D,PINK FAIRY CAKE CHILDRENS APRON,8,2010-11-11 10:21:00,1.95,18226.0,United Kingdom
532126,84997D,PINK 3 PIECE POLKADOT CUTLERY SET,6,2010-11-11 10:21:00,3.75,18226.0,United Kingdom
532143,84997D,PINK 3 PIECE POLKADOT CUTLERY SET,2,2010-11-11 11:44:00,3.75,16782.0,United Kingdom
532146,84997D,PINK 3 PIECE POLKADOT CUTLERY SET,6,2010-11-11 11:55:00,3.75,15039.0,United Kingdom
532150,90199D,5 STRAND GLASS NECKLACE AMBER,1,2010-11-11 12:06:00,6.35,16395.0,United Kingdom
532152,84924D,LA PALMIERA METAL SIGN CALENDAR,1,2010-11-11 12:13:00,3.75,16395.0,United Kingdom
532233,M,Manual,2,2010-11-11 12:40:00,0.49,13719.0,United Kingdom
532282,84997D,PINK 3 PIECE POLKADOT CUTLERY SET,20,2010-11-11 13:08:00,3.75,14680.0,United Kingdom
532284,47591D,PINK FAIRY CAKE CHILDRENS APRON,8,2010-11-11 13:13:00,1.95,14560.0,United Kingdom
532299,47591D,PINK FAIRY CAKE CHILDRENS APRON,1,2010-11-11 13:53:00,1.95,17954.0,United Kingdom
532301,POST,POSTAGE,1,2010-11-11 14:04:00,4.95,16827.0,United Kingdom
532305,POST,POSTAGE,18,2010-11-11 14:23:00,18.0,12356.0,Portugal
532307,47591D,PINK FAIRY CAKE CHILDRENS APRON,1,2010-11-11 14:30:00,1.95,15916.0,United Kingdom
532316,84849D,HOT BATHS SOAP HOLDER,6,2010-11-11 14:54:00,1.69,14667.0,United Kingdom
532317,POST,POSTAGE,5,2010-11-11 14:57:00,15.0,12803.0,Netherlands
532337,85232D,SET/3 DECOUPAGE STACKING TINS,1,2010-11-11 15:49:00,4.95,13263.0,United Kingdom
532346,47591D,PINK FAIRY CAKE CHILDRENS APRON,50,2010-11-11 16:13:00,1.65,13798.0,United Kingdom
532350,84997D,PINK 3 PIECE POLKADOT CUTLERY SET,3,2010-11-11 16:27:00,3.75,15998.0,United Kingdom
532351,46000M,POLYESTER FILLER PAD 45x45cm,16,2010-11-11 16:29:00,1.55,14379.0,United Kingdom
532351,90082D,DIAMANTE BOW BROOCH BLACK COLOUR,3,2010-11-11 16:29:00,6.35,14379.0,United Kingdom
532357,17013D,ORIGAMI ROSE INCENSE IN TUBE,12,2010-11-11 16:55:00,1.65,18057.0,United Kingdom
532357,47591D,PINK FAIRY CAKE CHILDRENS APRON,8,2010-11-11 16:55:00,1.95,18057.0,United Kingdom
532364,47591D,PINK FAIRY CAKE CHILDRENS APRON,2,2010-11-11 17:28:00,1.95,14713.0,United Kingdom
532369,84997D,PINK 3 PIECE POLKADOT CUTLERY SET,7,2010-11-11 17:55:00,3.75,17862.0,United Kingdom
532391,47591D,PINK FAIRY CAKE CHILDRENS APRON,1,2010-11-11 19:14:00,1.95,16797.0,United Kingdom
532421,85049D,BRIGHT BLUES RIBBONS ,12,2010-11-12 09:39:00,1.25,15468.0,United Kingdom
532421,47591D,PINK FAIRY CAKE CHILDRENS APRON,8,2010-11-12 09:39:00,1.95,15468.0,United Kingdom
532423,POST,POSTAGE,1,2010-11-12 09:50:00,15.0,12402.0,Belgium
532428,POST,POSTAGE,1,2010-11-12 10:13:00,18.0,12600.0,Germany
532429,47591D,PINK FAIRY CAKE CHILDRENS APRON,1,2010-11-12 10:14:00,1.95,13316.0,United Kingdom
532436,POST,POSTAGE,1,2010-11-12 10:53:00,15.0,12791.0,Netherlands
532438,84997D,PINK 3 PIECE POLKADOT CUTLERY SET,1,2010-11-12 11:21:00,3.75,18022.0,United Kingdom
532438,84559D,3D SHEET OF SEA WORLD STICKERS,1,2010-11-12 11:21:00,0.85,18022.0,United Kingdom
532438,85049D,BRIGHT BLUES RIBBONS ,1,2010-11-12 11:21:00,1.25,18022.0,United Kingdom
532470,35599D,PINK AND WHITE CHRISTMAS TREE 120CM,24,2010-11-12 11:41:00,2.95,12647.0,Germany
532470,35598D,PINK/WHITE CHRISTMAS TREE 60CM,24,2010-11-12 11:41:00,0.65,12647.0,Germany
532470,85049D,BRIGHT BLUES RIBBONS ,12,2010-11-12 11:41:00,1.25,12647.0,Germany
532470,POST,POSTAGE,5,2010-11-12 11:41:00,18.0,12647.0,Germany
532486,POST,POSTAGE,2,2010-11-12 11:45:00,18.0,12474.0,Germany
532564,35471D,SET OF 3 BIRD LIGHT PINK FEATHER ,12,2010-11-12 13:15:00,1.25,17685.0,United Kingdom
532572,47591D,PINK FAIRY CAKE CHILDRENS APRON,2,2010-11-12 13:49:00,1.95,18116.0,United Kingdom
532574,85049D,BRIGHT BLUES RIBBONS ,1,2010-11-12 13:53:00,1.25,17803.0,United Kingdom
532578,35597D,PINK/WHITE CHRISTMAS TREE 30CM,4,2010-11-12 14:13:00,0.65,17984.0,United Kingdom
532587,84997D,PINK 3 PIECE POLKADOT CUTLERY SET,3,2010-11-12 14:28:00,3.75,15024.0,United Kingdom
532635,85032D,YULETIDE IMAGES GIFT WRAP SET,6,2010-11-12 15:40:00,2.1,15856.0,United Kingdom
532635,79190D,RETRO PLASTIC DAISY TRAY,15,2010-11-12 15:40:00,0.42,15856.0,United Kingdom
532636,POST,POSTAGE,3,2010-11-12 15:46:00,18.0,12635.0,Germany
532637,BANK CHARGES,Bank Charges,1,2010-11-12 16:18:00,15.0,13174.0,United Kingdom
532647,35471D,SET OF 3 BIRD LIGHT PINK FEATHER ,6,2010-11-14 10:11:00,1.25,17243.0,United Kingdom
532657,85185D,FROG SOCK PUPPET,2,2010-11-14 11:10:00,2.95,14562.0,United Kingdom
532661,84997D,PINK 3 PIECE POLKADOT CUTLERY SET,3,2010-11-14 11:27:00,3.75,13545.0,United Kingdom
532662,46776D,WOVEN SUNSET CUSHION COVER ,1,2010-11-14 11:30:00,4.95,16601.0,United Kingdom
532664,72800D,4 BLUE DINNER CANDLES SILVER FLOCK,3,2010-11-14 11:34:00,2.55,13684.0,United Kingdom
532664,35471D,SET OF 3 BIRD LIGHT PINK FEATHER ,3,2010-11-14 11:34:00,1.25,13684.0,United Kingdom
532665,37489D,PINK/GREEN FLOWER DESIGN BIG MUG,1,2010-11-14 11:37:00,1.95,14052.0,United Kingdom
532665,90214M,"LETTER ""M"" BLING KEY RING",1,2010-11-14 11:37:00,1.25,14052.0,United Kingdom
532666,85032D,YULETIDE IMAGES GIFT WRAP SET,3,2010-11-14 11:39:00,2.1,15356.0,United Kingdom
532667,85032D,YULETIDE IMAGES GIFT WRAP SET,2,2010-11-14 11:41:00,2.1,16121.0,United Kingdom
532671,84997D,PINK 3 PIECE POLKADOT CUTLERY SET,1,2010-11-14 11:50:00,3.75,16923.0,United Kingdom
532719,47591D,PINK FAIRY CAKE CHILDRENS APRON,16,2010-11-14 12:58:00,1.95,15269.0,United Kingdom
532747,85049D,BRIGHT BLUES RIBBONS ,3,2010-11-14 13:16:00,1.25,12923.0,United Kingdom
532748,72800D,4 BLUE DINNER CANDLES SILVER FLOCK,2,2010-11-14 13:19:00,2.55,16074.0,United Kingdom
532749,35598D,PINK/WHITE CHRISTMAS TREE 60CM,24,2010-11-14 13:24:00,0.65,13081.0,United Kingdom
532754,46775D,SUNSET COLOUR CHUNKY KNITTED THROW,1,2010-11-14 13:33:00,16.95,17288.0,United Kingdom
532764,85071D,CHARLIE+LOLA MY ROOM DOOR SIGN,2,2010-11-14 14:07:00,2.55,14684.0,United Kingdom
532795,POST,POSTAGE,1,2010-11-14 14:32:00,28.0,12591.0,Italy
532798,15044D,RED PAPER PARASOL,3,2010-11-14 14:47:00,2.95,17544.0,United Kingdom
532802,17165D,ASS COL LARGE SAND FROG P'WEIGHT,4,2010-11-14 14:56:00,1.05,17255.0,United Kingdom
532803,90036D,"FLOWER GLASS GARLAND NECKL.36""BLACK",4,2010-11-14 14:57:00,7.95,17544.0,United Kingdom
532803,90002D,FLOWER BURST SILVER RING CRYSTAL,2,2010-11-14 14:57:00,3.75,17544.0,United Kingdom
532803,90026D,GLASS BEAD HOOP NECKLACE AMETHYST,2,2010-11-14 14:57:00,8.5,17544.0,United Kingdom
532803,90027D,GLASS BEAD HOOP EARRINGS AMETHYST,2,2010-11-14 14:57:00,2.95,17544.0,United Kingdom
532807,35597D,PINK/WHITE CHRISTMAS TREE 30CM,1,2010-11-14 15:17:00,0.65,17841.0,United Kingdom
532807,35597D,PINK/WHITE CHRISTMAS TREE 30CM,4,2010-11-14 15:17:00,0.65,17841.0,United Kingdom
532810,85129D,BEADED CRYSTAL HEART PINK SMALL,1,2010-11-14 15:23:00,1.25,17545.0,United Kingdom
532810,90027D,GLASS BEAD HOOP EARRINGS AMETHYST,1,2010-11-14 15:23:00,2.95,17545.0,United Kingdom
532810,90185D,CRYSTAL DIAMANTE EXPANDABLE RING,1,2010-11-14 15:23:00,4.25,17545.0,United Kingdom
532817,47591D,PINK FAIRY CAKE CHILDRENS APRON,6,2010-11-14 16:16:00,1.95,14493.0,United Kingdom
532817,35471D,SET OF 3 BIRD LIGHT PINK FEATHER ,1,2010-11-14 16:16:00,1.25,14493.0,United Kingdom
532819,85049D,BRIGHT BLUES RIBBONS ,2,2010-11-14 16:19:00,1.25,13230.0,United Kingdom
532850,47310M,"SMALL POP BOX,FUNKY MONKEY",2,2010-11-15 10:46:00,1.25,17811.0,United Kingdom
532905,90177D,DROP DIAMANTE EARRINGS PURPLE,1,2010-11-15 11:49:00,2.95,17811.0,United Kingdom
532905,90200D,PINK SWEETHEART BRACELET,1,2010-11-15 11:49:00,4.25,17811.0,United Kingdom
532905,90214M,"LETTER ""M"" BLING KEY RING",1,2010-11-15 11:49:00,1.25,17811.0,United Kingdom
532952,POST,POSTAGE,1,2010-11-15 12:15:00,40.0,12376.0,Switzerland
532957,84876D,BLUE HEART COMPACT MIRROR,2,2010-11-15 12:20:00,3.75,13262.0,United Kingdom
532964,46000M,POLYESTER FILLER PAD 45x45cm,4,2010-11-15 12:43:00,1.55,15493.0,United Kingdom
532975,POST,POSTAGE,14,2010-11-15 13:24:00,18.0,12471.0,Germany
532979,84997D,PINK 3 PIECE POLKADOT CUTLERY SET,1,2010-11-15 13:39:00,3.75,17346.0,United Kingdom
532985,85232D,SET/3 DECOUPAGE STACKING TINS,2,2010-11-15 13:56:00,4.95,12733.0,USA
532990,72801D,4 SKY BLUE DINNER CANDLES,2,2010-11-15 14:11:00,1.25,17106.0,United Kingdom
532990,84849D,HOT BATHS SOAP HOLDER,3,2010-11-15 14:11:00,1.69,17106.0,United Kingdom
532993,47591D,PINK FAIRY CAKE CHILDRENS APRON,8,2010-11-15 14:26:00,1.95,14156.0,EIRE
532994,84997D,PINK 3 PIECE POLKADOT CUTLERY SET,2,2010-11-15 14:30:00,3.75,16933.0,United Kingdom
533000,84997D,PINK 3 PIECE POLKADOT CUTLERY SET,2,2010-11-15 14:49:00,3.75,16686.0,United Kingdom
533004,90082D,DIAMANTE BOW BROOCH BLACK COLOUR,2,2010-11-15 15:03:00,6.35,17231.0,United Kingdom
533004,46000M,POLYESTER FILLER PAD 45x45cm,5,2010-11-15 15:03:00,1.55,17231.0,United Kingdom
533010,84997D,PINK 3 PIECE POLKADOT CUTLERY SET,12,2010-11-15 15:30:00,3.75,13985.0,United Kingdom
533064,84559D,3D SHEET OF SEA WORLD STICKERS,18,2010-11-15 17:01:00,0.85,17364.0,United Kingdom
533074,79302M,"ART LIGHTS,FUNK MONKEY",20,2010-11-16 07:52:00,2.55,14298.0,United Kingdom
533078,POST,POSTAGE,5,2010-11-16 09:08:00,18.0,12524.0,Germany
533083,35471D,SET OF 3 BIRD LIGHT PINK FEATHER ,12,2010-11-16 09:50:00,1.25,13097.0,United Kingdom
533085,47591D,PINK FAIRY CAKE CHILDRENS APRON,5,2010-11-16 09:56:00,1.95,17994.0,United Kingdom
533096,47591D,PINK FAIRY CAKE CHILDRENS APRON,8,2010-11-16 10:56:00,1.95,14911.0,EIRE
533102,84625D,WHITE NEWBAROQUE CANDLESTICK CANDLE,2,2010-11-16 11:35:00,2.95,17897.0,United Kingdom
533102,84625D,WHITE NEWBAROQUE CANDLESTICK CANDLE,3,2010-11-16 11:35:00,2.95,17897.0,United Kingdom
533104,POST,POSTAGE,2,2010-11-16 11:38:00,18.0,12616.0,France
533114,84875D,BLUE SQUARE COMPACT MIRROR,1,2010-11-16 12:22:00,3.75,14675.0,United Kingdom
533120,84849D,HOT BATHS SOAP HOLDER,96,2010-11-16 12:32:00,1.45,14156.0,EIRE
533133,85049D,BRIGHT BLUES RIBBONS ,1,2010-11-16 12:50:00,1.25,15850.0,United Kingdom
533133,84997D,PINK 3 PIECE POLKADOT CUTLERY SET,1,2010-11-16 12:50:00,3.75,15850.0,United Kingdom
533133,17165D,ASS COL LARGE SAND FROG P'WEIGHT,2,2010-11-16 12:50:00,1.05,15850.0,United Kingdom
533140,79191D,RETRO PLASTIC DAISY TRAY,1,2010-11-16 13:04:00,0.85,15968.0,United Kingdom
533140,79190D,RETRO PLASTIC DAISY TRAY,1,2010-11-16 13:04:00,0.42,15968.0,United Kingdom
533140,M,Manual,5,2010-11-16 13:04:00,0.55,15968.0,United Kingdom
533140,47591D,PINK FAIRY CAKE CHILDRENS APRON,3,2010-11-16 13:04:00,1.95,15968.0,United Kingdom
533143,POST,POSTAGE,6,2010-11-16 13:28:00,28.0,12766.0,Portugal
533144,POST,POSTAGE,2,2010-11-16 13:33:00,18.0,12567.0,France
533152,47591D,PINK FAIRY CAKE CHILDRENS APRON,3,2010-11-16 13:57:00,1.95,15005.0,United Kingdom
533162,POST,POSTAGE,1,2010-11-16 14:29:00,850.0,12357.0,Switzerland
533187,84997D,PINK 3 PIECE POLKADOT CUTLERY SET,2,2010-11-16 14:45:00,3.75,16782.0,United Kingdom
533266,POST,POSTAGE,1,2010-11-16 15:14:00,15.0,12775.0,Netherlands
533278,17165D,ASS COL LARGE SAND FROG P'WEIGHT,1,2010-11-16 15:24:00,1.05,13439.0,United Kingdom
533280,47591D,PINK FAIRY CAKE CHILDRENS APRON,150,2010-11-16 15:27:00,1.65,15523.0,United Kingdom
533295,17165D,ASS COL LARGE SAND FROG P'WEIGHT,5,2010-11-16 16:08:00,1.05,15161.0,United Kingdom
533295,17090D,VANILLA INCENSE 40 CONES IN TIN,1,2010-11-16 16:08:00,1.25,15161.0,United Kingdom
533301,90200D,PINK SWEETHEART BRACELET,2,2010-11-16 16:46:00,4.25,15811.0,United Kingdom
533301,90082D,DIAMANTE BOW BROOCH BLACK COLOUR,3,2010-11-16 16:46:00,6.35,15811.0,United Kingdom
533301,M,Manual,48,2010-11-16 16:46:00,1.95,15811.0,United Kingdom
533301,84569D,PACK 6 HEART/ICE-CREAM PATCHES,2,2010-11-16 16:46:00,1.25,15811.0,United Kingdom
533301,84569D,PACK 6 HEART/ICE-CREAM PATCHES,8,2010-11-16 16:46:00,1.25,15811.0,United Kingdom
533301,85185D,FROG SOCK PUPPET,2,2010-11-16 16:46:00,2.95,15811.0,United Kingdom
533301,84569D,PACK 6 HEART/ICE-CREAM PATCHES,5,2010-11-16 16:46:00,1.25,15811.0,United Kingdom
533311,79191D,RETRO PLASTIC DAISY TRAY,5,2010-11-16 17:03:00,0.85,16904.0,United Kingdom
533311,79190D,RETRO PLASTIC DAISY TRAY,5,2010-11-16 17:03:00,0.42,16904.0,United Kingdom
533315,POST,POSTAGE,2,2010-11-16 17:17:00,18.0,12613.0,Germany
533330,46000M,POLYESTER FILLER PAD 45x45cm,4,2010-11-16 17:58:00,1.55,13078.0,United Kingdom
533333,84997D,PINK 3 PIECE POLKADOT CUTLERY SET,6,2010-11-16 18:07:00,3.75,16748.0,United Kingdom
533336,84997D,PINK 3 PIECE POLKADOT CUTLERY SET,6,2010-11-16 18:10:00,3.75,12714.0,France
533336,POST,POSTAGE,9,2010-11-16 18:10:00,18.0,12714.0,France
533341,85018D,YULETIDE IMAGES S/6 PAPER BOXES,6,2010-11-16 18:30:00,2.55,14947.0,United Kingdom
533343,84997D,PINK 3 PIECE POLKADOT CUTLERY SET,6,2010-11-16 19:29:00,3.75,15194.0,United Kingdom
533355,85032D,YULETIDE IMAGES GIFT WRAP SET,144,2010-11-17 10:03:00,1.69,14646.0,Netherlands
533366,47591D,PINK FAIRY CAKE CHILDRENS APRON,8,2010-11-17 10:26:00,1.95,13004.0,United Kingdom
533369,85129D,BEADED CRYSTAL HEART PINK SMALL,12,2010-11-17 10:31:00,1.25,16835.0,United Kingdom
533369,85130D,BEADED CRYSTAL HEART PINK LARGE,12,2010-11-17 10:31:00,1.65,16835.0,United Kingdom
533374,85018D,YULETIDE IMAGES S/6 PAPER BOXES,1,2010-11-17 10:34:00,2.55,14049.0,United Kingdom
533374,47591D,PINK FAIRY CAKE CHILDRENS APRON,6,2010-11-17 10:34:00,1.95,14049.0,United Kingdom
533379,79030D,"TUMBLER, BAROQUE",8,2010-11-17 10:44:00,1.65,14049.0,United Kingdom
533380,46000M,POLYESTER FILLER PAD 45x45cm,2,2010-11-17 10:54:00,1.55,17965.0,United Kingdom
533423,84997D,PINK 3 PIECE POLKADOT CUTLERY SET,4,2010-11-17 11:19:00,3.75,16386.0,United Kingdom
533444,POST,POSTAGE,4,2010-11-17 11:33:00,15.0,12423.0,Belgium
533447,84625D,WHITE NEWBAROQUE CANDLESTICK CANDLE,1,2010-11-17 11:40:00,2.95,17287.0,United Kingdom
533462,90210D,PURPLE ACRYLIC FACETED BANGLE,1,2010-11-17 12:15:00,2.95,17349.0,United Kingdom
533471,17165D,ASS COL LARGE SAND FROG P'WEIGHT,9,2010-11-17 12:41:00,1.05,15184.0,United Kingdom
533503,90200D,PINK SWEETHEART BRACELET,3,2010-11-17 13:50:00,4.25,17449.0,United Kingdom
533504,84625D,WHITE NEWBAROQUE CANDLESTICK CANDLE,20,2010-11-17 13:53:00,0.85,13964.0,United Kingdom
533505,85049D,BRIGHT BLUES RIBBONS ,2,2010-11-17 14:05:00,1.25,12890.0,United Kingdom
533509,17012D,ORIGAMI ROSE INCENSE/CANDLE SET ,6,2010-11-17 14:25:00,2.55,13198.0,United Kingdom
533510,84569D,PACK 6 HEART/ICE-CREAM PATCHES,1,2010-11-17 14:31:00,1.25,17987.0,United Kingdom
533510,85185D,FROG SOCK PUPPET,1,2010-11-17 14:31:00,2.95,17987.0,United Kingdom
533510,84997D,PINK 3 PIECE POLKADOT CUTLERY SET,2,2010-11-17 14:31:00,3.75,17987.0,United Kingdom
533528,PADS,PADS TO MATCH ALL CUSHIONS,1,2010-11-17 15:08:00,0.001,15750.0,United Kingdom
533547,84997D,PINK 3 PIECE POLKADOT CUTLERY SET,3,2010-11-17 16:48:00,3.75,16409.0,United Kingdom
533548,POST,POSTAGE,2,2010-11-17 16:59:00,18.0,12726.0,France
533551,M,Manual,1,2010-11-17 17:08:00,0.85,17576.0,United Kingdom
533555,POST,POSTAGE,2,2010-11-18 07:59:00,18.0,12709.0,Germany
533560,84997D,PINK 3 PIECE POLKADOT CUTLERY SET,12,2010-11-18 10:05:00,3.75,18062.0,United Kingdom
533572,84997D,PINK 3 PIECE POLKADOT CUTLERY SET,12,2010-11-18 10:44:00,3.75,15810.0,United Kingdom
533576,84927D,LA PALMIERA TILE HOOK,6,2010-11-18 11:02:00,2.1,15482.0,United Kingdom
533580,M,Manual,1,2010-11-18 11:28:00,0.5,17238.0,United Kingdom
533581,47591D,PINK FAIRY CAKE CHILDRENS APRON,1,2010-11-18 11:29:00,1.95,16445.0,United Kingdom
533594,M,Manual,3,2010-11-18 12:14:00,0.42,17776.0,United Kingdom
533596,POST,POSTAGE,2,2010-11-18 12:19:00,15.0,14646.0,Netherlands
533750,85071D,CHARLIE+LOLA MY ROOM DOOR SIGN,2,2010-11-18 14:17:00,2.55,15571.0,United Kingdom
533763,POST,POSTAGE,4,2010-11-18 14:55:00,18.0,12621.0,Germany
533771,85232D,SET/3 DECOUPAGE STACKING TINS,1,2010-11-18 15:34:00,4.95,17315.0,United Kingdom
533788,85130D,BEADED CRYSTAL HEART PINK LARGE,12,2010-11-18 17:10:00,1.65,13305.0,United Kingdom
533796,85018D,YULETIDE IMAGES S/6 PAPER BOXES,6,2010-11-18 18:55:00,2.55,17868.0,United Kingdom
533798,47591D,PINK FAIRY CAKE CHILDRENS APRON,8,2010-11-18 19:08:00,1.95,13004.0,United Kingdom
533799,POST,POSTAGE,3,2010-11-18 19:14:00,18.0,12759.0,Netherlands
533800,82613D,METAL SIGN CUPCAKE SINGLE HOOK,1,2010-11-18 19:22:00,1.25,16261.0,United Kingdom
533805,85018D,YULETIDE IMAGES S/6 PAPER BOXES,6,2010-11-19 08:13:00,2.55,17532.0,United Kingdom
533815,POST,POSTAGE,1,2010-11-19 08:53:00,15.0,12399.0,Belgium
533818,POST,POSTAGE,6,2010-11-19 09:18:00,40.0,12629.0,Sweden
533821,POST,POSTAGE,6,2010-11-19 09:35:00,18.0,12562.0,France
533822,35598D,PINK/WHITE CHRISTMAS TREE 60CM,24,2010-11-19 09:40:00,0.65,12647.0,Germany
533822,35599D,PINK AND WHITE CHRISTMAS TREE 120CM,30,2010-11-19 09:40:00,2.95,12647.0,Germany
533822,POST,POSTAGE,8,2010-11-19 09:40:00,18.0,12647.0,Germany
533824,POST,POSTAGE,1,2010-11-19 09:42:00,15.0,12739.0,United Arab Emirates
533824,M,Manual,1,2010-11-19 09:42:00,253.0,12739.0,United Arab Emirates
533825,POST,POSTAGE,2,2010-11-19 10:00:00,17.0,12605.0,Germany
533826,POST,POSTAGE,1,2010-11-19 10:04:00,28.0,12419.0,Spain
533827,POST,POSTAGE,3,2010-11-19 10:05:00,18.0,12670.0,France
533841,90082D,DIAMANTE BOW BROOCH BLACK COLOUR,1,2010-11-19 11:12:00,6.35,17269.0,United Kingdom
533877,47591D,PINK FAIRY CAKE CHILDRENS APRON,4,2010-11-19 11:37:00,1.95,16161.0,United Kingdom
533904,84569D,PACK 6 HEART/ICE-CREAM PATCHES,2,2010-11-19 11:54:00,1.25,16936.0,United Kingdom
533949,POST,POSTAGE,2,2010-11-19 12:18:00,18.0,12553.0,France
533952,POST,POSTAGE,1,2010-11-19 12:42:00,165.0,12643.0,France
533957,M,Manual,1,2010-11-19 12:51:00,1.25,16885.0,United Kingdom
533962,47591D,PINK FAIRY CAKE CHILDRENS APRON,1,2010-11-19 13:01:00,1.95,16535.0,United Kingdom
533973,84997D,PINK 3 PIECE POLKADOT CUTLERY SET,5,2010-11-19 13:21:00,3.75,15421.0,United Kingdom
533972,POST,POSTAGE,8,2010-11-19 13:21:00,15.0,12408.0,Belgium
533978,POST,POSTAGE,2,2010-11-19 13:35:00,18.0,12583.0,France
533982,84968D,SET OF 16 VINTAGE RED CUTLERY,10,2010-11-19 13:43:00,12.75,17861.0,United Kingdom
533982,84997D,PINK 3 PIECE POLKADOT CUTLERY SET,8,2010-11-19 13:43:00,3.75,17861.0,United Kingdom
534003,85018D,YULETIDE IMAGES S/6 PAPER BOXES,5,2010-11-19 14:27:00,2.55,17589.0,United Kingdom
534030,84997D,PINK 3 PIECE POLKADOT CUTLERY SET,6,2010-11-19 15:13:00,3.75,12721.0,France
534030,POST,POSTAGE,2,2010-11-19 15:13:00,18.0,12721.0,France
534033,POST,POSTAGE,3,2010-11-19 15:23:00,15.0,12874.0,Belgium
534035,17013D,ORIGAMI ROSE INCENSE IN TUBE,8,2010-11-19 15:50:00,1.65,13124.0,United Kingdom
534049,POST,POSTAGE,4,2010-11-19 17:21:00,28.0,12578.0,Italy
534051,17109D,FLOWER FAIRY INCENSE BOUQUET,2,2010-11-21 10:17:00,1.69,17335.0,United Kingdom
534054,47591D,PINK FAIRY CAKE CHILDRENS APRON,4,2010-11-21 10:38:00,1.95,16746.0,United Kingdom
534059,84968D,SET OF 16 VINTAGE RED CUTLERY,1,2010-11-21 10:49:00,12.75,17796.0,United Kingdom
534059,47591D,PINK FAIRY CAKE CHILDRENS APRON,1,2010-11-21 10:49:00,1.95,17796.0,United Kingdom
534061,84997D,PINK 3 PIECE POLKADOT CUTLERY SET,12,2010-11-21 11:03:00,3.75,12967.0,United Kingdom
534068,POST,POSTAGE,2,2010-11-21 11:34:00,18.0,12728.0,France
534083,82613D,METAL SIGN CUPCAKE SINGLE HOOK,2,2010-11-21 11:52:00,1.25,13668.0,United Kingdom
534141,35471D,SET OF 3 BIRD LIGHT PINK FEATHER ,2,2010-11-21 12:21:00,1.25,16791.0,United Kingdom
534141,47591D,PINK FAIRY CAKE CHILDRENS APRON,1,2010-11-21 12:21:00,1.95,16791.0,United Kingdom
534154,72800D,4 BLUE DINNER CANDLES SILVER FLOCK,1,2010-11-21 12:29:00,2.55,16007.0,United Kingdom
534155,47591D,PINK FAIRY CAKE CHILDRENS APRON,1,2010-11-21 12:31:00,1.95,17618.0,United Kingdom
534157,85018D,YULETIDE IMAGES S/6 PAPER BOXES,2,2010-11-21 12:39:00,2.55,15860.0,United Kingdom
534161,85049D,BRIGHT BLUES RIBBONS ,12,2010-11-21 12:59:00,1.25,17096.0,United Kingdom
534164,85049D,BRIGHT BLUES RIBBONS ,2,2010-11-21 13:13:00,1.25,16241.0,United Kingdom
534164,M,Manual,5,2010-11-21 13:13:00,0.1,16241.0,United Kingdom
534164,M,Manual,3,2010-11-21 13:13:00,0.85,16241.0,United Kingdom
534166,84997D,PINK 3 PIECE POLKADOT CUTLERY SET,6,2010-11-21 13:15:00,3.75,17702.0,United Kingdom
534169,POST,POSTAGE,2,2010-11-21 13:26:00,18.0,12724.0,France
534172,84569D,PACK 6 HEART/ICE-CREAM PATCHES,12,2010-11-21 13:30:00,1.25,14800.0,United Kingdom
534176,17165D,ASS COL LARGE SAND FROG P'WEIGHT,1,2010-11-21 13:42:00,1.05,17244.0,United Kingdom
534178,85049D,BRIGHT BLUES RIBBONS ,1,2010-11-21 13:46:00,1.25,17244.0,United Kingdom
534181,17165D,ASS COL LARGE SAND FROG P'WEIGHT,12,2010-11-21 13:53:00,1.05,17244.0,United Kingdom
534183,POST,POSTAGE,2,2010-11-21 13:58:00,18.0,12705.0,Germany
534184,POST,POSTAGE,2,2010-11-21 13:59:00,18.0,12705.0,Germany
534187,46000M,POLYESTER FILLER PAD 45x45cm,2,2010-11-21 14:10:00,1.55,16501.0,United Kingdom
534187,85130D,BEADED CRYSTAL HEART PINK LARGE,1,2010-11-21 14:10:00,1.65,16501.0,United Kingdom
534187,85018D,YULETIDE IMAGES S/6 PAPER BOXES,1,2010-11-21 14:10:00,2.55,16501.0,United Kingdom
534187,84569D,PACK 6 HEART/ICE-CREAM PATCHES,1,2010-11-21 14:10:00,1.25,16501.0,United Kingdom
534188,M,Manual,24,2010-11-21 14:13:00,0.3,17085.0,United Kingdom
534190,POST,POSTAGE,2,2010-11-21 14:21:00,40.0,12807.0,Sweden
534194,90002D,FLOWER BURST SILVER RING CRYSTAL,1,2010-11-21 14:36:00,3.75,13069.0,United Kingdom
534194,47591D,PINK FAIRY CAKE CHILDRENS APRON,1,2010-11-21 14:36:00,1.95,13069.0,United Kingdom
534195,84849D,HOT BATHS SOAP HOLDER,12,2010-11-21 14:49:00,1.69,17696.0,United Kingdom
534201,35471D,SET OF 3 BIRD LIGHT PINK FEATHER ,5,2010-11-21 15:24:00,1.25,13550.0,United Kingdom
534201,17165D,ASS COL LARGE SAND FROG P'WEIGHT,6,2010-11-21 15:24:00,1.05,13550.0,United Kingdom
534203,84997D,PINK 3 PIECE POLKADOT CUTLERY SET,2,2010-11-21 15:28:00,3.75,14583.0,United Kingdom
534204,47591D,PINK FAIRY CAKE CHILDRENS APRON,8,2010-11-21 15:30:00,1.95,15634.0,United Kingdom
534205,16161M,WRAP  PINK FLOCK,25,2010-11-21 15:38:00,0.42,15579.0,United Kingdom
534210,17165D,ASS COL LARGE SAND FROG P'WEIGHT,2,2010-11-21 15:56:00,1.05,18069.0,United Kingdom
534213,85232D,SET/3 DECOUPAGE STACKING TINS,1,2010-11-21 15:58:00,4.95,16710.0,United Kingdom
534216,85169D,PINK LOVE BIRD CANDLE,2,2010-11-21 16:08:00,1.25,14606.0,United Kingdom
534216,M,Manual,1,2010-11-21 16:08:00,1.5,14606.0,United Kingdom
534244,84997D,PINK 3 PIECE POLKADOT CUTLERY SET,1,2010-11-22 10:59:00,3.75,16972.0,United Kingdom
534321,46000M,POLYESTER FILLER PAD 45x45cm,1,2010-11-22 11:37:00,1.55,15039.0,United Kingdom
534321,84997D,PINK 3 PIECE POLKADOT CUTLERY SET,2,2010-11-22 11:37:00,3.75,15039.0,United Kingdom
534364,85232D,SET/3 DECOUPAGE STACKING TINS,3,2010-11-22 11:58:00,4.95,12681.0,France
534364,POST,POSTAGE,7,2010-11-22 11:58:00,18.0,12681.0,France
534381,POST,POSTAGE,2,2010-11-22 12:39:00,15.0,14646.0,Netherlands
534383,35599D,PINK AND WHITE CHRISTMAS TREE 120CM,2,2010-11-22 12:53:00,2.95,14527.0,United Kingdom
534383,46000M,POLYESTER FILLER PAD 45x45cm,1,2010-11-22 12:53:00,1.55,14527.0,United Kingdom
534387,POST,POSTAGE,3,2010-11-22 12:57:00,18.0,12649.0,Germany
534388,M,Manual,1,2010-11-22 12:59:00,2.95,14994.0,United Kingdom
534388,84997D,PINK 3 PIECE POLKADOT CUTLERY SET,1,2010-11-22 12:59:00,3.75,14994.0,United Kingdom
534388,47591D,PINK FAIRY CAKE CHILDRENS APRON,4,2010-11-22 12:59:00,1.95,14994.0,United Kingdom
534392,POST,POSTAGE,3,2010-11-22 13:09:00,18.0,12633.0,Germany
534403,85032D,YULETIDE IMAGES GIFT WRAP SET,1,2010-11-22 13:59:00,2.1,14649.0,United Kingdom
534403,46000M,POLYESTER FILLER PAD 45x45cm,2,2010-11-22 13:59:00,1.55,14649.0,United Kingdom
534403,90200D,PINK SWEETHEART BRACELET,6,2010-11-22 13:59:00,4.25,14649.0,United Kingdom
534410,85049D,BRIGHT BLUES RIBBONS ,12,2010-11-22 14:36:00,1.25,16812.0,United Kingdom
534432,47591D,PINK FAIRY CAKE CHILDRENS APRON,3,2010-11-22 15:01:00,1.95,18283.0,United Kingdom
534441,47310M,"SMALL POP BOX,FUNKY MONKEY",12,2010-11-22 15:19:00,1.25,13643.0,United Kingdom
534444,17012D,ORIGAMI ROSE INCENSE/CANDLE SET ,1,2010-11-22 15:29:00,2.55,14478.0,United Kingdom
534449,84997D,PINK 3 PIECE POLKADOT CUTLERY SET,4,2010-11-22 15:52:00,3.75,17179.0,United Kingdom
534455,47591D,PINK FAIRY CAKE CHILDRENS APRON,4,2010-11-22 17:33:00,1.95,13546.0,United Kingdom
534497,17107D,"FLOWER FAIRY,5 SUMMER B'DRAW LINERS",1,2010-11-23 11:00:00,2.55,17811.0,United Kingdom
534499,35471D,SET OF 3 BIRD LIGHT PINK FEATHER ,2,2010-11-23 11:12:00,1.25,17372.0,United Kingdom
534499,84997D,PINK 3 PIECE POLKADOT CUTLERY SET,3,2010-11-23 11:12:00,3.75,17372.0,United Kingdom
534499,M,Manual,1,2010-11-23 11:12:00,0.85,17372.0,United Kingdom
534499,84997D,PINK 3 PIECE POLKADOT CUTLERY SET,4,2010-11-23 11:12:00,3.75,17372.0,United Kingdom
534500,M,Manual,144,2010-11-23 11:13:00,0.42,17290.0,United Kingdom
534501,90175D,TIGRIS EYE CHUNKY CHARM BRACELET,6,2010-11-23 11:26:00,8.95,18055.0,United Kingdom
534501,16161M,WRAP  PINK FLOCK,25,2010-11-23 11:26:00,0.42,18055.0,United Kingdom
534501,72800D,4 BLUE DINNER CANDLES SILVER FLOCK,6,2010-11-23 11:26:00,2.55,18055.0,United Kingdom
534501,46000M,POLYESTER FILLER PAD 45x45cm,2,2010-11-23 11:26:00,1.55,18055.0,United Kingdom
534504,79302M,"ART LIGHTS,FUNK MONKEY",4,2010-11-23 11:35:00,2.95,14555.0,United Kingdom
534507,84997D,PINK 3 PIECE POLKADOT CUTLERY SET,4,2010-11-23 11:43:00,3.75,17841.0,United Kingdom
534512,35598D,PINK/WHITE CHRISTMAS TREE 60CM,24,2010-11-23 11:51:00,0.65,14679.0,United Kingdom
534515,M,Manual,1,2010-11-23 11:56:00,100.0,17570.0,United Kingdom
534569,POST,POSTAGE,2,2010-11-23 12:27:00,15.0,12805.0,Netherlands
534633,85049D,BRIGHT BLUES RIBBONS ,1,2010-11-23 13:01:00,1.25,12573.0,France
534656,85032D,YULETIDE IMAGES GIFT WRAP SET,6,2010-11-23 13:36:00,2.1,13869.0,United Kingdom
534696,POST,POSTAGE,1,2010-11-23 15:49:00,18.0,12599.0,France
534703,POST,POSTAGE,1,2010-11-23 16:18:00,18.0,12662.0,Germany
534722,47310M,"SMALL POP BOX,FUNKY MONKEY",6,2010-11-23 18:12:00,1.25,13468.0,United Kingdom
534738,POST,POSTAGE,2,2010-11-23 19:24:00,40.0,12377.0,Switzerland
534799,72800D,4 BLUE DINNER CANDLES SILVER FLOCK,12,2010-11-24 12:01:00,2.55,14350.0,United Kingdom
534799,47591D,PINK FAIRY CAKE CHILDRENS APRON,8,2010-11-24 12:01:00,1.95,14350.0,United Kingdom
534800,84569D,PACK 6 HEART/ICE-CREAM PATCHES,1,2010-11-24 12:04:00,1.25,17019.0,United Kingdom
534800,47591D,PINK FAIRY CAKE CHILDRENS APRON,1,2010-11-24 12:04:00,1.95,17019.0,United Kingdom
534800,84997D,PINK 3 PIECE POLKADOT CUTLERY SET,2,2010-11-24 12:04:00,3.75,17019.0,United Kingdom
534800,79190D,RETRO PLASTIC DAISY TRAY,4,2010-11-24 12:04:00,0.42,17019.0,United Kingdom
534808,47591D,PINK FAIRY CAKE CHILDRENS APRON,1,2010-11-24 12:36:00,1.95,14552.0,United Kingdom
534808,84997D,PINK 3 PIECE POLKADOT CUTLERY SET,4,2010-11-24 12:36:00,3.75,14552.0,United Kingdom
534812,M,Manual,6,2010-11-24 12:43:00,1.25,14458.0,United Kingdom
534812,M,Manual,2,2010-11-24 12:43:00,0.65,14458.0,United Kingdom
534813,47591D,PINK FAIRY CAKE CHILDRENS APRON,8,2010-11-24 12:44:00,1.95,17069.0,United Kingdom
534818,47591D,PINK FAIRY CAKE CHILDRENS APRON,6,2010-11-24 12:52:00,1.95,18116.0,United Kingdom
534822,84569D,PACK 6 HEART/ICE-CREAM PATCHES,1,2010-11-24 12:54:00,1.25,12970.0,United Kingdom
534839,90142D,MOP PENDANT SHELL NECKLACE,1,2010-11-24 13:13:00,4.95,15889.0,United Kingdom
534841,85032D,YULETIDE IMAGES GIFT WRAP SET,3,2010-11-24 13:16:00,2.1,15572.0,United Kingdom
534848,90200D,PINK SWEETHEART BRACELET,4,2010-11-24 13:36:00,4.25,13623.0,United Kingdom
534848,90128D,PURPLE LEAVES AND BEADS PHONE CHAR,1,2010-11-24 13:36:00,1.25,13623.0,United Kingdom
534848,85032D,YULETIDE IMAGES GIFT WRAP SET,1,2010-11-24 13:36:00,2.1,13623.0,United Kingdom
534866,90199D,5 STRAND GLASS NECKLACE AMBER,1,2010-11-24 14:21:00,6.35,16085.0,United Kingdom
534869,47591D,PINK FAIRY CAKE CHILDRENS APRON,8,2010-11-24 14:29:00,1.95,13952.0,United Kingdom
534869,46000M,POLYESTER FILLER PAD 45x45cm,8,2010-11-24 14:29:00,1.55,13952.0,United Kingdom
534870,M,Manual,1,2010-11-24 14:29:00,0.42,17601.0,United Kingdom
534890,17165D,ASS COL LARGE SAND FROG P'WEIGHT,1,2010-11-24 15:03:00,1.05,16204.0,United Kingdom
534890,35598D,PINK/WHITE CHRISTMAS TREE 60CM,3,2010-11-24 15:03:00,1.25,16204.0,United Kingdom
535037,84997D,PINK 3 PIECE POLKADOT CUTLERY SET,12,2010-11-24 16:41:00,3.75,13654.0,United Kingdom
535102,M,Manual,60,2010-11-25 11:00:00,0.21,17996.0,United Kingdom
535105,POST,POSTAGE,3,2010-11-25 11:04:00,40.0,12360.0,Austria
535108,47591D,PINK FAIRY CAKE CHILDRENS APRON,7,2010-11-25 11:19:00,1.95,14963.0,United Kingdom
535108,84997D,PINK 3 PIECE POLKADOT CUTLERY SET,3,2010-11-25 11:19:00,3.75,14963.0,United Kingdom
535221,84997D,PINK 3 PIECE POLKADOT CUTLERY SET,2,2010-11-25 12:21:00,3.75,12748.0,United Kingdom
535250,90214M,"LETTER ""M"" BLING KEY RING",1,2010-11-25 12:56:00,1.25,15987.0,United Kingdom
535259,17107D,"FLOWER FAIRY,5 SUMMER B'DRAW LINERS",3,2010-11-25 13:18:00,2.55,17068.0,United Kingdom
535259,47591D,PINK FAIRY CAKE CHILDRENS APRON,2,2010-11-25 13:18:00,1.95,17068.0,United Kingdom
535259,72801D,4 SKY BLUE DINNER CANDLES,1,2010-11-25 13:18:00,1.25,17068.0,United Kingdom
535259,17107D,"FLOWER FAIRY,5 SUMMER B'DRAW LINERS",2,2010-11-25 13:18:00,2.55,17068.0,United Kingdom
535260,85131D,BEADED CRYSTAL HEART PINK ON STICK,1,2010-11-25 13:20:00,1.25,15021.0,United Kingdom
535264,84997D,PINK 3 PIECE POLKADOT CUTLERY SET,3,2010-11-25 13:29:00,3.75,15020.0,United Kingdom
535271,84997D,PINK 3 PIECE POLKADOT CUTLERY SET,1,2010-11-25 13:42:00,3.75,15967.0,United Kingdom
535273,85185D,FROG SOCK PUPPET,4,2010-11-25 13:49:00,2.95,17989.0,United Kingdom
535274,84997D,PINK 3 PIECE POLKADOT CUTLERY SET,1,2010-11-25 13:51:00,3.75,14415.0,United Kingdom
535274,84849D,HOT BATHS SOAP HOLDER,5,2010-11-25 13:51:00,1.69,14415.0,United Kingdom
535310,85049D,BRIGHT BLUES RIBBONS ,2,2010-11-25 14:47:00,1.25,17920.0,United Kingdom
535321,POST,POSTAGE,18,2010-11-25 15:14:00,15.0,12385.0,Belgium
535388,POST,POSTAGE,1,2010-11-26 09:49:00,28.0,12811.0,Portugal
535389,POST,POSTAGE,3,2010-11-26 09:51:00,18.0,12681.0,France
535396,POST,POSTAGE,3,2010-11-26 10:43:00,28.0,12540.0,Spain
535412,47591D,PINK FAIRY CAKE CHILDRENS APRON,1,2010-11-26 11:28:00,1.95,16899.0,United Kingdom
535419,82613D,METAL SIGN CUPCAKE SINGLE HOOK,8,2010-11-26 11:48:00,1.25,12668.0,Germany
535419,47591D,PINK FAIRY CAKE CHILDRENS APRON,8,2010-11-26 11:48:00,1.95,12668.0,Germany
535419,POST,POSTAGE,9,2010-11-26 11:48:00,18.0,12668.0,Germany
535427,84569D,PACK 6 HEART/ICE-CREAM PATCHES,6,2010-11-26 12:05:00,1.25,15872.0,United Kingdom
535429,84876D,BLUE HEART COMPACT MIRROR,4,2010-11-26 12:13:00,3.75,16138.0,United Kingdom
535431,POST,POSTAGE,2,2010-11-26 12:19:00,18.0,12474.0,Germany
535433,POST,POSTAGE,1,2010-11-26 12:35:00,40.0,12483.0,Sweden
535449,85049D,BRIGHT BLUES RIBBONS ,1,2010-11-26 12:50:00,1.25,17516.0,United Kingdom
535457,90060D,FIRE POLISHED GLASS NECKL BRONZE,1,2010-11-26 12:56:00,5.95,15028.0,United Kingdom
535464,35471D,SET OF 3 BIRD LIGHT PINK FEATHER ,1,2010-11-26 13:16:00,1.25,17999.0,United Kingdom
535474,BANK CHARGES,Bank Charges,1,2010-11-26 13:56:00,15.0,16928.0,United Kingdom
535475,85049D,BRIGHT BLUES RIBBONS ,1,2010-11-26 14:09:00,1.25,17817.0,United Kingdom
535476,POST,POSTAGE,3,2010-11-26 14:16:00,18.0,12490.0,France
535488,47591D,PINK FAIRY CAKE CHILDRENS APRON,8,2010-11-26 14:51:00,1.95,12976.0,United Kingdom
535531,84997D,PINK 3 PIECE POLKADOT CUTLERY SET,1,2010-11-26 15:16:00,3.75,17841.0,United Kingdom
535531,47591D,PINK FAIRY CAKE CHILDRENS APRON,4,2010-11-26 15:16:00,1.95,17841.0,United Kingdom
535571,47591D,PINK FAIRY CAKE CHILDRENS APRON,2,2010-11-26 15:36:00,1.95,16904.0,United Kingdom
535590,84569D,PACK 6 HEART/ICE-CREAM PATCHES,12,2010-11-26 16:20:00,1.25,17218.0,United Kingdom
535592,47591D,PINK FAIRY CAKE CHILDRENS APRON,16,2010-11-26 16:31:00,1.95,15281.0,United Kingdom
535592,17107D,"FLOWER FAIRY,5 SUMMER B'DRAW LINERS",6,2010-11-26 16:31:00,2.55,15281.0,United Kingdom
535645,M,Manual,1,2010-11-28 10:41:00,2.5,15860.0,United Kingdom
535657,D,Discount,1,2010-11-28 11:20:00,13.98,14527.0,United Kingdom
535661,35598D,PINK/WHITE CHRISTMAS TREE 60CM,1,2010-11-28 11:33:00,1.25,13069.0,United Kingdom
535662,84997D,PINK 3 PIECE POLKADOT CUTLERY SET,2,2010-11-28 11:37:00,3.75,16782.0,United Kingdom
535665,M,Manual,6,2010-11-28 11:49:00,0.2,17085.0,United Kingdom
535666,POST,POSTAGE,7,2010-11-28 11:52:00,18.0,12621.0,Germany
535668,17090D,VANILLA INCENSE 40 CONES IN TIN,2,2010-11-28 11:59:00,1.25,15446.0,United Kingdom
535668,17090D,VANILLA INCENSE 40 CONES IN TIN,1,2010-11-28 11:59:00,1.25,15446.0,United Kingdom
535674,47591D,PINK FAIRY CAKE CHILDRENS APRON,16,2010-11-28 12:08:00,1.95,16133.0,United Kingdom
535676,17165D,ASS COL LARGE SAND FROG P'WEIGHT,3,2010-11-28 12:14:00,1.05,15037.0,United Kingdom
535676,17165D,ASS COL LARGE SAND FROG P'WEIGHT,5,2010-11-28 12:14:00,1.05,15037.0,United Kingdom
535704,90200D,PINK SWEETHEART BRACELET,1,2010-11-28 13:05:00,4.25,15037.0,United Kingdom
535775,82613D,METAL SIGN CUPCAKE SINGLE HOOK,2,2010-11-28 13:40:00,1.25,16033.0,United Kingdom
535776,35471D,SET OF 3 BIRD LIGHT PINK FEATHER ,4,2010-11-28 13:40:00,1.25,17289.0,United Kingdom
535786,47591D,PINK FAIRY CAKE CHILDRENS APRON,4,2010-11-28 14:13:00,1.95,14878.0,United Kingdom
535789,POST,POSTAGE,2,2010-11-28 14:18:00,18.0,12605.0,Germany
535790,84997D,PINK 3 PIECE POLKADOT CUTLERY SET,1,2010-11-28 14:28:00,3.75,17368.0,United Kingdom
535790,84968D,SET OF 16 VINTAGE RED CUTLERY,1,2010-11-28 14:28:00,12.75,17368.0,United Kingdom
535794,POST,POSTAGE,4,2010-11-28 14:33:00,18.0,12481.0,Germany
535799,M,Manual,6,2010-11-28 14:49:00,32.0,16720.0,United Kingdom
535799,84876D,BLUE HEART COMPACT MIRROR,2,2010-11-28 14:49:00,3.75,16720.0,United Kingdom
535799,84984D,ORIENTAL RED CUSHION COVER ,3,2010-11-28 14:49:00,4.65,16720.0,United Kingdom
535799,84925D,LA PALMIERA WALL THERMOMETER,1,2010-11-28 14:49:00,2.55,16720.0,United Kingdom
535803,47591D,PINK FAIRY CAKE CHILDRENS APRON,2,2010-11-28 14:57:00,1.95,14410.0,United Kingdom
535803,17107D,"FLOWER FAIRY,5 SUMMER B'DRAW LINERS",2,2010-11-28 14:57:00,2.55,14410.0,United Kingdom
535803,85071D,CHARLIE+LOLA MY ROOM DOOR SIGN,2,2010-11-28 14:57:00,2.55,14410.0,United Kingdom
535802,79191D,RETRO PLASTIC DAISY TRAY,1,2010-11-28 14:57:00,0.85,14030.0,United Kingdom
535802,79190D,RETRO PLASTIC DAISY TRAY,2,2010-11-28 14:57:00,0.42,14030.0,United Kingdom
535810,M,Manual,1,2010-11-28 15:14:00,0.42,16893.0,United Kingdom
535811,90123D,WHITE HEART OF GLASS BRACELET,1,2010-11-28 15:18:00,5.95,15532.0,United Kingdom
535811,72801D,4 SKY BLUE DINNER CANDLES,1,2010-11-28 15:18:00,1.25,15532.0,United Kingdom
535811,72800D,4 BLUE DINNER CANDLES SILVER FLOCK,1,2010-11-28 15:18:00,2.55,15532.0,United Kingdom
535811,17012D,ORIGAMI ROSE INCENSE/CANDLE SET ,1,2010-11-28 15:18:00,2.55,15532.0,United Kingdom
535816,84875D,BLUE SQUARE COMPACT MIRROR,1,2010-11-28 15:25:00,3.75,14986.0,United Kingdom
535817,84849D,HOT BATHS SOAP HOLDER,2,2010-11-28 15:31:00,1.69,18116.0,United Kingdom
535822,84997D,PINK 3 PIECE POLKADOT CUTLERY SET,2,2010-11-28 16:04:00,3.75,17987.0,United Kingdom
535824,84997D,PINK 3 PIECE POLKADOT CUTLERY SET,3,2010-11-28 16:09:00,3.75,17802.0,United Kingdom
535831,35598D,PINK/WHITE CHRISTMAS TREE 60CM,12,2010-11-29 09:38:00,1.25,12767.0,Korea
535831,35599D,PINK AND WHITE CHRISTMAS TREE 120CM,6,2010-11-29 09:38:00,2.95,12767.0,Korea
535832,47591D,PINK FAIRY CAKE CHILDRENS APRON,16,2010-11-29 09:41:00,1.95,17547.0,United Kingdom
535837,POST,POSTAGE,1,2010-11-29 10:02:00,18.0,12600.0,Germany
535879,POST,POSTAGE,5,2010-11-29 10:56:00,40.0,12358.0,Austria
535944,84800M,MEDIUM WHITE/PINK ROSE ART FLOWER,3,2010-11-29 11:51:00,1.69,17237.0,United Kingdom
535946,85032D,YULETIDE IMAGES GIFT WRAP SET,4,2010-11-29 11:54:00,2.1,17345.0,United Kingdom
535950,90120D,WHITE MURANO TWIST BRACELET,1,2010-11-29 12:03:00,4.25,15989.0,United Kingdom
535950,16161M,WRAP  PINK FLOCK,25,2010-11-29 12:03:00,0.42,15989.0,United Kingdom
535953,84997D,PINK 3 PIECE POLKADOT CUTLERY SET,4,2010-11-29 12:13:00,3.75,15039.0,United Kingdom
535956,85232D,SET/3 DECOUPAGE STACKING TINS,1,2010-11-29 12:20:00,4.95,17756.0,United Kingdom
535957,47591D,PINK FAIRY CAKE CHILDRENS APRON,8,2010-11-29 12:26:00,1.95,13510.0,United Kingdom
535961,M,Manual,1,2010-11-29 12:36:00,0.85,18034.0,United Kingdom
535961,17107D,"FLOWER FAIRY,5 SUMMER B'DRAW LINERS",1,2010-11-29 12:36:00,2.55,18034.0,United Kingdom
535964,47591D,PINK FAIRY CAKE CHILDRENS APRON,8,2010-11-29 12:42:00,1.95,13136.0,United Kingdom
535964,84997D,PINK 3 PIECE POLKADOT CUTLERY SET,6,2010-11-29 12:42:00,3.75,13136.0,United Kingdom
535965,84849D,HOT BATHS SOAP HOLDER,3,2010-11-29 12:42:00,1.69,16458.0,United Kingdom
535980,85232D,SET/3 DECOUPAGE STACKING TINS,3,2010-11-29 13:09:00,4.95,14243.0,United Kingdom
535981,84849D,HOT BATHS SOAP HOLDER,2,2010-11-29 13:09:00,1.69,18109.0,United Kingdom
535992,35598D,PINK/WHITE CHRISTMAS TREE 60CM,240,2010-11-29 13:35:00,0.65,14298.0,United Kingdom
535994,82613D,METAL SIGN CUPCAKE SINGLE HOOK,1,2010-11-29 13:44:00,1.25,15311.0,United Kingdom
535996,M,Manual,2,2010-11-29 13:53:00,0.65,17912.0,United Kingdom
535996,M,Manual,3,2010-11-29 13:53:00,0.55,17912.0,United Kingdom
536001,84997D,PINK 3 PIECE POLKADOT CUTLERY SET,6,2010-11-29 14:21:00,3.75,17814.0,United Kingdom
536003,72800D,4 BLUE DINNER CANDLES SILVER FLOCK,1,2010-11-29 14:36:00,2.55,16049.0,United Kingdom
536009,84997D,PINK 3 PIECE POLKADOT CUTLERY SET,144,2010-11-29 15:07:00,3.39,12415.0,Australia
536014,47591D,PINK FAIRY CAKE CHILDRENS APRON,50,2010-11-29 15:26:00,1.65,13798.0,United Kingdom
536016,72800D,4 BLUE DINNER CANDLES SILVER FLOCK,12,2010-11-29 15:36:00,2.55,17315.0,United Kingdom
536024,72800D,4 BLUE DINNER CANDLES SILVER FLOCK,2,2010-11-29 16:13:00,2.55,17338.0,United Kingdom
536028,17109D,FLOWER FAIRY INCENSE BOUQUET,1,2010-11-29 16:32:00,1.69,15555.0,United Kingdom
536028,17107D,"FLOWER FAIRY,5 SUMMER B'DRAW LINERS",1,2010-11-29 16:32:00,2.55,15555.0,United Kingdom
536030,82613D,METAL SIGN CUPCAKE SINGLE HOOK,20,2010-11-29 16:41:00,1.25,15828.0,United Kingdom
536030,17165D,ASS COL LARGE SAND FROG P'WEIGHT,9,2010-11-29 16:41:00,1.05,15828.0,United Kingdom
536036,84984D,ORIENTAL RED CUSHION COVER ,1,2010-11-29 17:00:00,4.65,15950.0,United Kingdom
536036,84997D,PINK 3 PIECE POLKADOT CUTLERY SET,7,2010-11-29 17:00:00,3.75,15950.0,United Kingdom
536058,84876D,BLUE HEART COMPACT MIRROR,24,2010-11-30 10:12:00,1.25,14414.0,United Kingdom
536058,46775D,SUNSET COLOUR CHUNKY KNITTED THROW,4,2010-11-30 10:12:00,16.95,14414.0,United Kingdom
536064,47591D,PINK FAIRY CAKE CHILDRENS APRON,8,2010-11-30 10:43:00,1.95,14422.0,United Kingdom
536075,POST,POSTAGE,2,2010-11-30 11:05:00,18.0,12734.0,France
536088,46000M,POLYESTER FILLER PAD 45x45cm,1,2010-11-30 11:30:00,1.55,16782.0,United Kingdom
536112,POST,POSTAGE,2,2010-11-30 11:37:00,28.0,12782.0,Portugal
536158,D,Discount,1,2010-11-30 11:57:00,32.29,13634.0,United Kingdom
536162,M,Manual,8,2010-11-30 12:07:00,1.45,15939.0,United Kingdom
536162,M,Manual,7,2010-11-30 12:07:00,1.45,15939.0,United Kingdom
536162,M,Manual,9,2010-11-30 12:07:00,1.25,15939.0,United Kingdom
536162,M,Manual,2,2010-11-30 12:07:00,1.25,15939.0,United Kingdom
536162,M,Manual,4,2010-11-30 12:07:00,0.72,15939.0,United Kingdom
536162,M,Manual,1,2010-11-30 12:07:00,0.72,15939.0,United Kingdom
536162,M,Manual,1,2010-11-30 12:07:00,1.45,15939.0,United Kingdom
536184,84569D,PACK 6 HEART/ICE-CREAM PATCHES,12,2010-11-30 12:28:00,1.25,17889.0,United Kingdom
536185,47591D,PINK FAIRY CAKE CHILDRENS APRON,1,2010-11-30 12:29:00,1.95,17889.0,United Kingdom
536185,84569D,PACK 6 HEART/ICE-CREAM PATCHES,12,2010-11-30 12:29:00,1.25,17889.0,United Kingdom
536226,M,Manual,1,2010-11-30 14:07:00,0.85,14605.0,United Kingdom
536235,84876D,BLUE HEART COMPACT MIRROR,2,2010-11-30 14:21:00,3.75,18101.0,United Kingdom
536239,POST,POSTAGE,14,2010-11-30 14:30:00,18.0,12471.0,Germany
536248,POST,POSTAGE,3,2010-11-30 14:48:00,18.0,12609.0,Germany
536272,M,Manual,31,2010-11-30 16:01:00,0.21,15867.0,United Kingdom
536353,47591D,PINK FAIRY CAKE CHILDRENS APRON,8,2010-11-30 17:43:00,1.95,17160.0,United Kingdom
536355,79302M,"ART LIGHTS,FUNK MONKEY",12,2010-11-30 17:45:00,2.95,14790.0,United Kingdom
536370,POST,POSTAGE,3,2010-12-01 08:45:00,18.0,12583.0,France
536403,POST,POSTAGE,1,2010-12-01 11:27:00,15.0,12791.0,Netherlands
536404,85049D,BRIGHT BLUES RIBBONS ,12,2010-12-01 11:29:00,1.25,16218.0,United Kingdom
536464,90200D,PINK SWEETHEART BRACELET,3,2010-12-01 12:23:00,4.25,17968.0,United Kingdom
536500,46000M,POLYESTER FILLER PAD 45x45cm,10,2010-12-01 12:35:00,1.55,17377.0,United Kingdom
536522,84997D,PINK 3 PIECE POLKADOT CUTLERY SET,1,2010-12-01 12:49:00,3.75,15012.0,United Kingdom
536527,POST,POSTAGE,1,2010-12-01 13:04:00,18.0,12662.0,Germany
536562,79302M,"ART LIGHTS,FUNK MONKEY",6,2010-12-01 15:08:00,2.95,13468.0,United Kingdom
536569,M,Manual,1,2010-12-01 15:35:00,1.25,16274.0,United Kingdom
536569,M,Manual,1,2010-12-01 15:35:00,18.95,16274.0,United Kingdom
536571,85032D,YULETIDE IMAGES GIFT WRAP SET,6,2010-12-01 15:37:00,2.1,14696.0,United Kingdom
536571,35598D,PINK/WHITE CHRISTMAS TREE 60CM,24,2010-12-01 15:37:00,0.65,14696.0,United Kingdom
536588,84997D,PINK 3 PIECE POLKADOT CUTLERY SET,12,2010-12-01 16:49:00,3.75,17069.0,United Kingdom
536591,90214M,"LETTER ""M"" BLING KEY RING",1,2010-12-01 16:57:00,1.25,14606.0,United Kingdom
536611,85071D,CHARLIE+LOLA MY ROOM DOOR SIGN,6,2010-12-02 09:43:00,2.55,15752.0,United Kingdom
536617,79302M,"ART LIGHTS,FUNK MONKEY",20,2010-12-02 10:17:00,2.55,13941.0,United Kingdom
536643,84997D,PINK 3 PIECE POLKADOT CUTLERY SET,7,2010-12-02 11:57:00,3.75,14390.0,United Kingdom
536674,47591D,PINK FAIRY CAKE CHILDRENS APRON,1,2010-12-02 12:16:00,1.95,15923.0,United Kingdom
536732,84997D,PINK 3 PIECE POLKADOT CUTLERY SET,6,2010-12-02 12:47:00,3.75,15544.0,United Kingdom
536741,17090D,VANILLA INCENSE 40 CONES IN TIN,6,2010-12-02 13:11:00,1.25,13117.0,United Kingdom
536744,47591D,PINK FAIRY CAKE CHILDRENS APRON,50,2010-12-02 13:36:00,1.65,14466.0,United Kingdom
536749,90082D,DIAMANTE BOW BROOCH BLACK COLOUR,4,2010-12-02 13:49:00,6.35,17976.0,United Kingdom
536754,85185D,FROG SOCK PUPPET,1,2010-12-02 14:09:00,2.95,14449.0,United Kingdom
536761,47591D,PINK FAIRY CAKE CHILDRENS APRON,8,2010-12-02 14:30:00,1.95,13491.0,United Kingdom
536769,72801D,4 SKY BLUE DINNER CANDLES,12,2010-12-02 14:47:00,1.25,17581.0,United Kingdom
536779,BANK CHARGES,Bank Charges,1,2010-12-02 15:08:00,15.0,15823.0,United Kingdom
536797,90002D,FLOWER BURST SILVER RING CRYSTAL,4,2010-12-02 15:49:00,3.75,16770.0,United Kingdom
536800,47591D,PINK FAIRY CAKE CHILDRENS APRON,8,2010-12-02 16:12:00,1.95,14829.0,United Kingdom
536813,85032D,YULETIDE IMAGES GIFT WRAP SET,6,2010-12-02 16:59:00,2.1,15646.0,United Kingdom
536837,16161M,WRAP  PINK FLOCK,25,2010-12-02 18:15:00,0.42,14395.0,United Kingdom
536840,POST,POSTAGE,1,2010-12-02 18:27:00,18.0,12738.0,Germany
536852,POST,POSTAGE,1,2010-12-03 09:51:00,18.0,12686.0,France
536857,85049D,BRIGHT BLUES RIBBONS ,5,2010-12-03 10:33:00,1.25,16883.0,United Kingdom
536858,POST,POSTAGE,2,2010-12-03 10:36:00,40.0,13520.0,Switzerland
536859,85032D,YULETIDE IMAGES GIFT WRAP SET,1,2010-12-03 10:43:00,2.1,12841.0,United Kingdom
536861,POST,POSTAGE,3,2010-12-03 10:44:00,18.0,12427.0,Germany
536874,84925D,LA PALMIERA WALL THERMOMETER,1,2010-12-03 11:35:00,2.55,16891.0,United Kingdom
536943,85018D,YULETIDE IMAGES S/6 PAPER BOXES,1,2010-12-03 12:11:00,2.55,17884.0,United Kingdom
536943,85032D,YULETIDE IMAGES GIFT WRAP SET,1,2010-12-03 12:11:00,2.1,17884.0,United Kingdom
536945,37489D,PINK/GREEN FLOWER DESIGN BIG MUG,1,2010-12-03 12:24:00,1.95,14083.0,United Kingdom
536945,17107D,"FLOWER FAIRY,5 SUMMER B'DRAW LINERS",3,2010-12-03 12:24:00,2.55,14083.0,United Kingdom
536967,POST,POSTAGE,1,2010-12-03 12:57:00,18.0,12600.0,Germany
536974,POST,POSTAGE,2,2010-12-03 13:59:00,18.0,12682.0,France
536975,85032D,YULETIDE IMAGES GIFT WRAP SET,12,2010-12-03 14:04:00,2.1,14911.0,EIRE
536981,M,Manual,2,2010-12-03 14:26:00,0.85,14723.0,United Kingdom
536983,84849D,HOT BATHS SOAP HOLDER,12,2010-12-03 14:30:00,1.69,12712.0,Germany
536983,POST,POSTAGE,1,2010-12-03 14:30:00,18.0,12712.0,Germany
536987,84877D,BLUE ROUND COMPACT MIRROR,1,2010-12-03 14:54:00,3.75,17198.0,United Kingdom
536990,POST,POSTAGE,1,2010-12-03 15:14:00,28.0,12793.0,Portugal
537022,POST,POSTAGE,2,2010-12-03 15:45:00,28.0,12725.0,Italy
537026,POST,POSTAGE,2,2010-12-03 16:35:00,18.0,12395.0,Belgium
537034,84997D,PINK 3 PIECE POLKADOT CUTLERY SET,6,2010-12-03 17:20:00,3.75,13081.0,United Kingdom
537042,17109D,FLOWER FAIRY INCENSE BOUQUET,2,2010-12-05 10:45:00,1.69,13838.0,United Kingdom
537042,47591D,PINK FAIRY CAKE CHILDRENS APRON,1,2010-12-05 10:45:00,1.95,13838.0,United Kingdom
537044,72800D,4 BLUE DINNER CANDLES SILVER FLOCK,12,2010-12-05 10:52:00,2.55,18055.0,United Kingdom
537045,90185D,CRYSTAL DIAMANTE EXPANDABLE RING,1,2010-12-05 10:54:00,4.25,15038.0,United Kingdom
537045,90002D,FLOWER BURST SILVER RING CRYSTAL,1,2010-12-05 10:54:00,3.75,15038.0,United Kingdom
537047,85018D,YULETIDE IMAGES S/6 PAPER BOXES,1,2010-12-05 11:02:00,2.55,13069.0,United Kingdom
537048,90162D,ANT SILVER PURPLE BOUDICCA RING,1,2010-12-05 11:03:00,2.95,13069.0,United Kingdom
537057,47310M,"SMALL POP BOX,FUNKY MONKEY",1,2010-12-05 11:49:00,1.25,15351.0,United Kingdom
537057,84997D,PINK 3 PIECE POLKADOT CUTLERY SET,6,2010-12-05 11:49:00,3.75,15351.0,United Kingdom
537065,POST,POSTAGE,9,2010-12-05 11:57:00,18.0,12567.0,France
537077,M,Manual,12,2010-12-05 11:59:00,0.42,17062.0,United Kingdom
537126,79302M,"ART LIGHTS,FUNK MONKEY",1,2010-12-05 12:13:00,2.95,18118.0,United Kingdom
537133,47591D,PINK FAIRY CAKE CHILDRENS APRON,1,2010-12-05 12:29:00,1.95,18156.0,United Kingdom
537135,47591D,PINK FAIRY CAKE CHILDRENS APRON,2,2010-12-05 12:35:00,1.95,17059.0,United Kingdom
537135,85018D,YULETIDE IMAGES S/6 PAPER BOXES,6,2010-12-05 12:35:00,2.55,17059.0,United Kingdom
537135,84997D,PINK 3 PIECE POLKADOT CUTLERY SET,2,2010-12-05 12:35:00,3.75,17059.0,United Kingdom
537136,85018D,YULETIDE IMAGES S/6 PAPER BOXES,1,2010-12-05 12:42:00,2.55,12748.0,United Kingdom
537136,17107D,"FLOWER FAIRY,5 SUMMER B'DRAW LINERS",2,2010-12-05 12:42:00,2.55,12748.0,United Kingdom
537136,35471D,SET OF 3 BIRD LIGHT PINK FEATHER ,2,2010-12-05 12:42:00,1.25,12748.0,United Kingdom
537137,47591D,PINK FAIRY CAKE CHILDRENS APRON,6,2010-12-05 12:43:00,1.95,16327.0,United Kingdom
537137,85130D,BEADED CRYSTAL HEART PINK LARGE,5,2010-12-05 12:43:00,1.65,16327.0,United Kingdom
537137,84569D,PACK 6 HEART/ICE-CREAM PATCHES,6,2010-12-05 12:43:00,1.25,16327.0,United Kingdom
537137,M,Manual,36,2010-12-05 12:43:00,0.85,16327.0,United Kingdom
537140,M,Manual,1,2010-12-05 12:53:00,0.42,12748.0,United Kingdom
537140,M,Manual,1,2010-12-05 12:53:00,0.85,12748.0,United Kingdom
537144,84569D,PACK 6 HEART/ICE-CREAM PATCHES,1,2010-12-05 13:00:00,1.25,15880.0,United Kingdom
537144,35471D,SET OF 3 BIRD LIGHT PINK FEATHER ,1,2010-12-05 13:00:00,1.25,15880.0,United Kingdom
537196,85129D,BEADED CRYSTAL HEART PINK SMALL,1,2010-12-05 13:55:00,1.25,15426.0,United Kingdom
537197,84997D,PINK 3 PIECE POLKADOT CUTLERY SET,6,2010-12-05 14:02:00,3.75,12647.0,Germany
537197,POST,POSTAGE,3,2010-12-05 14:02:00,18.0,12647.0,Germany
537198,POST,POSTAGE,1,2010-12-05 14:03:00,18.0,12647.0,Germany
537199,M,Manual,1,2010-12-05 14:06:00,0.65,15894.0,United Kingdom
537201,85049D,BRIGHT BLUES RIBBONS ,12,2010-12-05 14:19:00,1.25,12472.0,Germany
537201,POST,POSTAGE,6,2010-12-05 14:19:00,18.0,12472.0,Germany
537208,90082D,DIAMANTE BOW BROOCH BLACK COLOUR,1,2010-12-05 15:12:00,6.35,15889.0,United Kingdom
537208,M,Manual,4,2010-12-05 15:12:00,0.85,15889.0,United Kingdom
537209,17090D,VANILLA INCENSE 40 CONES IN TIN,1,2010-12-05 15:12:00,1.25,14606.0,United Kingdom
537208,90185D,CRYSTAL DIAMANTE EXPANDABLE RING,2,2010-12-05 15:12:00,4.25,15889.0,United Kingdom
537212,POST,POSTAGE,4,2010-12-05 15:21:00,18.0,12720.0,Germany
537219,85170D,SET/6 PINK BIRD T-LIGHT CANDLES,1,2010-12-05 15:47:00,2.1,14081.0,United Kingdom
537224,79190D,RETRO PLASTIC DAISY TRAY,1,2010-12-05 16:24:00,0.42,13174.0,United Kingdom
537225,84849D,HOT BATHS SOAP HOLDER,1,2010-12-05 16:41:00,1.69,12748.0,United Kingdom
537225,M,Manual,1,2010-12-05 16:41:00,1.0,12748.0,United Kingdom
537225,85049D,BRIGHT BLUES RIBBONS ,1,2010-12-05 16:41:00,1.25,12748.0,United Kingdom
537246,POST,POSTAGE,1,2010-12-06 10:27:00,28.0,12808.0,Portugal
537248,79030D,"TUMBLER, BAROQUE",6,2010-12-06 10:36:00,1.65,15899.0,United Kingdom
537250,POST,POSTAGE,1,2010-12-06 10:43:00,18.0,12708.0,Germany
537265,46000M,POLYESTER FILLER PAD 45x45cm,2,2010-12-06 11:26:00,1.55,15919.0,United Kingdom
537301,84926D,LA PALMIERA TILE COASTER,1,2010-12-06 11:38:00,1.25,15860.0,United Kingdom
537301,84926D,LA PALMIERA TILE COASTER,3,2010-12-06 11:38:00,1.25,15860.0,United Kingdom
537370,84569D,PACK 6 HEART/ICE-CREAM PATCHES,12,2010-12-06 12:44:00,1.25,13155.0,United Kingdom
537370,85185D,FROG SOCK PUPPET,1,2010-12-06 12:44:00,2.95,13155.0,United Kingdom
537371,90060D,FIRE POLISHED GLASS NECKL BRONZE,1,2010-12-06 12:47:00,5.95,15028.0,United Kingdom
537372,47591D,PINK FAIRY CAKE CHILDRENS APRON,8,2010-12-06 12:52:00,1.95,16919.0,United Kingdom
537375,84997D,PINK 3 PIECE POLKADOT CUTLERY SET,2,2010-12-06 12:55:00,3.75,17019.0,United Kingdom
537377,M,Manual,12,2010-12-06 13:01:00,0.19,15882.0,United Kingdom
537392,M,Manual,5,2010-12-06 13:58:00,1.25,17068.0,United Kingdom
537396,M,Manual,1,2010-12-06 14:08:00,35.0,17223.0,United Kingdom
537396,35471D,SET OF 3 BIRD LIGHT PINK FEATHER ,1,2010-12-06 14:08:00,1.25,17223.0,United Kingdom
537405,79302M,"ART LIGHTS,FUNK MONKEY",1,2010-12-06 14:51:00,2.95,17841.0,United Kingdom
537418,35598D,PINK/WHITE CHRISTMAS TREE 60CM,1,2010-12-06 15:13:00,1.25,17884.0,United Kingdom
537435,M,Manual,2,2010-12-06 16:58:00,5.95,17920.0,United Kingdom
537446,46000M,POLYESTER FILLER PAD 45x45cm,2,2010-12-07 09:13:00,1.55,18055.0,United Kingdom
537459,47591D,PINK FAIRY CAKE CHILDRENS APRON,8,2010-12-07 09:57:00,1.95,17470.0,United Kingdom
537462,84997D,PINK 3 PIECE POLKADOT CUTLERY SET,10,2010-12-07 10:06:00,3.75,17228.0,United Kingdom
537463,POST,POSTAGE,4,2010-12-07 10:08:00,18.0,12681.0,France
537468,POST,POSTAGE,3,2010-12-07 10:36:00,18.0,12567.0,France
537594,POST,POSTAGE,5,2010-12-07 12:28:00,18.0,12647.0,Germany
537608,84997D,PINK 3 PIECE POLKADOT CUTLERY SET,3,2010-12-07 13:20:00,3.75,15024.0,United Kingdom
537623,84968D,SET OF 16 VINTAGE RED CUTLERY,1,2010-12-07 14:31:00,12.75,15858.0,United Kingdom
537626,84997D,PINK 3 PIECE POLKADOT CUTLERY SET,6,2010-12-07 14:57:00,3.75,12347.0,Iceland
537626,85232D,SET/3 DECOUPAGE STACKING TINS,3,2010-12-07 14:57:00,4.95,12347.0,Iceland
537627,85049D,BRIGHT BLUES RIBBONS ,12,2010-12-07 14:58:00,1.25,14739.0,United Kingdom
537653,46000M,POLYESTER FILLER PAD 45x45cm,6,2010-12-07 15:54:00,1.55,17897.0,United Kingdom
537655,90175D,TIGRIS EYE CHUNKY CHARM BRACELET,2,2010-12-07 16:20:00,8.95,15081.0,United Kingdom
537673,POST,POSTAGE,7,2010-12-08 09:49:00,18.0,12709.0,Germany
537683,84997D,PINK 3 PIECE POLKADOT CUTLERY SET,6,2010-12-08 10:14:00,3.75,12921.0,United Kingdom
537693,POST,POSTAGE,1,2010-12-08 10:45:00,18.0,12441.0,France
537775,47591D,PINK FAIRY CAKE CHILDRENS APRON,8,2010-12-08 12:41:00,1.95,17722.0,United Kingdom
537794,84997D,PINK 3 PIECE POLKADOT CUTLERY SET,1,2010-12-08 13:01:00,3.75,16713.0,United Kingdom
537800,M,Manual,12,2010-12-08 13:08:00,0.19,12748.0,United Kingdom
537804,M,Manual,12,2010-12-08 13:17:00,2.95,12748.0,United Kingdom
537804,M,Manual,12,2010-12-08 13:17:00,0.19,12748.0,United Kingdom
537808,84997D,PINK 3 PIECE POLKADOT CUTLERY SET,3,2010-12-08 13:23:00,3.75,15311.0,United Kingdom
537815,47591D,PINK FAIRY CAKE CHILDRENS APRON,8,2010-12-08 13:49:00,1.95,17676.0,United Kingdom
537816,84968D,SET OF 16 VINTAGE RED CUTLERY,1,2010-12-08 13:51:00,12.75,16679.0,United Kingdom
537818,POST,POSTAGE,6,2010-12-08 13:53:00,28.0,12766.0,Portugal
537850,16168M,FUNKY MONKEY GIFT BAG MEDIUM,24,2010-12-08 15:38:00,0.42,16722.0,United Kingdom
537852,84997D,PINK 3 PIECE POLKADOT CUTLERY SET,1,2010-12-08 15:56:00,3.75,17340.0,United Kingdom
537855,84706D,CHERRY BLOSSOM TABLE CLOCK ,2,2010-12-08 15:59:00,8.95,15996.0,United Kingdom
537892,POST,POSTAGE,1,2010-12-09 10:13:00,18.0,12481.0,Germany
537894,POST,POSTAGE,2,2010-12-09 10:16:00,18.0,12621.0,Germany
537897,POST,POSTAGE,1,2010-12-09 10:37:00,18.0,12683.0,France
537915,POST,POSTAGE,1,2010-12-09 10:55:00,28.0,12797.0,Portugal
537955,84997D,PINK 3 PIECE POLKADOT CUTLERY SET,1,2010-12-09 11:28:00,3.75,16782.0,United Kingdom
537963,84877D,BLUE ROUND COMPACT MIRROR,4,2010-12-09 11:30:00,3.75,13369.0,United Kingdom
537963,84876D,BLUE HEART COMPACT MIRROR,4,2010-12-09 11:30:00,3.75,13369.0,United Kingdom
537967,POST,POSTAGE,1,2010-12-09 11:31:00,18.0,12494.0,France
537995,POST,POSTAGE,2,2010-12-09 11:39:00,18.0,12712.0,Germany
538003,POST,POSTAGE,8,2010-12-09 12:05:00,18.0,12429.0,Denmark
538008,84997D,PINK 3 PIECE POLKADOT CUTLERY SET,6,2010-12-09 12:17:00,3.75,12683.0,France
538008,POST,POSTAGE,5,2010-12-09 12:17:00,18.0,12683.0,France
538035,47591D,PINK FAIRY CAKE CHILDRENS APRON,2,2010-12-09 13:03:00,1.95,16065.0,United Kingdom
538056,90036D,"FLOWER GLASS GARLAND NECKL.36""BLACK",1,2010-12-09 13:34:00,7.95,17198.0,United Kingdom
538053,79190D,RETRO PLASTIC DAISY TRAY,15,2010-12-09 13:34:00,0.42,15856.0,United Kingdom
538076,84997D,PINK 3 PIECE POLKADOT CUTLERY SET,1,2010-12-09 14:15:00,3.75,15311.0,United Kingdom
538093,85232D,SET/3 DECOUPAGE STACKING TINS,3,2010-12-09 14:49:00,4.95,12682.0,France
538093,POST,POSTAGE,5,2010-12-09 14:49:00,18.0,12682.0,France
538145,85032D,YULETIDE IMAGES GIFT WRAP SET,6,2010-12-09 16:08:00,2.1,15211.0,United Kingdom
538147,M,Manual,1,2010-12-09 16:11:00,15.0,13090.0,United Kingdom
538155,84849D,HOT BATHS SOAP HOLDER,1,2010-12-09 16:52:00,1.69,16907.0,United Kingdom
538156,17107D,"FLOWER FAIRY,5 SUMMER B'DRAW LINERS",10,2010-12-09 16:53:00,2.55,15555.0,United Kingdom
538167,47591D,PINK FAIRY CAKE CHILDRENS APRON,2,2010-12-09 18:58:00,1.95,14713.0,United Kingdom
538171,47591D,PINK FAIRY CAKE CHILDRENS APRON,1,2010-12-09 20:01:00,1.95,17530.0,United Kingdom
538175,POST,POSTAGE,21,2010-12-10 09:48:00,18.0,12471.0,Germany
538196,POST,POSTAGE,8,2010-12-10 10:56:00,18.0,12731.0,France
538198,17165D,ASS COL LARGE SAND FROG P'WEIGHT,6,2010-12-10 11:01:00,1.05,17827.0,United Kingdom
538206,90200D,PINK SWEETHEART BRACELET,2,2010-12-10 11:31:00,4.25,17827.0,United Kingdom
538206,90060D,FIRE POLISHED GLASS NECKL BRONZE,1,2010-12-10 11:31:00,5.95,17827.0,United Kingdom
538209,85049D,BRIGHT BLUES RIBBONS ,1,2010-12-10 11:42:00,1.25,12748.0,United Kingdom
538248,84849D,HOT BATHS SOAP HOLDER,1,2010-12-10 12:14:00,1.69,18116.0,United Kingdom
538248,47591D,PINK FAIRY CAKE CHILDRENS APRON,3,2010-12-10 12:14:00,1.95,18116.0,United Kingdom
538255,47591D,PINK FAIRY CAKE CHILDRENS APRON,8,2010-12-10 12:33:00,1.95,14911.0,EIRE
538255,17012D,ORIGAMI ROSE INCENSE/CANDLE SET ,6,2010-12-10 12:33:00,2.55,14911.0,EIRE
538312,17090D,VANILLA INCENSE 40 CONES IN TIN,1,2010-12-10 13:48:00,1.25,16727.0,United Kingdom
538311,POST,POSTAGE,2,2010-12-10 13:48:00,28.0,12785.0,Portugal
538353,90200D,PINK SWEETHEART BRACELET,3,2010-12-10 15:31:00,4.25,13798.0,United Kingdom
538367,85071D,CHARLIE+LOLA MY ROOM DOOR SIGN,2,2010-12-12 10:48:00,2.55,14800.0,United Kingdom
538368,84997D,PINK 3 PIECE POLKADOT CUTLERY SET,1,2010-12-12 10:57:00,3.75,15503.0,United Kingdom
538369,90200D,PINK SWEETHEART BRACELET,1,2010-12-12 11:06:00,4.25,17251.0,United Kingdom
538369,90003D,CRYSTAL PAIR HEART HAIR SLIDES,1,2010-12-12 11:06:00,3.75,17251.0,United Kingdom
538488,17107D,"FLOWER FAIRY,5 SUMMER B'DRAW LINERS",3,2010-12-12 12:41:00,2.55,13715.0,United Kingdom
538488,17165D,ASS COL LARGE SAND FROG P'WEIGHT,4,2010-12-12 12:41:00,1.05,13715.0,United Kingdom
538497,85185D,FROG SOCK PUPPET,1,2010-12-12 12:44:00,2.95,14684.0,United Kingdom
538511,90002D,FLOWER BURST SILVER RING CRYSTAL,1,2010-12-12 13:56:00,3.75,13959.0,United Kingdom
538518,90200D,PINK SWEETHEART BRACELET,6,2010-12-12 16:14:00,4.25,14505.0,United Kingdom
538518,90160D,PINK BOUDICCA LARGE BRACELET,2,2010-12-12 16:14:00,6.95,14505.0,United Kingdom
538525,POST,POSTAGE,5,2010-12-13 09:39:00,28.0,12540.0,Spain
538558,90120D,WHITE MURANO TWIST BRACELET,1,2010-12-13 10:58:00,4.25,13069.0,United Kingdom
538597,M,Manual,1,2010-12-13 12:26:00,1.25,15555.0,United Kingdom
538625,17165D,ASS COL LARGE SAND FROG P'WEIGHT,4,2010-12-13 12:50:00,1.05,14544.0,United Kingdom
538626,47591D,PINK FAIRY CAKE CHILDRENS APRON,4,2010-12-13 12:57:00,1.95,17338.0,United Kingdom
538635,85018D,YULETIDE IMAGES S/6 PAPER BOXES,1,2010-12-13 13:32:00,2.55,17303.0,United Kingdom
538635,84849D,HOT BATHS SOAP HOLDER,1,2010-12-13 13:32:00,1.69,17303.0,United Kingdom
538638,90162D,ANT SILVER PURPLE BOUDICCA RING,2,2010-12-13 14:16:00,2.95,17231.0,United Kingdom
538638,84849D,HOT BATHS SOAP HOLDER,1,2010-12-13 14:16:00,1.69,17231.0,United Kingdom
538639,84997D,PINK 3 PIECE POLKADOT CUTLERY SET,6,2010-12-13 14:24:00,3.75,17179.0,United Kingdom
538651,84997D,PINK 3 PIECE POLKADOT CUTLERY SET,4,2010-12-13 15:07:00,3.75,15311.0,United Kingdom
538652,84997D,PINK 3 PIECE POLKADOT CUTLERY SET,2,2010-12-13 15:12:00,3.75,17890.0,United Kingdom
538652,79190D,RETRO PLASTIC DAISY TRAY,6,2010-12-13 15:12:00,0.42,17890.0,United Kingdom
538656,90125D,PURPLE BERTIE GLASS BEAD BAG CHARM,1,2010-12-13 15:20:00,2.1,17371.0,United Kingdom
538662,85169D,PINK LOVE BIRD CANDLE,24,2010-12-13 15:44:00,0.42,15159.0,United Kingdom
538662,85170D,SET/6 PINK BIRD T-LIGHT CANDLES,24,2010-12-13 15:44:00,0.85,15159.0,United Kingdom
538662,90210D,PURPLE ACRYLIC FACETED BANGLE,12,2010-12-13 15:44:00,1.25,15159.0,United Kingdom
538685,POST,POSTAGE,1,2010-12-14 09:39:00,15.0,15694.0,United Kingdom
538689,47591D,PINK FAIRY CAKE CHILDRENS APRON,8,2010-12-14 09:52:00,1.95,13050.0,United Kingdom
538707,M,Manual,2,2010-12-14 10:38:00,0.21,17894.0,United Kingdom
538707,47591D,PINK FAIRY CAKE CHILDRENS APRON,1,2010-12-14 10:38:00,1.95,17894.0,United Kingdom
538714,85049D,BRIGHT BLUES RIBBONS ,4,2010-12-14 11:01:00,1.25,14524.0,United Kingdom
538714,84997D,PINK 3 PIECE POLKADOT CUTLERY SET,6,2010-12-14 11:01:00,3.75,14524.0,United Kingdom
538799,84997D,PINK 3 PIECE POLKADOT CUTLERY SET,2,2010-12-14 11:48:00,3.75,15039.0,United Kingdom
538807,M,Manual,4,2010-12-14 12:06:00,0.21,17194.0,United Kingdom
538807,M,Manual,1,2010-12-14 12:06:00,20.0,17194.0,United Kingdom
538807,85232D,SET/3 DECOUPAGE STACKING TINS,1,2010-12-14 12:06:00,4.95,17194.0,United Kingdom
538807,M,Manual,1,2010-12-14 12:06:00,5.0,17194.0,United Kingdom
538827,79302M,"ART LIGHTS,FUNK MONKEY",20,2010-12-14 12:59:00,2.55,14298.0,United Kingdom
538827,90125D,PURPLE BERTIE GLASS BEAD BAG CHARM,12,2010-12-14 12:59:00,0.85,14298.0,United Kingdom
538827,85170D,SET/6 PINK BIRD T-LIGHT CANDLES,12,2010-12-14 12:59:00,0.85,14298.0,United Kingdom
538839,90214M,"LETTER ""M"" BLING KEY RING",7,2010-12-14 13:10:00,1.25,14606.0,United Kingdom
538839,85129D,BEADED CRYSTAL HEART PINK SMALL,1,2010-12-14 13:10:00,1.25,14606.0,United Kingdom
538844,84997D,PINK 3 PIECE POLKADOT CUTLERY SET,20,2010-12-14 13:19:00,3.75,14680.0,United Kingdom
538849,84849D,HOT BATHS SOAP HOLDER,3,2010-12-14 13:31:00,1.69,14415.0,United Kingdom
538853,17165D,ASS COL LARGE SAND FROG P'WEIGHT,4,2010-12-14 13:35:00,1.05,16805.0,United Kingdom
538863,47591D,PINK FAIRY CAKE CHILDRENS APRON,2,2010-12-14 14:15:00,1.95,16919.0,United Kingdom
538866,79302M,"ART LIGHTS,FUNK MONKEY",1,2010-12-14 14:40:00,2.95,17841.0,United Kingdom
538866,47591D,PINK FAIRY CAKE CHILDRENS APRON,1,2010-12-14 14:40:00,1.95,17841.0,United Kingdom
538890,17013D,ORIGAMI ROSE INCENSE IN TUBE,3,2010-12-14 16:39:00,1.65,12867.0,United Kingdom
538895,90210D,PURPLE ACRYLIC FACETED BANGLE,12,2010-12-15 09:07:00,1.25,14401.0,United Kingdom
538895,82613D,METAL SIGN CUPCAKE SINGLE HOOK,20,2010-12-15 09:07:00,0.42,14401.0,United Kingdom
538917,90200D,PINK SWEETHEART BRACELET,6,2010-12-15 10:57:00,4.25,17449.0,United Kingdom
538917,90185D,CRYSTAL DIAMANTE EXPANDABLE RING,3,2010-12-15 10:57:00,4.25,17449.0,United Kingdom
538917,90161D,ANT COPPER PINK BOUDICCA BRACELET,3,2010-12-15 10:57:00,4.95,17449.0,United Kingdom
538992,84997D,PINK 3 PIECE POLKADOT CUTLERY SET,6,2010-12-15 11:56:00,3.75,15950.0,United Kingdom
538993,35471D,SET OF 3 BIRD LIGHT PINK FEATHER ,12,2010-12-15 12:01:00,1.25,15512.0,United Kingdom
539010,46000M,POLYESTER FILLER PAD 45x45cm,4,2010-12-15 13:24:00,1.55,15005.0,United Kingdom
539009,90060D,FIRE POLISHED GLASS NECKL BRONZE,1,2010-12-15 13:24:00,5.95,13221.0,United Kingdom
539009,84849D,HOT BATHS SOAP HOLDER,12,2010-12-15 13:24:00,1.69,13221.0,United Kingdom
539014,M,Manual,48,2010-12-15 13:37:00,0.32,17692.0,United Kingdom
539018,84849D,HOT BATHS SOAP HOLDER,12,2010-12-15 14:00:00,1.69,16134.0,United Kingdom
539019,17107D,"FLOWER FAIRY,5 SUMMER B'DRAW LINERS",4,2010-12-15 14:12:00,2.55,17551.0,United Kingdom
539034,47591D,PINK FAIRY CAKE CHILDRENS APRON,5,2010-12-15 14:29:00,1.95,16161.0,United Kingdom
539036,85170D,SET/6 PINK BIRD T-LIGHT CANDLES,12,2010-12-15 14:35:00,0.85,14913.0,United Kingdom
539038,82613D,METAL SIGN CUPCAKE SINGLE HOOK,20,2010-12-15 14:45:00,0.42,15641.0,United Kingdom
539039,79302M,"ART LIGHTS,FUNK MONKEY",3,2010-12-15 15:00:00,2.95,13124.0,United Kingdom
539040,72800D,4 BLUE DINNER CANDLES SILVER FLOCK,4,2010-12-15 15:14:00,2.55,17214.0,United Kingdom
539053,85130D,BEADED CRYSTAL HEART PINK LARGE,1,2010-12-15 16:32:00,1.65,16725.0,United Kingdom
539056,M,Manual,1,2010-12-15 16:38:00,1.45,16725.0,United Kingdom
539093,46000M,POLYESTER FILLER PAD 45x45cm,20,2010-12-16 10:10:00,1.55,15482.0,United Kingdom
539111,84877D,BLUE ROUND COMPACT MIRROR,24,2010-12-16 11:11:00,1.25,14414.0,United Kingdom
539181,85049D,BRIGHT BLUES RIBBONS ,1,2010-12-16 11:51:00,1.25,12748.0,United Kingdom
539196,79030D,"TUMBLER, BAROQUE",12,2010-12-16 12:09:00,1.65,18055.0,United Kingdom
539196,17107D,"FLOWER FAIRY,5 SUMMER B'DRAW LINERS",12,2010-12-16 12:09:00,2.55,18055.0,United Kingdom
539201,47591D,PINK FAIRY CAKE CHILDRENS APRON,8,2010-12-16 12:11:00,1.95,14878.0,United Kingdom
539215,85032D,YULETIDE IMAGES GIFT WRAP SET,1,2010-12-16 12:42:00,2.1,15574.0,United Kingdom
539240,85169D,PINK LOVE BIRD CANDLE,12,2010-12-16 13:15:00,1.25,15194.0,United Kingdom
539252,85170D,SET/6 PINK BIRD T-LIGHT CANDLES,12,2010-12-16 14:17:00,0.85,17744.0,United Kingdom
539281,85129D,BEADED CRYSTAL HEART PINK SMALL,12,2010-12-16 15:45:00,1.25,18176.0,United Kingdom
539294,72800D,4 BLUE DINNER CANDLES SILVER FLOCK,1,2010-12-16 16:45:00,2.55,15532.0,United Kingdom
539294,17012D,ORIGAMI ROSE INCENSE/CANDLE SET ,1,2010-12-16 16:45:00,2.55,15532.0,United Kingdom
539305,85049D,BRIGHT BLUES RIBBONS ,12,2010-12-16 17:37:00,1.25,14334.0,United Kingdom
539307,90210D,PURPLE ACRYLIC FACETED BANGLE,60,2010-12-16 17:43:00,1.25,13694.0,United Kingdom
539311,82613D,METAL SIGN CUPCAKE SINGLE HOOK,40,2010-12-16 17:53:00,0.42,14643.0,United Kingdom
539317,M,Manual,2,2010-12-16 19:04:00,3.0,17392.0,United Kingdom
539318,POST,POSTAGE,6,2010-12-16 19:09:00,40.0,12348.0,Finland
539319,84997D,PINK 3 PIECE POLKADOT CUTLERY SET,24,2010-12-16 19:10:00,3.75,12967.0,United Kingdom
539327,POST,POSTAGE,1,2010-12-17 09:24:00,18.0,12600.0,Germany
539330,POST,POSTAGE,3,2010-12-17 09:38:00,40.0,12370.0,Austria
539353,47591D,PINK FAIRY CAKE CHILDRENS APRON,8,2010-12-17 11:30:00,1.95,12782.0,Portugal
539353,POST,POSTAGE,3,2010-12-17 11:30:00,28.0,12782.0,Portugal
539391,POST,POSTAGE,2,2010-12-17 11:51:00,15.0,12417.0,Belgium
539395,POST,POSTAGE,11,2010-12-17 11:52:00,18.0,12471.0,Germany
539403,POST,POSTAGE,2,2010-12-17 12:21:00,18.0,12647.0,Germany
539405,POST,POSTAGE,6,2010-12-17 12:38:00,18.0,12621.0,Germany
539407,POST,POSTAGE,1,2010-12-17 12:56:00,18.0,12726.0,France
539408,POST,POSTAGE,3,2010-12-17 12:56:00,18.0,12720.0,Germany
539435,POST,POSTAGE,1,2010-12-17 14:46:00,18.0,12691.0,France
539446,POST,POSTAGE,9,2010-12-17 15:58:00,18.0,12705.0,Germany
539447,POST,POSTAGE,3,2010-12-17 16:00:00,18.0,12395.0,Belgium
539455,90177D,DROP DIAMANTE EARRINGS PURPLE,1,2010-12-17 17:17:00,2.95,12748.0,United Kingdom
539455,90082D,DIAMANTE BOW BROOCH BLACK COLOUR,1,2010-12-17 17:17:00,6.35,12748.0,United Kingdom
539456,90199D,5 STRAND GLASS NECKLACE AMBER,1,2010-12-17 17:23:00,6.35,16885.0,United Kingdom
539456,90185D,CRYSTAL DIAMANTE EXPANDABLE RING,2,2010-12-17 17:23:00,4.25,16885.0,United Kingdom
539456,84876D,BLUE HEART COMPACT MIRROR,1,2010-12-17 17:23:00,3.75,16885.0,United Kingdom
539466,82613D,METAL SIGN CUPCAKE SINGLE HOOK,20,2010-12-19 12:46:00,0.42,12668.0,Germany
539466,POST,POSTAGE,4,2010-12-19 12:46:00,18.0,12668.0,Germany
539469,84849D,HOT BATHS SOAP HOLDER,1,2010-12-19 13:59:00,1.69,17841.0,United Kingdom
539469,84997D,PINK 3 PIECE POLKADOT CUTLERY SET,1,2010-12-19 13:59:00,3.75,17841.0,United Kingdom
539470,84800M,MEDIUM WHITE/PINK ROSE ART FLOWER,1,2010-12-19 14:03:00,1.69,14472.0,United Kingdom
539477,35471D,SET OF 3 BIRD LIGHT PINK FEATHER ,12,2010-12-19 14:58:00,1.25,18245.0,United Kingdom
539491,POST,POSTAGE,1,2010-12-20 10:09:00,15.0,14646.0,Netherlands
539498,82613D,METAL SIGN CUPCAKE SINGLE HOOK,20,2010-12-20 10:48:00,0.42,15279.0,United Kingdom
539498,90027D,GLASS BEAD HOOP EARRINGS AMETHYST,4,2010-12-20 10:48:00,2.95,15279.0,United Kingdom
539551,POST,POSTAGE,1,2010-12-20 11:38:00,18.0,12721.0,France
539581,82613D,METAL SIGN CUPCAKE SINGLE HOOK,20,2010-12-20 12:51:00,0.42,16143.0,United Kingdom
539607,84997D,PINK 3 PIECE POLKADOT CUTLERY SET,6,2010-12-20 14:10:00,3.75,12681.0,France
539607,POST,POSTAGE,5,2010-12-20 14:10:00,18.0,12681.0,France
539609,85185D,FROG SOCK PUPPET,1,2010-12-20 14:15:00,2.95,15527.0,United Kingdom
539610,90214D,"LETTER ""D"" BLING KEY RING",1,2010-12-20 14:33:00,1.25,14606.0,United Kingdom
539636,POST,POSTAGE,6,2010-12-20 15:15:00,18.0,12481.0,Germany
539641,84849D,HOT BATHS SOAP HOLDER,1,2010-12-20 15:30:00,1.69,15311.0,United Kingdom
539653,82613D,METAL SIGN CUPCAKE SINGLE HOOK,20,2010-12-20 16:50:00,0.42,13564.0,United Kingdom
539676,85169D,PINK LOVE BIRD CANDLE,24,2010-12-21 10:54:00,0.42,12423.0,Belgium
539676,85170D,SET/6 PINK BIRD T-LIGHT CANDLES,12,2010-12-21 10:54:00,0.85,12423.0,Belgium
539676,POST,POSTAGE,3,2010-12-21 10:54:00,15.0,12423.0,Belgium
539727,POST,POSTAGE,1,2010-12-21 14:26:00,18.0,12678.0,France
539731,84926D,LA PALMIERA TILE COASTER,96,2010-12-21 15:05:00,0.42,14646.0,Netherlands
539731,84997D,PINK 3 PIECE POLKADOT CUTLERY SET,72,2010-12-21 15:05:00,3.39,14646.0,Netherlands
539752,POST,POSTAGE,3,2010-12-21 15:43:00,35.0,12515.0,Italy
539754,46000M,POLYESTER FILLER PAD 45x45cm,1,2010-12-21 16:06:00,1.55,12748.0,United Kingdom
539829,82613D,METAL SIGN CUPCAKE SINGLE HOOK,20,2010-12-22 12:47:00,0.42,12734.0,France
539836,85232D,SET/3 DECOUPAGE STACKING TINS,1,2010-12-22 13:46:00,4.95,17894.0,United Kingdom
539840,POST,POSTAGE,3,2010-12-22 14:28:00,15.0,12383.0,Belgium
539933,90003D,CRYSTAL PAIR HEART HAIR SLIDES,4,2010-12-23 11:24:00,3.75,15235.0,United Kingdom
539946,POST,POSTAGE,1,2010-12-23 11:46:00,18.0,13817.0,Germany
539953,85018D,YULETIDE IMAGES S/6 PAPER BOXES,1,2010-12-23 12:03:00,2.55,12748.0,United Kingdom
539957,POST,POSTAGE,6,2010-12-23 12:58:00,18.0,12585.0,Germany
539978,85170D,SET/6 PINK BIRD T-LIGHT CANDLES,12,2010-12-23 14:06:00,0.85,13165.0,United Kingdom
539978,17013D,ORIGAMI ROSE INCENSE IN TUBE,96,2010-12-23 14:06:00,0.42,13165.0,United Kingdom
539982,84997D,PINK 3 PIECE POLKADOT CUTLERY SET,4,2010-12-23 14:40:00,3.75,15311.0,United Kingdom
539988,82613D,METAL SIGN CUPCAKE SINGLE HOOK,1,2010-12-23 16:06:00,1.25,18116.0,United Kingdom
539988,M,Manual,18,2010-12-23 16:06:00,0.2,18116.0,United Kingdom
539988,84849D,HOT BATHS SOAP HOLDER,1,2010-12-23 16:06:00,1.69,18116.0,United Kingdom
540017,82613D,METAL SIGN CUPCAKE SINGLE HOOK,20,2011-01-04 11:48:00,0.42,13963.0,United Kingdom
540021,M,Manual,1,2011-01-04 12:51:00,1.25,17841.0,United Kingdom
540023,84997D,PINK 3 PIECE POLKADOT CUTLERY SET,2,2011-01-04 12:58:00,3.75,15039.0,United Kingdom
540027,82613D,METAL SIGN CUPCAKE SINGLE HOOK,20,2011-01-04 13:30:00,0.42,14210.0,United Kingdom
540027,84849D,HOT BATHS SOAP HOLDER,12,2011-01-04 13:30:00,1.69,14210.0,United Kingdom
540028,84968D,SET OF 16 VINTAGE RED CUTLERY,2,2011-01-04 13:38:00,12.75,14180.0,United Kingdom
540033,47591D,PINK FAIRY CAKE CHILDRENS APRON,25,2011-01-04 14:12:00,1.65,13680.0,United Kingdom
540033,84849D,HOT BATHS SOAP HOLDER,4,2011-01-04 14:12:00,1.69,13680.0,United Kingdom
540040,POST,POSTAGE,5,2011-01-04 14:20:00,40.0,12483.0,Sweden
540073,M,Manual,6,2011-01-04 14:47:00,1.65,16814.0,United Kingdom
540094,47591D,PINK FAIRY CAKE CHILDRENS APRON,2,2011-01-04 15:33:00,1.95,14221.0,United Kingdom
540098,47591D,PINK FAIRY CAKE CHILDRENS APRON,1,2011-01-04 15:50:00,1.95,16241.0,United Kingdom
540121,85170D,SET/6 PINK BIRD T-LIGHT CANDLES,12,2011-01-05 10:35:00,0.85,16145.0,United Kingdom
540122,84926D,LA PALMIERA TILE COASTER,96,2011-01-05 10:39:00,0.42,13694.0,United Kingdom
540149,84997D,PINK 3 PIECE POLKADOT CUTLERY SET,6,2011-01-05 11:00:00,3.75,12921.0,United Kingdom
540157,84997D,PINK 3 PIECE POLKADOT CUTLERY SET,7,2011-01-05 11:41:00,3.75,15311.0,United Kingdom
540168,17165D,ASS COL LARGE SAND FROG P'WEIGHT,6,2011-01-05 12:15:00,1.05,13715.0,United Kingdom
540172,84849D,HOT BATHS SOAP HOLDER,1,2011-01-05 12:29:00,1.69,18109.0,United Kingdom
540176,84997D,PINK 3 PIECE POLKADOT CUTLERY SET,72,2011-01-05 12:40:00,3.39,17511.0,United Kingdom
540178,POST,POSTAGE,3,2011-01-05 12:42:00,18.0,12681.0,France
540185,16169M,WRAP DAISY CARPET ,25,2011-01-05 13:40:00,0.42,14653.0,United Kingdom
540187,85185D,FROG SOCK PUPPET,6,2011-01-05 13:53:00,2.95,15358.0,United Kingdom
540239,POST,POSTAGE,4,2011-01-05 14:48:00,18.0,12682.0,France
540242,M,Manual,1,2011-01-05 15:30:00,18.95,15046.0,United Kingdom
540259,82613D,METAL SIGN CUPCAKE SINGLE HOOK,20,2011-01-06 09:00:00,0.42,18226.0,United Kingdom
540262,47591D,PINK FAIRY CAKE CHILDRENS APRON,147,2011-01-06 10:01:00,1.65,14045.0,United Kingdom
540275,84997D,PINK 3 PIECE POLKADOT CUTLERY SET,24,2011-01-06 12:11:00,3.75,13680.0,United Kingdom
540276,84997D,PINK 3 PIECE POLKADOT CUTLERY SET,24,2011-01-06 12:16:00,3.75,14680.0,United Kingdom
540278,M,Manual,1,2011-01-06 12:31:00,1.65,15719.0,United Kingdom
540351,POST,POSTAGE,2,2011-01-06 14:26:00,18.0,12735.0,France
540364,85232D,SET/3 DECOUPAGE STACKING TINS,1,2011-01-06 16:03:00,4.95,14505.0,United Kingdom
540364,84849D,HOT BATHS SOAP HOLDER,1,2011-01-06 16:03:00,1.69,14505.0,United Kingdom
540365,POST,POSTAGE,3,2011-01-06 16:12:00,18.0,12413.0,France
540397,84849D,HOT BATHS SOAP HOLDER,1,2011-01-06 18:57:00,1.69,13187.0,United Kingdom
540410,POST,POSTAGE,3,2011-01-07 10:04:00,18.0,12530.0,Germany
540414,POST,POSTAGE,3,2011-01-07 10:32:00,18.0,12481.0,Germany
540455,POST,POSTAGE,3,2011-01-07 12:07:00,18.0,12583.0,France
540458,84997D,PINK 3 PIECE POLKADOT CUTLERY SET,6,2011-01-07 12:28:00,3.75,12501.0,Germany
540458,POST,POSTAGE,8,2011-01-07 12:28:00,18.0,12501.0,Germany
540463,POST,POSTAGE,2,2011-01-07 13:13:00,18.0,12489.0,France
540469,POST,POSTAGE,4,2011-01-07 14:04:00,28.0,12484.0,Spain
540473,84997D,PINK 3 PIECE POLKADOT CUTLERY SET,2,2011-01-07 14:31:00,3.75,17284.0,United Kingdom
540480,POST,POSTAGE,4,2011-01-07 15:27:00,18.0,12480.0,Germany
540501,82613D,METAL SIGN CUPCAKE SINGLE HOOK,20,2011-01-09 10:43:00,0.42,13162.0,United Kingdom
540512,84849D,HOT BATHS SOAP HOLDER,1,2011-01-09 11:39:00,1.69,17114.0,United Kingdom
540519,POST,POSTAGE,2,2011-01-09 12:12:00,28.0,12793.0,Portugal
540520,17165D,ASS COL LARGE SAND FROG P'WEIGHT,2,2011-01-09 12:31:00,1.05,17555.0,United Kingdom
540523,84569D,PACK 6 HEART/ICE-CREAM PATCHES,5,2011-01-09 12:51:00,1.25,13069.0,United Kingdom
540523,82613D,METAL SIGN CUPCAKE SINGLE HOOK,20,2011-01-09 12:51:00,0.42,13069.0,United Kingdom
540524,85071D,CHARLIE+LOLA MY ROOM DOOR SIGN,1,2011-01-09 12:53:00,2.55,16735.0,United Kingdom
540524,85071D,CHARLIE+LOLA MY ROOM DOOR SIGN,4,2011-01-09 12:53:00,2.55,16735.0,United Kingdom
540543,84849D,HOT BATHS SOAP HOLDER,3,2011-01-09 15:23:00,1.69,14395.0,United Kingdom
540546,POST,POSTAGE,3,2011-01-09 15:56:00,28.0,12766.0,Portugal
540550,85232D,SET/3 DECOUPAGE STACKING TINS,3,2011-01-10 09:11:00,4.95,12539.0,Spain
540552,82613D,METAL SIGN CUPCAKE SINGLE HOOK,20,2011-01-10 09:44:00,0.42,16350.0,United Kingdom
540553,POST,POSTAGE,1,2011-01-10 09:48:00,18.0,12500.0,Germany
540562,POST,POSTAGE,3,2011-01-10 10:35:00,18.0,12524.0,Germany
540566,M,Manual,1,2011-01-10 10:58:00,6.7,17811.0,United Kingdom
540566,84569D,PACK 6 HEART/ICE-CREAM PATCHES,2,2011-01-10 10:58:00,1.25,17811.0,United Kingdom
540568,82613D,METAL SIGN CUPCAKE SINGLE HOOK,20,2011-01-10 11:22:00,0.42,15039.0,United Kingdom
540595,85049D,BRIGHT BLUES RIBBONS ,12,2011-01-10 11:35:00,1.25,14321.0,United Kingdom
540604,16169M,WRAP DAISY CARPET ,25,2011-01-10 11:38:00,0.42,15326.0,United Kingdom
540642,85049D,BRIGHT BLUES RIBBONS ,12,2011-01-10 13:22:00,1.25,12681.0,France
540642,POST,POSTAGE,7,2011-01-10 13:22:00,18.0,12681.0,France
540647,35471D,SET OF 3 BIRD LIGHT PINK FEATHER ,2,2011-01-10 14:57:00,1.25,17406.0,United Kingdom
540672,84968D,SET OF 16 VINTAGE RED CUTLERY,1,2011-01-10 15:51:00,12.75,15281.0,United Kingdom
540680,84997D,PINK 3 PIECE POLKADOT CUTLERY SET,4,2011-01-10 16:24:00,3.75,15311.0,United Kingdom
540688,POST,POSTAGE,5,2011-01-11 07:57:00,18.0,12736.0,France
540769,POST,POSTAGE,1,2011-01-11 10:38:00,18.0,12601.0,Germany
540770,79302M,"ART LIGHTS,FUNK MONKEY",6,2011-01-11 10:40:00,2.95,13468.0,United Kingdom
540785,84997D,PINK 3 PIECE POLKADOT CUTLERY SET,360,2011-01-11 11:39:00,3.39,12557.0,Spain
540789,POST,POSTAGE,2,2011-01-11 11:48:00,18.0,12643.0,France
540801,POST,POSTAGE,6,2011-01-11 12:25:00,28.0,12540.0,Spain
540803,85049D,BRIGHT BLUES RIBBONS ,1,2011-01-11 12:30:00,1.25,14669.0,United Kingdom
540824,POST,POSTAGE,2,2011-01-11 13:31:00,18.0,12728.0,France
540835,POST,POSTAGE,1,2011-01-11 15:00:00,18.0,12724.0,France
540839,M,Manual,1,2011-01-11 15:42:00,12.75,16791.0,United Kingdom
540900,POST,POSTAGE,2,2011-01-12 11:46:00,18.0,12712.0,Germany
540907,84997D,PINK 3 PIECE POLKADOT CUTLERY SET,6,2011-01-12 11:52:00,3.75,13488.0,United Kingdom
540947,85170D,SET/6 PINK BIRD T-LIGHT CANDLES,24,2011-01-12 12:43:00,1.69,15939.0,United Kingdom
540947,85169D,PINK LOVE BIRD CANDLE,72,2011-01-12 12:43:00,1.06,15939.0,United Kingdom
540946,82613D,METAL SIGN CUPCAKE SINGLE HOOK,20,2011-01-12 12:43:00,0.42,12359.0,Cyprus
540953,84997D,PINK 3 PIECE POLKADOT CUTLERY SET,1,2011-01-12 13:16:00,3.75,14587.0,United Kingdom
540954,85129D,BEADED CRYSTAL HEART PINK SMALL,6,2011-01-12 13:19:00,1.25,14606.0,United Kingdom
540968,85129D,BEADED CRYSTAL HEART PINK SMALL,13,2011-01-12 13:40:00,1.25,17338.0,United Kingdom
540971,POST,POSTAGE,4,2011-01-12 14:10:00,15.0,12383.0,Belgium
540972,POST,POSTAGE,3,2011-01-12 14:13:00,18.0,12437.0,France
540976,POST,POSTAGE,7,2011-01-12 15:00:00,18.0,12652.0,France
540980,17165D,ASS COL LARGE SAND FROG P'WEIGHT,1,2011-01-12 15:22:00,1.05,14514.0,United Kingdom
541005,85130D,BEADED CRYSTAL HEART PINK LARGE,3,2011-01-13 10:39:00,1.65,16161.0,United Kingdom
541012,84997D,PINK 3 PIECE POLKADOT CUTLERY SET,5,2011-01-13 11:48:00,3.75,17019.0,United Kingdom
541014,46000M,POLYESTER FILLER PAD 45x45cm,2,2011-01-13 11:54:00,1.55,14085.0,United Kingdom
541018,84997D,PINK 3 PIECE POLKADOT CUTLERY SET,1,2011-01-13 12:03:00,3.75,14978.0,United Kingdom
541038,16168M,FUNKY MONKEY GIFT BAG MEDIUM,6,2011-01-13 12:10:00,0.42,16395.0,United Kingdom
541038,84997D,PINK 3 PIECE POLKADOT CUTLERY SET,3,2011-01-13 12:10:00,3.75,16395.0,United Kingdom
541086,84997D,PINK 3 PIECE POLKADOT CUTLERY SET,6,2011-01-13 12:32:00,3.75,16503.0,United Kingdom
541093,POST,POSTAGE,5,2011-01-13 13:21:00,18.0,12471.0,Germany
541115,POST,POSTAGE,7,2011-01-13 15:34:00,28.0,12578.0,Italy
541120,POST,POSTAGE,5,2011-01-14 09:13:00,18.0,12490.0,France
541122,84968D,SET OF 16 VINTAGE RED CUTLERY,1,2011-01-14 09:23:00,12.75,12708.0,Germany
541122,POST,POSTAGE,2,2011-01-14 09:23:00,18.0,12708.0,Germany
541125,POST,POSTAGE,1,2011-01-14 10:06:00,18.0,12474.0,Germany
541134,84997D,PINK 3 PIECE POLKADOT CUTLERY SET,6,2011-01-14 10:20:00,3.75,15615.0,United Kingdom
541138,84997D,PINK 3 PIECE POLKADOT CUTLERY SET,6,2011-01-14 10:42:00,3.75,12553.0,France
541138,POST,POSTAGE,6,2011-01-14 10:42:00,18.0,12553.0,France
541202,84997D,PINK 3 PIECE POLKADOT CUTLERY SET,6,2011-01-14 12:09:00,3.75,17581.0,United Kingdom
541204,85130D,BEADED CRYSTAL HEART PINK LARGE,12,2011-01-14 12:22:00,1.65,14175.0,United Kingdom
541213,84997D,PINK 3 PIECE POLKADOT CUTLERY SET,1,2011-01-14 13:28:00,3.75,15033.0,United Kingdom
541223,85018D,YULETIDE IMAGES S/6 PAPER BOXES,1,2011-01-14 14:39:00,2.55,17954.0,United Kingdom
541223,17107D,"FLOWER FAIRY,5 SUMMER B'DRAW LINERS",6,2011-01-14 14:39:00,2.55,17954.0,United Kingdom
541224,POST,POSTAGE,1,2011-01-14 14:45:00,18.0,12474.0,Germany
541240,85131D,BEADED CRYSTAL HEART PINK ON STICK,3,2011-01-16 11:07:00,1.25,16206.0,United Kingdom
541253,84849D,HOT BATHS SOAP HOLDER,1,2011-01-16 13:51:00,1.69,17841.0,United Kingdom
541258,85130D,BEADED CRYSTAL HEART PINK LARGE,2,2011-01-16 15:30:00,1.65,13634.0,United Kingdom
541258,85130D,BEADED CRYSTAL HEART PINK LARGE,4,2011-01-16 15:30:00,1.65,13634.0,United Kingdom
541265,M,Manual,2,2011-01-16 16:23:00,1.25,17609.0,United Kingdom
541267,82613D,METAL SIGN CUPCAKE SINGLE HOOK,20,2011-01-17 10:37:00,0.42,12779.0,Poland
541269,POST,POSTAGE,8,2011-01-17 11:01:00,18.0,12626.0,Germany
541274,84997D,PINK 3 PIECE POLKADOT CUTLERY SET,6,2011-01-17 11:24:00,3.75,15696.0,United Kingdom
541280,17012D,ORIGAMI ROSE INCENSE/CANDLE SET ,6,2011-01-17 11:57:00,2.55,15296.0,United Kingdom
541280,17013D,ORIGAMI ROSE INCENSE IN TUBE,12,2011-01-17 11:57:00,1.65,15296.0,United Kingdom
541280,85232D,SET/3 DECOUPAGE STACKING TINS,3,2011-01-17 11:57:00,4.95,15296.0,United Kingdom
541289,85129D,BEADED CRYSTAL HEART PINK SMALL,1,2011-01-17 13:23:00,1.25,14606.0,United Kingdom
541293,84997D,PINK 3 PIECE POLKADOT CUTLERY SET,1,2011-01-17 13:39:00,3.75,15311.0,United Kingdom
541405,POST,POSTAGE,5,2011-01-17 15:17:00,18.0,12683.0,France
541410,15044D,RED PAPER PARASOL,6,2011-01-17 16:06:00,2.95,13089.0,United Kingdom
541430,84569D,PACK 6 HEART/ICE-CREAM PATCHES,24,2011-01-18 09:50:00,1.25,12356.0,Portugal
541430,POST,POSTAGE,18,2011-01-18 09:50:00,18.0,12356.0,Portugal
541480,16168M,FUNKY MONKEY GIFT BAG MEDIUM,24,2011-01-18 12:05:00,0.42,12527.0,Germany
541480,POST,POSTAGE,1,2011-01-18 12:05:00,18.0,12527.0,Germany
541485,M,Manual,12,2011-01-18 13:05:00,0.2,18118.0,United Kingdom
541486,84849D,HOT BATHS SOAP HOLDER,2,2011-01-18 13:15:00,1.69,18109.0,United Kingdom
541491,15044D,RED PAPER PARASOL,6,2011-01-18 14:04:00,2.95,12510.0,Spain
541491,POST,POSTAGE,3,2011-01-18 14:04:00,28.0,12510.0,Spain
541505,BANK CHARGES,Bank Charges,1,2011-01-18 15:58:00,15.0,15939.0,United Kingdom
541517,POST,POSTAGE,1,2011-01-19 08:34:00,18.0,12665.0,Germany
541518,85049D,BRIGHT BLUES RIBBONS ,36,2011-01-19 09:05:00,1.25,12451.0,Switzerland
541518,82613D,METAL SIGN CUPCAKE SINGLE HOOK,20,2011-01-19 09:05:00,0.42,12451.0,Switzerland
541564,M,Manual,10,2011-01-19 11:38:00,0.38,16904.0,United Kingdom
541564,84849D,HOT BATHS SOAP HOLDER,4,2011-01-19 11:38:00,1.69,16904.0,United Kingdom
541567,POST,POSTAGE,3,2011-01-19 11:51:00,18.0,12681.0,France
541569,POST,POSTAGE,3,2011-01-19 12:14:00,40.0,13520.0,Switzerland
541575,84997D,PINK 3 PIECE POLKADOT CUTLERY SET,4,2011-01-19 13:21:00,3.75,15311.0,United Kingdom
541587,84849D,HOT BATHS SOAP HOLDER,1,2011-01-19 14:39:00,1.69,17841.0,United Kingdom
541593,85169D,PINK LOVE BIRD CANDLE,2,2011-01-19 15:20:00,1.25,17611.0,United Kingdom
541595,85170D,SET/6 PINK BIRD T-LIGHT CANDLES,1,2011-01-19 16:08:00,2.1,14606.0,United Kingdom
541597,46000M,POLYESTER FILLER PAD 45x45cm,10,2011-01-19 16:19:00,1.55,14031.0,United Kingdom
541604,85232D,SET/3 DECOUPAGE STACKING TINS,1,2011-01-19 17:23:00,4.95,14572.0,United Kingdom
541631,84927D,LA PALMIERA TILE HOOK,6,2011-01-20 10:47:00,2.1,12637.0,France
541631,POST,POSTAGE,6,2011-01-20 10:48:00,18.0,12637.0,France
541658,M,Manual,1,2011-01-20 12:16:00,2.55,15529.0,United Kingdom
541664,84997D,PINK 3 PIECE POLKADOT CUTLERY SET,24,2011-01-20 12:23:00,3.75,17862.0,United Kingdom
541669,85129D,BEADED CRYSTAL HEART PINK SMALL,12,2011-01-20 12:29:00,1.25,17315.0,United Kingdom
541675,POST,POSTAGE,2,2011-01-20 13:49:00,15.0,12402.0,Belgium
541684,84849D,HOT BATHS SOAP HOLDER,12,2011-01-20 15:22:00,1.69,15498.0,United Kingdom
541700,46000M,POLYESTER FILLER PAD 45x45cm,1,2011-01-21 09:06:00,1.55,15174.0,United Kingdom
541703,POST,POSTAGE,2,2011-01-21 09:52:00,28.0,12594.0,Italy
541712,85049D,BRIGHT BLUES RIBBONS ,1,2011-01-21 11:19:00,1.25,17890.0,United Kingdom
541756,84997D,PINK 3 PIECE POLKADOT CUTLERY SET,72,2011-01-21 11:42:00,3.39,12664.0,Finland
541756,POST,POSTAGE,2,2011-01-21 11:42:00,40.0,12664.0,Finland
541794,84997D,PINK 3 PIECE POLKADOT CUTLERY SET,4,2011-01-21 13:21:00,3.75,17238.0,United Kingdom
541808,M,Manual,1,2011-01-21 14:51:00,10.0,16210.0,United Kingdom
541816,84800M,MEDIUM WHITE/PINK ROSE ART FLOWER,6,2011-01-21 15:57:00,1.69,17799.0,United Kingdom
541842,85049D,BRIGHT BLUES RIBBONS ,2,2011-01-23 12:07:00,1.25,16085.0,United Kingdom
541844,85169D,PINK LOVE BIRD CANDLE,3,2011-01-23 12:19:00,1.25,16931.0,United Kingdom
541845,84876D,BLUE HEART COMPACT MIRROR,1,2011-01-23 12:41:00,3.75,15167.0,United Kingdom
541848,79191D,RETRO PLASTIC DAISY TRAY,1,2011-01-23 13:31:00,0.85,17611.0,United Kingdom
541848,79302M,"ART LIGHTS,FUNK MONKEY",1,2011-01-23 13:31:00,2.95,17611.0,United Kingdom
541848,79302M,"ART LIGHTS,FUNK MONKEY",2,2011-01-23 13:31:00,2.95,17611.0,United Kingdom
541849,82613D,METAL SIGN CUPCAKE SINGLE HOOK,1,2011-01-23 13:34:00,1.25,13230.0,United Kingdom
541851,84849D,HOT BATHS SOAP HOLDER,1,2011-01-23 14:20:00,1.69,17841.0,United Kingdom
541851,15044D,RED PAPER PARASOL,2,2011-01-23 14:20:00,2.95,17841.0,United Kingdom
541854,84997D,PINK 3 PIECE POLKADOT CUTLERY SET,1,2011-01-23 14:58:00,3.75,18283.0,United Kingdom
541857,POST,POSTAGE,6,2011-01-23 15:17:00,18.0,12727.0,France
541877,POST,POSTAGE,2,2011-01-24 10:12:00,18.0,12559.0,Germany
541916,84997D,PINK 3 PIECE POLKADOT CUTLERY SET,4,2011-01-24 11:34:00,3.75,17861.0,United Kingdom
541950,90003D,CRYSTAL PAIR HEART HAIR SLIDES,4,2011-01-24 12:13:00,3.75,15498.0,United Kingdom
541962,POST,POSTAGE,2,2011-01-24 12:58:00,18.0,12693.0,Germany
541963,46775D,SUNSET COLOUR CHUNKY KNITTED THROW,3,2011-01-24 13:06:00,16.95,17799.0,United Kingdom
541965,POST,POSTAGE,7,2011-01-24 13:27:00,18.0,12625.0,Germany
541980,POST,POSTAGE,1,2011-01-24 15:09:00,28.0,12421.0,Spain
541983,M,Manual,1,2011-01-24 15:47:00,15.0,15797.0,United Kingdom
541989,84800M,MEDIUM WHITE/PINK ROSE ART FLOWER,24,2011-01-25 08:21:00,1.27,13615.0,United Kingdom
541991,POST,POSTAGE,2,2011-01-25 09:11:00,15.0,12417.0,Belgium
541995,84997D,PINK 3 PIECE POLKADOT CUTLERY SET,6,2011-01-25 09:58:00,3.75,13158.0,United Kingdom
541997,85049D,BRIGHT BLUES RIBBONS ,6,2011-01-25 10:38:00,1.25,18077.0,United Kingdom
541998,POST,POSTAGE,1,2011-01-25 10:42:00,40.0,12348.0,Finland
542001,90125D,PURPLE BERTIE GLASS BEAD BAG CHARM,12,2011-01-25 10:56:00,0.85,14298.0,United Kingdom
542003,84997D,PINK 3 PIECE POLKADOT CUTLERY SET,72,2011-01-25 11:07:00,3.39,15311.0,United Kingdom
542058,17013D,ORIGAMI ROSE INCENSE IN TUBE,96,2011-01-25 11:59:00,0.42,15601.0,United Kingdom
542058,85170D,SET/6 PINK BIRD T-LIGHT CANDLES,12,2011-01-25 11:59:00,0.85,15601.0,United Kingdom
542080,84997D,PINK 3 PIECE POLKADOT CUTLERY SET,6,2011-01-25 12:16:00,3.75,13815.0,Germany
542080,POST,POSTAGE,5,2011-01-25 12:16:00,18.0,13815.0,Germany
542085,47310M,"SMALL POP BOX,FUNKY MONKEY",2,2011-01-25 12:33:00,1.25,14534.0,United Kingdom
542128,POST,POSTAGE,2,2011-01-25 15:13:00,18.0,12609.0,Germany
542130,46000M,POLYESTER FILLER PAD 45x45cm,2,2011-01-25 15:36:00,1.55,13468.0,United Kingdom
542132,POST,POSTAGE,2,2011-01-25 15:59:00,18.0,12691.0,France
542142,15044D,RED PAPER PARASOL,18,2011-01-26 09:04:00,2.95,12971.0,United Kingdom
542147,POST,POSTAGE,4,2011-01-26 10:02:00,28.0,12782.0,Portugal
542215,85049D,BRIGHT BLUES RIBBONS ,12,2011-01-26 12:27:00,1.25,12472.0,Germany
542215,POST,POSTAGE,3,2011-01-26 12:27:00,18.0,12472.0,Germany
542216,85232D,SET/3 DECOUPAGE STACKING TINS,3,2011-01-26 12:29:00,4.95,14911.0,EIRE
542217,85129D,BEADED CRYSTAL HEART PINK SMALL,1,2011-01-26 12:36:00,1.25,14606.0,United Kingdom
542224,17012D,ORIGAMI ROSE INCENSE/CANDLE SET ,1,2011-01-26 12:45:00,2.55,17888.0,United Kingdom
542226,84997D,PINK 3 PIECE POLKADOT CUTLERY SET,2,2011-01-26 13:20:00,3.75,17075.0,United Kingdom
542226,72800D,4 BLUE DINNER CANDLES SILVER FLOCK,2,2011-01-26 13:20:00,2.55,17075.0,United Kingdom
542229,POST,POSTAGE,1,2011-01-26 13:38:00,18.0,12474.0,Germany
542236,85049D,BRIGHT BLUES RIBBONS ,2,2011-01-26 14:19:00,1.25,17027.0,United Kingdom
542238,POST,POSTAGE,3,2011-01-26 14:35:00,28.0,12591.0,Italy
542241,84997D,PINK 3 PIECE POLKADOT CUTLERY SET,4,2011-01-26 14:51:00,3.75,16409.0,United Kingdom
542268,85049D,BRIGHT BLUES RIBBONS ,12,2011-01-27 08:30:00,1.25,15358.0,United Kingdom
542303,85232D,SET/3 DECOUPAGE STACKING TINS,3,2011-01-27 11:05:00,4.95,12539.0,Spain
542345,85129D,BEADED CRYSTAL HEART PINK SMALL,3,2011-01-27 11:55:00,1.25,15910.0,United Kingdom
542369,POST,POSTAGE,1,2011-01-27 13:08:00,18.0,12645.0,Germany
542371,POST,POSTAGE,2,2011-01-27 13:29:00,18.0,12468.0,Germany
542375,POST,POSTAGE,2,2011-01-27 13:42:00,18.0,12626.0,Germany
542398,M,Manual,1,2011-01-27 15:36:00,4.0,13174.0,United Kingdom
542398,84800M,MEDIUM WHITE/PINK ROSE ART FLOWER,12,2011-01-27 15:36:00,1.69,13174.0,United Kingdom
542398,90123D,WHITE HEART OF GLASS BRACELET,1,2011-01-27 15:36:00,5.95,13174.0,United Kingdom
542399,85049D,BRIGHT BLUES RIBBONS ,1,2011-01-27 15:38:00,1.25,15549.0,United Kingdom
542408,84997D,PINK 3 PIECE POLKADOT CUTLERY SET,4,2011-01-27 16:29:00,3.75,13280.0,United Kingdom
542425,POST,POSTAGE,2,2011-01-28 09:20:00,18.0,12574.0,France
542433,POST,POSTAGE,2,2011-01-28 10:45:00,18.0,12726.0,France
542503,85130D,BEADED CRYSTAL HEART PINK LARGE,12,2011-01-28 11:58:00,1.65,16327.0,United Kingdom
542526,84997D,PINK 3 PIECE POLKADOT CUTLERY SET,6,2011-01-28 12:43:00,3.75,14659.0,United Kingdom
542535,POST,POSTAGE,3,2011-01-28 13:37:00,18.0,12735.0,France
542586,84997D,PINK 3 PIECE POLKADOT CUTLERY SET,6,2011-01-28 15:45:00,3.75,12377.0,Switzerland
542586,POST,POSTAGE,2,2011-01-28 15:45:00,40.0,12377.0,Switzerland
542601,84849D,HOT BATHS SOAP HOLDER,2,2011-01-30 11:52:00,1.69,16897.0,United Kingdom
542612,84997D,PINK 3 PIECE POLKADOT CUTLERY SET,1,2011-01-30 14:19:00,3.75,17841.0,United Kingdom
542617,84997D,PINK 3 PIECE POLKADOT CUTLERY SET,3,2011-01-30 15:48:00,3.75,17463.0,United Kingdom
542621,POST,POSTAGE,3,2011-01-31 09:05:00,18.0,12528.0,Germany
542626,POST,POSTAGE,2,2011-01-31 09:51:00,18.0,12720.0,Germany
542646,84997D,PINK 3 PIECE POLKADOT CUTLERY SET,2,2011-01-31 11:42:00,3.75,17220.0,United Kingdom
542648,POST,POSTAGE,5,2011-01-31 11:46:00,18.0,12476.0,Germany
542678,84849D,HOT BATHS SOAP HOLDER,3,2011-01-31 12:21:00,1.69,14688.0,United Kingdom
542678,47310M,"SMALL POP BOX,FUNKY MONKEY",4,2011-01-31 12:21:00,1.25,14688.0,United Kingdom
542711,85049D,BRIGHT BLUES RIBBONS ,1,2011-01-31 13:19:00,1.25,17894.0,United Kingdom
542711,85232D,SET/3 DECOUPAGE STACKING TINS,1,2011-01-31 13:19:00,4.95,17894.0,United Kingdom
542713,POST,POSTAGE,7,2011-01-31 13:27:00,18.0,12668.0,Germany
542717,M,Manual,1,2011-01-31 14:07:00,2.95,17580.0,United Kingdom
542720,POST,POSTAGE,1,2011-01-31 14:35:00,15.0,12778.0,Netherlands
542735,POST,POSTAGE,3,2011-01-31 15:36:00,18.0,12681.0,France
542776,17013D,ORIGAMI ROSE INCENSE IN TUBE,96,2011-02-01 08:23:00,0.42,15240.0,United Kingdom
542782,POST,POSTAGE,2,2011-02-01 10:00:00,18.0,12712.0,Germany
542797,84997D,PINK 3 PIECE POLKADOT CUTLERY SET,1,2011-02-01 11:08:00,3.75,17884.0,United Kingdom
542858,84997D,PINK 3 PIECE POLKADOT CUTLERY SET,6,2011-02-01 11:40:00,3.75,17228.0,United Kingdom
542863,15044D,RED PAPER PARASOL,6,2011-02-01 11:58:00,2.95,13494.0,United Kingdom
542869,85232D,SET/3 DECOUPAGE STACKING TINS,3,2011-02-01 12:27:00,4.95,17035.0,United Kingdom
542869,79191D,RETRO PLASTIC DAISY TRAY,12,2011-02-01 12:27:00,0.85,17035.0,United Kingdom
542881,84997D,PINK 3 PIECE POLKADOT CUTLERY SET,2,2011-02-01 12:54:00,3.75,14587.0,United Kingdom
542887,POST,POSTAGE,1,2011-02-01 13:10:00,40.0,12373.0,Austria
542890,84849D,HOT BATHS SOAP HOLDER,2,2011-02-01 13:25:00,1.69,15311.0,United Kingdom
542894,POST,POSTAGE,2,2011-02-01 13:45:00,15.0,12775.0,Netherlands
542899,84997D,PINK 3 PIECE POLKADOT CUTLERY SET,2,2011-02-01 14:12:00,3.75,17376.0,United Kingdom
542904,POST,POSTAGE,3,2011-02-01 14:58:00,18.0,12682.0,France
542905,POST,POSTAGE,1,2011-02-01 15:11:00,28.0,12540.0,Spain
542911,POST,POSTAGE,1,2011-02-01 15:41:00,40.0,12676.0,Sweden
542922,POST,POSTAGE,2,2011-02-02 09:06:00,18.0,12682.0,France
543001,85129D,BEADED CRYSTAL HEART PINK SMALL,12,2011-02-02 12:26:00,1.25,14127.0,United Kingdom
543001,85130D,BEADED CRYSTAL HEART PINK LARGE,12,2011-02-02 12:26:00,1.65,14127.0,United Kingdom
543006,84997D,PINK 3 PIECE POLKADOT CUTLERY SET,1,2011-02-02 12:53:00,3.75,17975.0,United Kingdom
543008,84997D,PINK 3 PIECE POLKADOT CUTLERY SET,12,2011-02-02 13:07:00,3.75,13824.0,United Kingdom
543017,M,Manual,1,2011-02-02 14:17:00,15.0,13199.0,United Kingdom
543020,85129D,BEADED CRYSTAL HEART PINK SMALL,4,2011-02-02 14:29:00,1.25,15005.0,United Kingdom
543027,POST,POSTAGE,1,2011-02-02 14:51:00,40.0,12414.0,Austria
543030,POST,POSTAGE,1,2011-02-02 15:22:00,18.0,12437.0,France
543036,46000M,POLYESTER FILLER PAD 45x45cm,2,2011-02-02 15:57:00,1.55,17223.0,United Kingdom
543037,POST,POSTAGE,1,2011-02-02 16:01:00,40.0,12350.0,Norway
543040,84849D,HOT BATHS SOAP HOLDER,1,2011-02-02 17:06:00,1.69,17337.0,United Kingdom
543040,85071D,CHARLIE+LOLA MY ROOM DOOR SIGN,1,2011-02-02 17:06:00,2.55,17337.0,United Kingdom
543048,POST,POSTAGE,3,2011-02-03 09:58:00,18.0,12600.0,Germany
543055,POST,POSTAGE,4,2011-02-03 10:41:00,28.0,12502.0,Spain
543056,POST,POSTAGE,6,2011-02-03 10:47:00,18.0,12471.0,Germany
543096,85049D,BRIGHT BLUES RIBBONS ,1,2011-02-03 11:39:00,1.25,14044.0,United Kingdom
543117,POST,POSTAGE,3,2011-02-03 13:30:00,15.0,12464.0,Belgium
543121,POST,POSTAGE,2,2011-02-03 13:58:00,18.0,12662.0,Germany
543131,84997D,PINK 3 PIECE POLKADOT CUTLERY SET,6,2011-02-03 15:23:00,3.75,13539.0,United Kingdom
543134,M,Manual,1,2011-02-03 15:28:00,15.0,15885.0,United Kingdom
543161,47591D,PINK FAIRY CAKE CHILDRENS APRON,8,2011-02-03 17:01:00,1.95,14497.0,United Kingdom
543174,84997D,PINK 3 PIECE POLKADOT CUTLERY SET,6,2011-02-04 09:34:00,3.75,16938.0,United Kingdom
543180,POST,POSTAGE,4,2011-02-04 10:38:00,40.0,12410.0,Switzerland
543188,85049D,BRIGHT BLUES RIBBONS ,12,2011-02-04 11:45:00,1.25,12567.0,France
543188,POST,POSTAGE,6,2011-02-04 11:45:00,18.0,12567.0,France
543196,16168M,FUNKY MONKEY GIFT BAG MEDIUM,24,2011-02-04 12:29:00,0.42,13309.0,United Kingdom
543232,47591D,PINK FAIRY CAKE CHILDRENS APRON,6,2011-02-04 13:28:00,1.95,13113.0,United Kingdom
543235,35471D,SET OF 3 BIRD LIGHT PINK FEATHER ,1,2011-02-04 13:30:00,1.25,14462.0,United Kingdom
543252,84997D,PINK 3 PIECE POLKADOT CUTLERY SET,8,2011-02-04 14:58:00,4.15,17685.0,United Kingdom
543256,85049D,BRIGHT BLUES RIBBONS ,6,2011-02-04 15:54:00,1.25,17293.0,United Kingdom
543273,82613D,METAL SIGN CUPCAKE SINGLE HOOK,1,2011-02-06 11:29:00,1.25,16456.0,United Kingdom
543277,46000M,POLYESTER FILLER PAD 45x45cm,3,2011-02-06 14:33:00,1.55,15808.0,United Kingdom
543279,79190D,RETRO PLASTIC DAISY TRAY,6,2011-02-06 14:46:00,0.42,17105.0,United Kingdom
543281,85170D,SET/6 PINK BIRD T-LIGHT CANDLES,1,2011-02-06 15:34:00,2.1,14606.0,United Kingdom
543300,85049D,BRIGHT BLUES RIBBONS ,3,2011-02-07 11:42:00,1.25,13334.0,United Kingdom
543300,85185D,FROG SOCK PUPPET,3,2011-02-07 11:42:00,2.95,13334.0,United Kingdom
543300,47310M,"SMALL POP BOX,FUNKY MONKEY",3,2011-02-07 11:42:00,1.25,13334.0,United Kingdom
543300,47591D,PINK FAIRY CAKE CHILDRENS APRON,3,2011-02-07 11:42:00,1.95,13334.0,United Kingdom
543306,84997D,PINK 3 PIECE POLKADOT CUTLERY SET,2,2011-02-07 11:56:00,4.15,16686.0,United Kingdom
543354,85130D,BEADED CRYSTAL HEART PINK LARGE,12,2011-02-07 13:50:00,1.65,13458.0,United Kingdom
543382,85049D,BRIGHT BLUES RIBBONS ,2,2011-02-07 16:21:00,1.25,14030.0,United Kingdom
543387,POST,POSTAGE,10,2011-02-08 09:41:00,15.0,14646.0,Netherlands
543428,84849D,HOT BATHS SOAP HOLDER,3,2011-02-08 11:36:00,1.69,17787.0,United Kingdom
543447,46775D,SUNSET COLOUR CHUNKY KNITTED THROW,2,2011-02-08 12:01:00,16.95,16265.0,United Kingdom
543459,POST,POSTAGE,2,2011-02-08 13:28:00,18.0,12599.0,France
543474,84997D,PINK 3 PIECE POLKADOT CUTLERY SET,2,2011-02-08 15:09:00,4.15,14415.0,United Kingdom
543474,84849D,HOT BATHS SOAP HOLDER,5,2011-02-08 15:09:00,1.69,14415.0,United Kingdom
543482,84927D,LA PALMIERA TILE HOOK,5,2011-02-08 17:16:00,2.1,17881.0,United Kingdom
543484,POST,POSTAGE,3,2011-02-09 10:11:00,18.0,12721.0,France
543492,POST,POSTAGE,1,2011-02-09 10:41:00,18.0,12720.0,Germany
543518,85232D,SET/3 DECOUPAGE STACKING TINS,24,2011-02-09 11:21:00,4.25,12753.0,Japan
543519,84997D,PINK 3 PIECE POLKADOT CUTLERY SET,24,2011-02-09 11:38:00,4.15,17083.0,United Kingdom
543527,84997D,PINK 3 PIECE POLKADOT CUTLERY SET,12,2011-02-09 12:08:00,4.15,15970.0,United Kingdom
543535,90161D,ANT COPPER PINK BOUDICCA BRACELET,1,2011-02-09 13:37:00,4.95,17537.0,United Kingdom
543535,90200D,PINK SWEETHEART BRACELET,1,2011-02-09 13:37:00,4.25,17537.0,United Kingdom
543535,90120D,WHITE MURANO TWIST BRACELET,1,2011-02-09 13:37:00,4.25,17537.0,United Kingdom
543537,POST,POSTAGE,1,2011-02-09 13:50:00,15.0,12401.0,Belgium
543541,POST,POSTAGE,6,2011-02-09 14:44:00,28.0,12462.0,Spain
543543,M,Manual,1,2011-02-09 15:33:00,2.95,17843.0,United Kingdom
543543,M,Manual,24,2011-02-09 15:33:00,0.2,17843.0,United Kingdom
543547,17107D,"FLOWER FAIRY,5 SUMMER B'DRAW LINERS",1,2011-02-09 16:57:00,2.55,17358.0,United Kingdom
543550,POST,POSTAGE,1,2011-02-10 09:43:00,18.0,12601.0,Germany
543553,16169M,WRAP DAISY CARPET ,50,2011-02-10 10:08:00,0.42,16359.0,United Kingdom
543596,85170D,SET/6 PINK BIRD T-LIGHT CANDLES,6,2011-02-10 12:21:00,2.1,14898.0,United Kingdom
543625,POST,POSTAGE,2,2011-02-10 15:38:00,18.0,12583.0,France
543652,84997D,PINK 3 PIECE POLKADOT CUTLERY SET,8,2011-02-11 10:15:00,4.15,15544.0,United Kingdom
543733,POST,POSTAGE,1,2011-02-11 12:16:00,15.0,12395.0,Belgium
543737,84968D,SET OF 16 VINTAGE RED CUTLERY,10,2011-02-11 12:45:00,12.75,12477.0,Germany
543740,84849D,HOT BATHS SOAP HOLDER,2,2011-02-11 13:36:00,1.69,15311.0,United Kingdom
543748,90185D,CRYSTAL DIAMANTE EXPANDABLE RING,6,2011-02-11 13:54:00,4.25,12913.0,United Kingdom
543774,79190D,RETRO PLASTIC DAISY TRAY,15,2011-02-11 15:56:00,0.42,15856.0,United Kingdom
543803,84997D,PINK 3 PIECE POLKADOT CUTLERY SET,1,2011-02-13 12:05:00,4.15,17126.0,United Kingdom
543812,85049D,BRIGHT BLUES RIBBONS ,1,2011-02-13 14:40:00,1.25,17472.0,United Kingdom
543816,84849D,HOT BATHS SOAP HOLDER,1,2011-02-13 15:26:00,1.69,17841.0,United Kingdom
543822,POST,POSTAGE,3,2011-02-14 09:24:00,28.0,12507.0,Spain
543829,84997D,PINK 3 PIECE POLKADOT CUTLERY SET,72,2011-02-14 09:47:00,3.39,12939.0,United Kingdom
543833,POST,POSTAGE,1,2011-02-14 10:24:00,18.0,12476.0,Germany
543900,POST,POSTAGE,3,2011-02-14 12:11:00,18.0,12621.0,Germany
543975,84849D,HOT BATHS SOAP HOLDER,2,2011-02-14 15:23:00,1.69,17231.0,United Kingdom
543975,90002D,FLOWER BURST SILVER RING CRYSTAL,2,2011-02-14 15:23:00,3.75,17231.0,United Kingdom
543997,35471D,SET OF 3 BIRD LIGHT PINK FEATHER ,1,2011-02-15 10:49:00,1.25,17348.0,United Kingdom
544035,84997D,PINK 3 PIECE POLKADOT CUTLERY SET,4,2011-02-15 11:30:00,4.15,13893.0,United Kingdom
544056,47591D,PINK FAIRY CAKE CHILDRENS APRON,8,2011-02-15 12:48:00,1.95,13004.0,United Kingdom
544059,47310M,"SMALL POP BOX,FUNKY MONKEY",6,2011-02-15 13:00:00,1.25,14534.0,United Kingdom
544060,90200D,PINK SWEETHEART BRACELET,3,2011-02-15 13:08:00,4.25,13623.0,United Kingdom
544062,84849D,HOT BATHS SOAP HOLDER,2,2011-02-15 13:19:00,1.69,15311.0,United Kingdom
544065,47591D,PINK FAIRY CAKE CHILDRENS APRON,8,2011-02-15 13:52:00,1.95,14346.0,United Kingdom
544069,POST,POSTAGE,2,2011-02-15 14:17:00,18.0,12616.0,France
544070,47591D,PINK FAIRY CAKE CHILDRENS APRON,16,2011-02-15 14:19:00,1.95,15370.0,United Kingdom
544070,84997D,PINK 3 PIECE POLKADOT CUTLERY SET,4,2011-02-15 14:19:00,4.15,15370.0,United Kingdom
544087,M,Manual,1,2011-02-15 17:02:00,3.75,17530.0,United Kingdom
544087,M,Manual,2,2011-02-15 17:02:00,0.42,17530.0,United Kingdom
544094,84997D,PINK 3 PIECE POLKADOT CUTLERY SET,8,2011-02-16 09:11:00,4.15,15810.0,United Kingdom
544098,85049D,BRIGHT BLUES RIBBONS ,12,2011-02-16 10:04:00,1.25,16019.0,United Kingdom
544115,POST,POSTAGE,5,2011-02-16 11:45:00,18.0,12727.0,France
544157,POST,POSTAGE,2,2011-02-16 12:46:00,18.0,12372.0,Denmark
544167,47591D,PINK FAIRY CAKE CHILDRENS APRON,8,2011-02-16 13:14:00,1.95,14755.0,United Kingdom
544177,47591D,PINK FAIRY CAKE CHILDRENS APRON,10,2011-02-16 14:27:00,1.95,13001.0,United Kingdom
544189,46000M,POLYESTER FILLER PAD 45x45cm,20,2011-02-16 16:40:00,1.55,15867.0,United Kingdom
544190,46000M,POLYESTER FILLER PAD 45x45cm,12,2011-02-16 16:56:00,1.55,13089.0,United Kingdom
544193,85232D,SET/3 DECOUPAGE STACKING TINS,3,2011-02-17 08:23:00,4.95,12431.0,Belgium
544193,POST,POSTAGE,5,2011-02-17 08:23:00,15.0,12431.0,Belgium
544200,85169D,PINK LOVE BIRD CANDLE,12,2011-02-17 10:08:00,1.25,12494.0,France
544200,85170D,SET/6 PINK BIRD T-LIGHT CANDLES,6,2011-02-17 10:08:00,2.1,12494.0,France
544200,POST,POSTAGE,2,2011-02-17 10:08:00,18.0,12494.0,France
544203,POST,POSTAGE,3,2011-02-17 10:30:00,15.0,12362.0,Belgium
544281,POST,POSTAGE,1,2011-02-17 12:23:00,18.0,12500.0,Germany
544296,79063D,"RETRO PILL BOX , REVOLUTIONARY",100,2011-02-17 12:47:00,0.18,14298.0,United Kingdom
544297,47591D,PINK FAIRY CAKE CHILDRENS APRON,8,2011-02-17 12:48:00,1.95,14298.0,United Kingdom
544299,84997D,PINK 3 PIECE POLKADOT CUTLERY SET,4,2011-02-17 12:55:00,4.15,13178.0,United Kingdom
544302,POST,POSTAGE,1,2011-02-17 13:16:00,18.0,12654.0,Germany
544311,84849D,HOT BATHS SOAP HOLDER,1,2011-02-17 14:19:00,1.69,17841.0,United Kingdom
544311,82613D,METAL SIGN CUPCAKE SINGLE HOOK,1,2011-02-17 14:19:00,1.25,17841.0,United Kingdom
544313,79062D,"RETRO TIN ASHTRAY,REVOLUTIONARY",12,2011-02-17 14:36:00,0.65,14099.0,United Kingdom
544331,POST,POSTAGE,1,2011-02-17 17:05:00,15.0,12455.0,Cyprus
544335,85049D,BRIGHT BLUES RIBBONS ,2,2011-02-17 19:21:00,1.25,14702.0,United Kingdom
544337,84997D,PINK 3 PIECE POLKADOT CUTLERY SET,4,2011-02-18 08:34:00,4.15,13425.0,United Kingdom
544355,POST,POSTAGE,5,2011-02-18 10:53:00,18.0,12714.0,France
544392,84997D,PINK 3 PIECE POLKADOT CUTLERY SET,72,2011-02-18 11:54:00,3.75,14680.0,United Kingdom
544398,84997D,PINK 3 PIECE POLKADOT CUTLERY SET,2,2011-02-18 12:27:00,4.15,15311.0,United Kingdom
544399,POST,POSTAGE,1,2011-02-18 12:28:00,28.0,12594.0,Italy
544407,M,Manual,1,2011-02-18 13:26:00,15.0,14606.0,United Kingdom
544409,46775D,SUNSET COLOUR CHUNKY KNITTED THROW,6,2011-02-18 13:32:00,16.95,16265.0,United Kingdom
544445,84968D,SET OF 16 VINTAGE RED CUTLERY,1,2011-02-20 10:56:00,12.75,16746.0,United Kingdom
544450,47591D,PINK FAIRY CAKE CHILDRENS APRON,6,2011-02-20 12:23:00,1.95,17811.0,United Kingdom
544450,84997D,CHILDRENS CUTLERY POLKADOT PINK,5,2011-02-20 12:23:00,4.15,17811.0,United Kingdom
544454,85049D,BRIGHT BLUES RIBBONS ,2,2011-02-20 13:13:00,1.25,13301.0,United Kingdom
544463,90160D,PINK BOUDICCA LARGE BRACELET,1,2011-02-20 14:31:00,6.95,12988.0,United Kingdom
544463,90026D,GLASS BEAD HOOP NECKLACE AMETHYST,1,2011-02-20 14:31:00,8.5,12988.0,United Kingdom
544463,90000D,COPPER/OLIVE GREEN FLOWER NECKLACE,1,2011-02-20 14:31:00,5.95,12988.0,United Kingdom
544463,35471D,SET OF 3 BIRD LIGHT PINK FEATHER ,1,2011-02-20 14:31:00,1.25,12988.0,United Kingdom
544464,M,Manual,4,2011-02-20 14:38:00,0.85,17323.0,United Kingdom
544464,85049D,BRIGHT BLUES RIBBONS ,2,2011-02-20 14:38:00,1.25,17323.0,United Kingdom
544464,47591D,PINK FAIRY CAKE CHILDRENS APRON,2,2011-02-20 14:38:00,1.95,17323.0,United Kingdom
544465,17107D,"FLOWER FAIRY,5 SUMMER B'DRAW LINERS",6,2011-02-20 15:06:00,2.55,13168.0,United Kingdom
544467,85169D,PINK LOVE BIRD CANDLE,1,2011-02-20 15:51:00,1.25,14502.0,United Kingdom
544474,POST,POSTAGE,1,2011-02-21 09:52:00,15.0,12423.0,Belgium
544476,47591D,PINK FAIRY CAKE CHILDRENS APRON,2,2011-02-21 09:58:00,1.95,14796.0,United Kingdom
544479,84997D,PINK 3 PIECE POLKADOT CUTLERY SET,72,2011-02-21 10:28:00,3.75,14646.0,Netherlands
544480,47591D,PINK FAIRY CAKE CHILDRENS APRON,50,2011-02-21 10:32:00,1.65,14646.0,Netherlands
544483,POST,POSTAGE,5,2011-02-21 10:53:00,18.0,12524.0,Germany
544495,POST,POSTAGE,6,2011-02-21 11:42:00,28.0,12766.0,Portugal
544568,84997D,PINK 3 PIECE POLKADOT CUTLERY SET,4,2011-02-21 12:54:00,4.15,15065.0,United Kingdom
544573,POST,POSTAGE,5,2011-02-21 13:40:00,18.0,12621.0,Germany
544578,M,Manual,1,2011-02-21 14:04:00,320.69,12365.0,Cyprus
544585,POST,POSTAGE,1,2011-02-21 14:58:00,18.0,12523.0,France
544586,47591D,PINK FAIRY CAKE CHILDRENS APRON,3,2011-02-21 15:04:00,1.95,17338.0,United Kingdom
544597,47591D,PINK FAIRY CAKE CHILDRENS APRON,2,2011-02-21 17:42:00,1.95,16014.0,United Kingdom
544634,47591D,PINK FAIRY CAKE CHILDRENS APRON,1,2011-02-22 11:02:00,1.95,17994.0,United Kingdom
544634,84997D,CHILDRENS CUTLERY POLKADOT PINK,2,2011-02-22 11:02:00,4.15,17994.0,United Kingdom
544638,79302M,"ART LIGHTS,FUNK MONKEY",6,2011-02-22 11:33:00,2.95,14688.0,United Kingdom
544638,47310M,"SMALL POP BOX,FUNKY MONKEY",6,2011-02-22 11:33:00,1.25,14688.0,United Kingdom
544645,47591D,PINK FAIRY CAKE CHILDRENS APRON,16,2011-02-22 11:58:00,1.95,16843.0,United Kingdom
544645,84997D,PINK 3 PIECE POLKADOT CUTLERY SET,12,2011-02-22 11:58:00,4.15,16843.0,United Kingdom
544658,84997D,CHILDRENS CUTLERY POLKADOT PINK,6,2011-02-22 13:18:00,4.15,13113.0,United Kingdom
544672,84997D,CHILDRENS CUTLERY POLKADOT PINK,72,2011-02-22 15:45:00,3.75,14646.0,Netherlands
544673,M,Manual,25,2011-02-22 15:46:00,0.42,13421.0,United Kingdom
544678,72801D,4 SKY BLUE DINNER CANDLES,3,2011-02-22 16:15:00,1.25,13077.0,United Kingdom
544678,16169M,WRAP DAISY CARPET ,25,2011-02-22 16:15:00,0.42,13077.0,United Kingdom
544687,84925D,LA PALMIERA WALL THERMOMETER,1,2011-02-22 17:25:00,2.55,13184.0,United Kingdom
544702,47591D,PINK FAIRY CAKE CHILDRENS APRON,8,2011-02-23 10:27:00,1.95,17135.0,United Kingdom
544754,85129D,BEADED CRYSTAL HEART PINK SMALL,12,2011-02-23 10:58:00,1.25,16394.0,United Kingdom
544777,84849D,HOT BATHS SOAP HOLDER,2,2011-02-23 12:00:00,1.69,15311.0,United Kingdom
544778,85169D,PINK LOVE BIRD CANDLE,2,2011-02-23 12:03:00,1.25,14978.0,United Kingdom
544790,47591D,PINK FAIRY CAKE CHILDRENS APRON,6,2011-02-23 12:27:00,1.95,16940.0,United Kingdom
544795,84968D,SET OF 16 VINTAGE RED CUTLERY,1,2011-02-23 13:21:00,12.75,15858.0,United Kingdom
544796,85049D,BRIGHT BLUES RIBBONS ,3,2011-02-23 13:37:00,1.25,16208.0,United Kingdom
544803,17090D,VANILLA INCENSE 40 CONES IN TIN,1,2011-02-23 14:29:00,1.25,14606.0,United Kingdom
544811,POST,POSTAGE,3,2011-02-23 15:53:00,18.0,12471.0,Germany
544817,POST,POSTAGE,2,2011-02-23 16:44:00,18.0,12437.0,France
544819,M,Manual,6,2011-02-23 17:15:00,5.0,12748.0,United Kingdom
544822,72800D,4 BLUE DINNER CANDLES SILVER FLOCK,6,2011-02-24 09:08:00,2.55,18231.0,United Kingdom
544836,17107D,"FLOWER FAIRY,5 SUMMER B'DRAW LINERS",6,2011-02-24 10:25:00,2.55,17613.0,United Kingdom
544885,17107D,"FLOWER FAIRY,5 SUMMER B'DRAW LINERS",6,2011-02-24 11:38:00,2.55,14243.0,United Kingdom
544886,POST,POSTAGE,1,2011-02-24 11:42:00,40.0,12582.0,Finland
544898,47591D,PINK FAIRY CAKE CHILDRENS APRON,8,2011-02-24 12:27:00,1.95,14880.0,United Kingdom
544909,85170D,SET/6 PINK BIRD T-LIGHT CANDLES,24,2011-02-24 14:32:00,0.85,14298.0,United Kingdom
544913,84997D,CHILDRENS CUTLERY POLKADOT PINK,1,2011-02-24 15:26:00,4.15,15543.0,United Kingdom
544913,85049D,BRIGHT BLUES RIBBONS ,2,2011-02-24 15:26:00,1.25,15543.0,United Kingdom
544933,POST,POSTAGE,6,2011-02-25 08:44:00,18.0,12633.0,Germany
544940,47591D,PINK FAIRY CAKE CHILDRENS APRON,8,2011-02-25 10:19:00,1.95,16592.0,United Kingdom
544942,84997D,CHILDRENS CUTLERY POLKADOT PINK,8,2011-02-25 10:29:00,4.15,15544.0,United Kingdom
544942,47591D,PINK FAIRY CAKE CHILDRENS APRON,8,2011-02-25 10:29:00,1.95,15544.0,United Kingdom
544944,84997D,CHILDRENS CUTLERY POLKADOT PINK,5,2011-02-25 10:46:00,4.15,14541.0,United Kingdom
544945,84800M,MEDIUM WHITE/PINK ROSE ART FLOWER,24,2011-02-25 10:53:00,1.27,17735.0,United Kingdom
544996,POST,POSTAGE,2,2011-02-25 11:53:00,18.0,12474.0,Germany
545017,POST,POSTAGE,1,2011-02-25 13:51:00,15.0,12361.0,Belgium
545023,84997D,CHILDRENS CUTLERY POLKADOT PINK,6,2011-02-25 14:25:00,4.15,12921.0,United Kingdom
545031,84997D,PINK 3 PIECE POLKADOT CUTLERY SET,4,2011-02-25 15:35:00,4.15,15990.0,United Kingdom
545034,POST,POSTAGE,1,2011-02-25 16:42:00,40.0,13493.0,Switzerland
545051,POST,POSTAGE,1,2011-02-27 11:58:00,18.0,12599.0,France
545054,85129D,BEADED CRYSTAL HEART PINK SMALL,2,2011-02-27 12:41:00,1.25,14472.0,United Kingdom
545054,85130D,BEADED CRYSTAL HEART PINK LARGE,1,2011-02-27 12:41:00,1.65,14472.0,United Kingdom
545059,84569D,PACK 6 HEART/ICE-CREAM PATCHES,1,2011-02-27 13:04:00,1.25,14157.0,United Kingdom
545063,17090D,VANILLA INCENSE 40 CONES IN TIN,1,2011-02-27 14:26:00,1.25,14606.0,United Kingdom
545066,72801D,4 SKY BLUE DINNER CANDLES,2,2011-02-27 14:44:00,1.25,13610.0,United Kingdom
545067,85049D,BRIGHT BLUES RIBBONS ,1,2011-02-27 14:49:00,1.25,17894.0,United Kingdom
545076,16169M,WRAP DAISY CARPET ,25,2011-02-28 09:43:00,0.42,15235.0,United Kingdom
545080,85129D,BEADED CRYSTAL HEART PINK SMALL,12,2011-02-28 10:33:00,1.25,13004.0,United Kingdom
545084,POST,POSTAGE,2,2011-02-28 10:55:00,40.0,12458.0,Switzerland
545086,POST,POSTAGE,1,2011-02-28 11:43:00,18.0,12678.0,France
545105,POST,POSTAGE,6,2011-02-28 11:58:00,18.0,12598.0,France
545140,POST,POSTAGE,2,2011-02-28 12:08:00,15.0,12464.0,Belgium
545148,47591D,PINK FAIRY CAKE CHILDRENS APRON,8,2011-02-28 12:14:00,1.95,13675.0,United Kingdom
545161,46000M,POLYESTER FILLER PAD 45x45cm,6,2011-02-28 13:34:00,1.55,16187.0,United Kingdom
545180,POST,POSTAGE,1,2011-02-28 14:42:00,18.0,12728.0,France
545181,POST,POSTAGE,1,2011-02-28 14:45:00,18.0,12509.0,France
545182,M,Manual,17,2011-02-28 14:48:00,0.2,14046.0,United Kingdom
545186,47591D,PINK FAIRY CAKE CHILDRENS APRON,2,2011-02-28 15:05:00,1.95,17841.0,United Kingdom
545186,84997D,CHILDRENS CUTLERY POLKADOT PINK,1,2011-02-28 15:05:00,4.15,17841.0,United Kingdom
545186,72800D,4 BLUE DINNER CANDLES SILVER FLOCK,1,2011-02-28 15:05:00,2.55,17841.0,United Kingdom
545191,POST,POSTAGE,1,2011-02-28 15:39:00,28.0,12811.0,Portugal
545226,72801D,4 SKY BLUE DINNER CANDLES,12,2011-03-01 09:33:00,1.25,12428.0,Finland
545226,84569D,PACK 6 HEART/ICE-CREAM PATCHES,12,2011-03-01 09:33:00,1.25,12428.0,Finland
545226,85049D,BRIGHT BLUES RIBBONS ,12,2011-03-01 09:33:00,1.25,12428.0,Finland
545227,84968D,SET OF 16 VINTAGE RED CUTLERY,8,2011-03-01 09:35:00,12.75,12428.0,Finland
545235,POST,POSTAGE,2,2011-03-01 10:31:00,18.0,12683.0,France
545288,85071D,CHARLIE+LOLA MY ROOM DOOR SIGN,3,2011-03-01 11:48:00,2.55,15311.0,United Kingdom
545301,POST,POSTAGE,4,2011-03-01 12:26:00,18.0,12679.0,France
545301,84997D,PINK 3 PIECE POLKADOT CUTLERY SET,5,2011-03-01 12:26:00,4.15,12679.0,France
545302,84800M,MEDIUM WHITE/PINK ROSE ART FLOWER,1,2011-03-01 12:46:00,1.69,14506.0,United Kingdom
545305,46775D,SUNSET COLOUR CHUNKY KNITTED THROW,2,2011-03-01 12:58:00,16.95,15257.0,United Kingdom
545308,35471D,SET OF 3 BIRD LIGHT PINK FEATHER ,2,2011-03-01 13:19:00,1.25,14656.0,United Kingdom
545314,79190D,RETRO PLASTIC DAISY TRAY,15,2011-03-01 14:11:00,0.42,12866.0,Belgium
545314,POST,POSTAGE,4,2011-03-01 14:11:00,15.0,12866.0,Belgium
545323,POST,POSTAGE,1,2011-03-01 14:57:00,40.0,12352.0,Norway
545332,M,Manual,1,2011-03-01 15:52:00,376.5,12352.0,Norway
545332,M,Manual,1,2011-03-01 15:52:00,280.05,12352.0,Norway
545332,M,Manual,1,2011-03-01 15:52:00,183.75,12352.0,Norway
545334,46000M,POLYESTER FILLER PAD 45x45cm,2,2011-03-01 16:34:00,1.55,15750.0,United Kingdom
545336,M,Manual,2,2011-03-01 16:53:00,275.6,12428.0,Finland
545348,90185D,CRYSTAL DIAMANTE EXPANDABLE RING,6,2011-03-02 10:49:00,4.25,12913.0,United Kingdom
545349,47591D,PINK FAIRY CAKE CHILDRENS APRON,1,2011-03-02 11:07:00,1.95,18118.0,United Kingdom
545377,85169D,PINK LOVE BIRD CANDLE,2,2011-03-02 11:32:00,1.25,14606.0,United Kingdom
545377,17090D,VANILLA INCENSE 40 CONES IN TIN,1,2011-03-02 11:32:00,1.25,14606.0,United Kingdom
545408,47591D,PINK FAIRY CAKE CHILDRENS APRON,8,2011-03-02 12:10:00,1.95,15067.0,United Kingdom
545416,84968D,SET OF 16 VINTAGE RED CUTLERY,8,2011-03-02 13:35:00,12.75,17770.0,United Kingdom
545419,46775D,SUNSET COLOUR CHUNKY KNITTED THROW,1,2011-03-02 14:16:00,16.95,15104.0,United Kingdom
545468,46000M,POLYESTER FILLER PAD 45x45cm,17,2011-03-03 09:41:00,1.55,16571.0,United Kingdom
545515,POST,POSTAGE,3,2011-03-03 12:06:00,18.0,12727.0,France
545517,POST,POSTAGE,1,2011-03-03 12:20:00,18.0,12727.0,France
545519,84997D,CHILDRENS CUTLERY POLKADOT PINK,4,2011-03-03 12:27:00,4.15,16159.0,United Kingdom
545521,15044D,RED PAPER PARASOL,8,2011-03-03 12:30:00,2.95,17995.0,United Kingdom
545530,16169M,WRAP DAISY CARPET ,25,2011-03-03 13:45:00,0.42,17416.0,United Kingdom
545533,POST,POSTAGE,2,2011-03-03 14:04:00,18.0,12524.0,Germany
545536,POST,POSTAGE,3,2011-03-03 14:12:00,15.0,12417.0,Belgium
545557,POST,POSTAGE,1,2011-03-03 15:30:00,18.0,12500.0,Germany
545559,47591D,PINK FAIRY CAKE CHILDRENS APRON,4,2011-03-03 15:31:00,1.95,15005.0,United Kingdom
545570,POST,POSTAGE,1,2011-03-03 16:28:00,40.0,12817.0,Austria
545571,85049D,BRIGHT BLUES RIBBONS ,12,2011-03-03 16:34:00,1.25,17700.0,United Kingdom
545582,15044D,RED PAPER PARASOL,50,2011-03-04 09:05:00,2.55,13694.0,United Kingdom
545583,POST,POSTAGE,2,2011-03-04 09:08:00,18.0,12553.0,France
545585,POST,POSTAGE,1,2011-03-04 09:32:00,28.0,12541.0,Spain
545595,M,Manual,1,2011-03-04 10:39:00,0.85,14570.0,United Kingdom
545603,47591D,PINK FAIRY CAKE CHILDRENS APRON,8,2011-03-04 11:49:00,1.95,15827.0,United Kingdom
545647,POST,POSTAGE,1,2011-03-04 12:46:00,28.0,12547.0,Spain
545653,85071D,CHARLIE+LOLA MY ROOM DOOR SIGN,2,2011-03-04 13:39:00,2.55,15311.0,United Kingdom
545653,84849D,HOT BATHS SOAP HOLDER,5,2011-03-04 13:39:00,1.69,15311.0,United Kingdom
545664,POST,POSTAGE,3,2011-03-04 15:15:00,28.0,12584.0,Italy
545691,84997D,CHILDRENS CUTLERY POLKADOT PINK,3,2011-03-06 12:52:00,4.15,14161.0,United Kingdom
545701,47591D,PINK FAIRY CAKE CHILDRENS APRON,3,2011-03-06 15:17:00,1.95,17107.0,United Kingdom
545706,POST,POSTAGE,1,2011-03-07 09:10:00,18.0,12712.0,Germany
545709,POST,POSTAGE,1,2011-03-07 09:49:00,18.0,12708.0,Germany
545719,47591D,PINK FAIRY CAKE CHILDRENS APRON,8,2011-03-07 10:28:00,1.95,13344.0,United Kingdom
545764,84997D,CHILDRENS CUTLERY POLKADOT PINK,8,2011-03-07 12:00:00,4.15,13408.0,United Kingdom
545797,84849D,HOT BATHS SOAP HOLDER,2,2011-03-07 12:17:00,1.69,16225.0,United Kingdom
545797,47591D,PINK FAIRY CAKE CHILDRENS APRON,2,2011-03-07 12:17:00,1.95,16225.0,United Kingdom
545812,46775D,SUNSET COLOUR CHUNKY KNITTED THROW,2,2011-03-07 12:26:00,16.95,14214.0,United Kingdom
545830,84849D,HOT BATHS SOAP HOLDER,2,2011-03-07 13:10:00,1.69,17634.0,United Kingdom
545859,17012D,ORIGAMI ROSE INCENSE/CANDLE SET ,6,2011-03-07 14:10:00,2.55,15498.0,United Kingdom
545889,M,Manual,1,2011-03-07 16:14:00,45.0,15291.0,United Kingdom
545901,M,Manual,2,2011-03-07 17:52:00,1.25,15834.0,United Kingdom
545901,17109D,FLOWER FAIRY INCENSE BOUQUET,5,2011-03-07 17:52:00,1.69,15834.0,United Kingdom
545909,84569D,PACK 6 HEART/ICE-CREAM PATCHES,12,2011-03-08 09:45:00,1.25,15819.0,United Kingdom
545914,84997D,PINK 3 PIECE POLKADOT CUTLERY SET,12,2011-03-08 11:39:00,4.15,13340.0,United Kingdom
545915,17013D,ORIGAMI ROSE INCENSE IN TUBE,12,2011-03-08 11:44:00,1.65,17419.0,United Kingdom
545916,POST,POSTAGE,2,2011-03-08 11:46:00,18.0,12528.0,Germany
545988,POST,POSTAGE,1,2011-03-08 12:52:00,18.0,12662.0,Germany
545991,84849D,HOT BATHS SOAP HOLDER,5,2011-03-08 13:12:00,1.69,15311.0,United Kingdom
545994,POST,POSTAGE,2,2011-03-08 13:50:00,18.0,12623.0,Germany
545995,85170D,SET/6 PINK BIRD T-LIGHT CANDLES,6,2011-03-08 13:54:00,2.1,15023.0,United Kingdom
545995,85169D,PINK LOVE BIRD CANDLE,6,2011-03-08 13:54:00,1.25,15023.0,United Kingdom
545995,M,Manual,6,2011-03-08 13:54:00,2.1,15023.0,United Kingdom
545999,85170D,SET/6 PINK BIRD T-LIGHT CANDLES,6,2011-03-08 14:44:00,2.1,13089.0,United Kingdom
546027,84997D,CHILDRENS CUTLERY POLKADOT PINK,4,2011-03-09 08:09:00,4.15,12759.0,Netherlands
546027,POST,POSTAGE,2,2011-03-09 08:09:00,15.0,12759.0,Netherlands
546035,M,Manual,1,2011-03-09 09:50:00,7.95,12924.0,United Kingdom
546062,85049D,BRIGHT BLUES RIBBONS ,1,2011-03-09 10:51:00,1.25,16221.0,United Kingdom
546092,84997D,CHILDRENS CUTLERY POLKADOT PINK,4,2011-03-09 11:54:00,4.15,17138.0,United Kingdom
546107,47591D,PINK FAIRY CAKE CHILDRENS APRON,2,2011-03-09 12:33:00,1.95,17238.0,United Kingdom
546107,84997D,CHILDRENS CUTLERY POLKADOT PINK,2,2011-03-09 12:33:00,4.15,17238.0,United Kingdom
546108,47591D,PINK FAIRY CAKE CHILDRENS APRON,4,2011-03-09 12:35:00,1.95,15529.0,United Kingdom
546115,47591D,PINK FAIRY CAKE CHILDRENS APRON,8,2011-03-09 13:50:00,1.95,15379.0,United Kingdom
546116,47591D,PINK FAIRY CAKE CHILDRENS APRON,8,2011-03-09 13:53:00,1.95,15367.0,United Kingdom
546117,M,Manual,12,2011-03-09 13:56:00,1.0,16771.0,United Kingdom
546117,17107D,"FLOWER FAIRY,5 SUMMER B'DRAW LINERS",6,2011-03-09 13:56:00,2.55,16771.0,United Kingdom
546117,16169M,WRAP DAISY CARPET ,25,2011-03-09 13:56:00,0.42,16771.0,United Kingdom
546121,46000M,POLYESTER FILLER PAD 45x45cm,2,2011-03-09 14:30:00,1.55,14085.0,United Kingdom
546121,85232D,SET/3 DECOUPAGE STACKING TINS,1,2011-03-09 14:30:00,4.95,14085.0,United Kingdom
546134,POST,POSTAGE,2,2011-03-09 15:35:00,40.0,13493.0,Switzerland
546160,84997D,CHILDRENS CUTLERY POLKADOT PINK,72,2011-03-10 09:49:00,3.75,15838.0,United Kingdom
546215,47591D,PINK FAIRY CAKE CHILDRENS APRON,2,2011-03-10 11:52:00,1.95,14713.0,United Kingdom
546230,47591D,PINK FAIRY CAKE CHILDRENS APRON,8,2011-03-10 12:26:00,1.95,13871.0,United Kingdom
546249,85129D,BEADED CRYSTAL HEART PINK SMALL,2,2011-03-10 13:58:00,1.25,14606.0,United Kingdom
546252,84997D,PINK 3 PIECE POLKADOT CUTLERY SET,4,2011-03-10 14:42:00,4.15,14930.0,Channel Islands
546255,47591D,PINK FAIRY CAKE CHILDRENS APRON,8,2011-03-10 14:56:00,1.95,13468.0,United Kingdom
546261,79302M,"ART LIGHTS,FUNK MONKEY",1,2011-03-10 15:01:00,2.95,17841.0,United Kingdom
546328,M,Manual,1,2011-03-11 10:19:00,1687.17,14911.0,EIRE
546329,M,Manual,1,2011-03-11 10:22:00,1687.17,14911.0,EIRE
546365,POST,POSTAGE,5,2011-03-11 11:35:00,18.0,12520.0,Germany
546373,POST,POSTAGE,2,2011-03-11 12:00:00,18.0,12583.0,France
546374,M,Manual,1,2011-03-11 12:05:00,10.0,17194.0,United Kingdom
546376,85129D,BEADED CRYSTAL HEART PINK SMALL,12,2011-03-11 12:11:00,1.25,13842.0,United Kingdom
546392,47591D,PINK FAIRY CAKE CHILDRENS APRON,2,2011-03-11 14:15:00,1.95,14587.0,United Kingdom
546401,47591D,PINK FAIRY CAKE CHILDRENS APRON,3,2011-03-11 15:14:00,1.95,17994.0,United Kingdom
546418,85129D,BEADED CRYSTAL HEART PINK SMALL,1,2011-03-13 10:57:00,1.25,17315.0,United Kingdom
546418,M,Manual,24,2011-03-13 10:57:00,0.42,17315.0,United Kingdom
546420,47591D,PINK FAIRY CAKE CHILDRENS APRON,2,2011-03-13 11:18:00,1.95,14810.0,United Kingdom
546426,M,Manual,1,2011-03-13 13:46:00,2.0,13708.0,United Kingdom
546428,POST,POSTAGE,2,2011-03-13 14:55:00,18.0,12681.0,France
546429,47591D,PINK FAIRY CAKE CHILDRENS APRON,2,2011-03-13 15:25:00,1.95,17611.0,United Kingdom
546429,15044D,RED PAPER PARASOL,1,2011-03-13 15:25:00,2.95,17611.0,United Kingdom
546429,79302M,"ART LIGHTS,FUNK MONKEY",4,2011-03-13 15:25:00,2.95,17611.0,United Kingdom
546430,84849D,HOT BATHS SOAP HOLDER,2,2011-03-13 15:55:00,1.69,15918.0,United Kingdom
546432,84968D,SET OF 16 VINTAGE RED CUTLERY,3,2011-03-14 08:21:00,12.75,14180.0,United Kingdom
546433,47591D,PINK FAIRY CAKE CHILDRENS APRON,8,2011-03-14 08:37:00,1.95,12778.0,Netherlands
546433,84968D,SET OF 16 VINTAGE RED CUTLERY,1,2011-03-14 08:37:00,12.75,12778.0,Netherlands
546433,POST,POSTAGE,1,2011-03-14 08:37:00,15.0,12778.0,Netherlands
546434,84997D,CHILDRENS CUTLERY POLKADOT PINK,4,2011-03-14 08:41:00,4.15,12383.0,Belgium
546434,POST,POSTAGE,4,2011-03-14 08:41:00,18.0,12383.0,Belgium
546479,POST,POSTAGE,3,2011-03-14 11:38:00,18.0,12682.0,France
546533,79030D,"TUMBLER, BAROQUE",6,2011-03-14 13:53:00,1.65,15388.0,Canada
546538,85130D,BEADED CRYSTAL HEART PINK LARGE,12,2011-03-14 14:51:00,1.65,16327.0,United Kingdom
546538,47591D,PINK FAIRY CAKE CHILDRENS APRON,8,2011-03-14 14:51:00,1.95,16327.0,United Kingdom
546538,15044D,RED PAPER PARASOL,6,2011-03-14 14:51:00,2.95,16327.0,United Kingdom
546542,85049D,BRIGHT BLUES RIBBONS ,2,2011-03-14 15:13:00,1.25,13263.0,United Kingdom
546543,M,Manual,1,2011-03-14 15:40:00,0.85,17841.0,United Kingdom
546549,84997D,CHILDRENS CUTLERY POLKADOT PINK,2,2011-03-14 16:46:00,4.15,17799.0,United Kingdom
546635,16169M,WRAP DAISY CARPET ,10,2011-03-15 12:11:00,0.42,16392.0,United Kingdom
546635,16169M,WRAP DAISY CARPET ,25,2011-03-15 12:11:00,0.42,16392.0,United Kingdom
546636,79191D,RETRO PLASTIC DAISY TRAY,3,2011-03-15 12:19:00,0.85,14534.0,United Kingdom
546678,POST,POSTAGE,3,2011-03-15 16:39:00,18.0,12681.0,France
546679,35471D,SET OF 3 BIRD LIGHT PINK FEATHER ,3,2011-03-15 16:47:00,1.25,13121.0,United Kingdom
546732,85130D,BEADED CRYSTAL HEART PINK LARGE,1,2011-03-16 11:41:00,1.65,14606.0,United Kingdom
546742,M,Manual,12,2011-03-16 12:26:00,0.42,12849.0,United Kingdom
546742,M,Manual,6,2011-03-16 12:26:00,2.1,12849.0,United Kingdom
546753,85049D,BRIGHT BLUES RIBBONS ,1,2011-03-16 13:00:00,1.25,16383.0,United Kingdom
546753,85049D,BRIGHT BLUES RIBBONS ,3,2011-03-16 13:00:00,1.25,16383.0,United Kingdom
546755,POST,POSTAGE,5,2011-03-16 13:29:00,28.0,12502.0,Spain
546759,POST,POSTAGE,2,2011-03-16 13:58:00,18.0,12712.0,Germany
546760,POST,POSTAGE,3,2011-03-16 14:00:00,28.0,12597.0,Spain
546765,POST,POSTAGE,1,2011-03-16 14:37:00,18.0,12437.0,France
546774,46000M,POLYESTER FILLER PAD 45x45cm,2,2011-03-16 15:45:00,1.55,14505.0,United Kingdom
546774,85232D,SET/3 DECOUPAGE STACKING TINS,1,2011-03-16 15:45:00,4.95,14505.0,United Kingdom
546778,85071D,CHARLIE+LOLA MY ROOM DOOR SIGN,5,2011-03-16 16:38:00,2.55,14572.0,United Kingdom
546784,47591D,PINK FAIRY CAKE CHILDRENS APRON,8,2011-03-17 09:49:00,1.95,18189.0,United Kingdom
546788,15044D,RED PAPER PARASOL,50,2011-03-17 10:02:00,2.55,13946.0,United Kingdom
546843,POST,POSTAGE,2,2011-03-17 12:40:00,18.0,12472.0,Germany
546851,85049D,BRIGHT BLUES RIBBONS ,12,2011-03-17 13:23:00,1.25,12480.0,Germany
546851,84997D,CHILDRENS CUTLERY POLKADOT PINK,4,2011-03-17 13:23:00,4.15,12480.0,Germany
546851,POST,POSTAGE,7,2011-03-17 13:23:00,18.0,12480.0,Germany
546856,47591D,PINK FAIRY CAKE CHILDRENS APRON,8,2011-03-17 14:12:00,1.95,15433.0,United Kingdom
546866,M,Manual,2,2011-03-17 15:47:00,2.5,14462.0,United Kingdom
546912,84997D,CHILDRENS CUTLERY POLKADOT PINK,4,2011-03-17 20:12:00,4.15,15861.0,United Kingdom
546913,15044D,RED PAPER PARASOL,1,2011-03-17 20:18:00,2.95,15861.0,United Kingdom
546913,79190D,RETRO PLASTIC DAISY TRAY,6,2011-03-17 20:18:00,0.42,15861.0,United Kingdom
546913,85049D,BRIGHT BLUES RIBBONS ,4,2011-03-17 20:18:00,1.25,15861.0,United Kingdom
546913,47310M,"SMALL POP BOX,FUNKY MONKEY",6,2011-03-17 20:18:00,1.25,15861.0,United Kingdom
546919,POST,POSTAGE,1,2011-03-18 09:55:00,18.0,12500.0,Germany
546920,POST,POSTAGE,8,2011-03-18 09:55:00,18.0,12471.0,Germany
546925,POST,POSTAGE,3,2011-03-18 10:09:00,18.0,12647.0,Germany
546950,M,Manual,4,2011-03-18 11:24:00,0.5,16511.0,United Kingdom
546982,17107D,"FLOWER FAIRY,5 SUMMER B'DRAW LINERS",1,2011-03-18 12:26:00,2.55,15483.0,United Kingdom
546982,85170D,SET/6 PINK BIRD T-LIGHT CANDLES,1,2011-03-18 12:26:00,2.1,15483.0,United Kingdom
546984,85049D,BRIGHT BLUES RIBBONS ,2,2011-03-18 12:35:00,1.25,15019.0,United Kingdom
546995,84997D,CHILDRENS CUTLERY POLKADOT PINK,1,2011-03-18 13:25:00,4.15,14041.0,United Kingdom
546995,47591D,PINK FAIRY CAKE CHILDRENS APRON,19,2011-03-18 13:25:00,1.95,14041.0,United Kingdom
547003,15044D,RED PAPER PARASOL,10,2011-03-18 14:13:00,2.95,14155.0,United Kingdom
547005,POST,POSTAGE,4,2011-03-18 14:20:00,18.0,12474.0,Germany
547017,46000M,POLYESTER FILLER PAD 45x45cm,2,2011-03-18 14:51:00,1.55,13468.0,United Kingdom
547035,47591D,PINK FAIRY CAKE CHILDRENS APRON,8,2011-03-20 10:33:00,1.95,13911.0,United Kingdom
547055,85049D,BRIGHT BLUES RIBBONS ,1,2011-03-20 12:14:00,1.25,16444.0,United Kingdom
547060,35471D,SET OF 3 BIRD LIGHT PINK FEATHER ,1,2011-03-20 12:57:00,1.25,17954.0,United Kingdom
547061,47591D,PINK FAIRY CAKE CHILDRENS APRON,8,2011-03-20 13:21:00,1.95,12407.0,Belgium
547061,POST,POSTAGE,1,2011-03-20 13:21:00,15.0,12407.0,Belgium
547063,46000M,POLYESTER FILLER PAD 45x45cm,4,2011-03-20 13:33:00,1.55,14769.0,United Kingdom
547063,46000M,POLYESTER FILLER PAD 45x45cm,3,2011-03-20 13:33:00,1.55,14769.0,United Kingdom
547063,79063D,"RETRO PILL BOX , REVOLUTIONARY",20,2011-03-20 13:33:00,0.19,14769.0,United Kingdom
547063,79190D,RETRO PLASTIC DAISY TRAY,3,2011-03-20 13:33:00,0.42,14769.0,United Kingdom
547063,84849D,HOT BATHS SOAP HOLDER,2,2011-03-20 13:33:00,1.69,14769.0,United Kingdom
547063,85232D,SET/3 DECOUPAGE STACKING TINS,2,2011-03-20 13:33:00,4.95,14769.0,United Kingdom
547066,47591D,PINK FAIRY CAKE CHILDRENS APRON,8,2011-03-20 13:41:00,1.95,12921.0,United Kingdom
547068,84997D,CHILDRENS CUTLERY POLKADOT PINK,4,2011-03-20 13:48:00,4.15,13985.0,United Kingdom
547070,85049D,BRIGHT BLUES RIBBONS ,1,2011-03-20 13:58:00,1.25,16115.0,United Kingdom
547071,POST,POSTAGE,2,2011-03-20 13:59:00,18.0,12693.0,Germany
547085,POST,POSTAGE,1,2011-03-20 15:41:00,18.0,12600.0,Germany
547086,POST,POSTAGE,3,2011-03-20 15:46:00,40.0,12428.0,Finland
547087,POST,POSTAGE,1,2011-03-20 15:58:00,18.0,12726.0,France
547108,84997D,CHILDRENS CUTLERY POLKADOT PINK,2,2011-03-21 11:36:00,4.15,14659.0,United Kingdom
547109,POST,POSTAGE,2,2011-03-21 11:46:00,15.0,12423.0,Belgium
547192,84569D,PACK 6 HEART/ICE-CREAM PATCHES,12,2011-03-21 12:32:00,1.25,15855.0,United Kingdom
547199,85170D,SET/6 PINK BIRD T-LIGHT CANDLES,1,2011-03-21 12:53:00,2.1,14606.0,United Kingdom
547223,79190D,RETRO PLASTIC DAISY TRAY,5,2011-03-21 15:10:00,0.42,12867.0,United Kingdom
547243,85049D,BRIGHT BLUES RIBBONS ,2,2011-03-21 16:59:00,1.25,17231.0,United Kingdom
547327,POST,POSTAGE,3,2011-03-22 11:28:00,18.0,12681.0,France
547334,46000M,POLYESTER FILLER PAD 45x45cm,3,2011-03-22 11:43:00,1.55,15044.0,United Kingdom
547358,84997D,CHILDRENS CUTLERY POLKADOT PINK,2,2011-03-22 12:25:00,4.15,15998.0,United Kingdom
547358,47591D,PINK FAIRY CAKE CHILDRENS APRON,1,2011-03-22 12:25:00,1.95,15998.0,United Kingdom
547365,POST,POSTAGE,1,2011-03-22 12:36:00,15.0,12775.0,Netherlands
547370,84849D,HOT BATHS SOAP HOLDER,3,2011-03-22 13:32:00,1.69,14711.0,United Kingdom
547379,POST,POSTAGE,6,2011-03-22 15:13:00,18.0,12720.0,Germany
547383,POST,POSTAGE,3,2011-03-22 15:42:00,18.0,12613.0,Germany
547384,POST,POSTAGE,1,2011-03-22 15:46:00,18.0,12613.0,Germany
547389,35471D,SET OF 3 BIRD LIGHT PINK FEATHER ,2,2011-03-22 16:08:00,1.25,16721.0,United Kingdom
547390,POST,POSTAGE,1,2011-03-22 16:08:00,40.0,12352.0,Norway
547412,POST,POSTAGE,1,2011-03-23 09:42:00,15.0,12399.0,Belgium
547417,47591D,PINK FAIRY CAKE CHILDRENS APRON,8,2011-03-23 10:25:00,1.95,13239.0,United Kingdom
547444,POST,POSTAGE,1,2011-03-23 10:55:00,1.0,12811.0,Portugal
547485,84997D,CHILDRENS CUTLERY POLKADOT PINK,4,2011-03-23 11:16:00,4.15,17019.0,United Kingdom
547493,POST,POSTAGE,9,2011-03-23 12:06:00,40.0,12818.0,Austria
547492,47591D,PINK FAIRY CAKE CHILDRENS APRON,8,2011-03-23 12:06:00,1.95,12604.0,France
547492,POST,POSTAGE,1,2011-03-23 12:06:00,18.0,12604.0,France
547497,90036D,"FLOWER GLASS GARLAND NECKL.36""BLACK",4,2011-03-23 12:15:00,7.95,14461.0,United Kingdom
547497,84997D,CHILDRENS CUTLERY POLKADOT PINK,1,2011-03-23 12:15:00,4.15,14461.0,United Kingdom
547498,84997D,CHILDRENS CUTLERY POLKADOT PINK,1,2011-03-23 12:24:00,4.15,15021.0,United Kingdom
547504,84997D,CHILDRENS CUTLERY POLKADOT PINK,6,2011-03-23 13:33:00,4.15,12683.0,France
547504,POST,POSTAGE,8,2011-03-23 13:33:00,18.0,12683.0,France
547513,46000M,POLYESTER FILLER PAD 45x45cm,4,2011-03-23 13:59:00,1.55,17519.0,United Kingdom
547517,POST,POSTAGE,3,2011-03-23 14:33:00,15.0,12395.0,Belgium
547520,POST,POSTAGE,3,2011-03-23 14:55:00,18.0,12564.0,France
547566,POST,POSTAGE,1,2011-03-24 09:42:00,27.0,12811.0,Portugal
547567,85049D,BRIGHT BLUES RIBBONS ,12,2011-03-24 09:44:00,1.25,17644.0,United Kingdom
547623,47591D,PINK FAIRY CAKE CHILDRENS APRON,8,2011-03-24 11:29:00,1.95,15641.0,United Kingdom
547645,POST,POSTAGE,1,2011-03-24 11:40:00,40.0,12676.0,Sweden
547651,82613D,METAL SIGN CUPCAKE SINGLE HOOK,1,2011-03-24 12:11:00,1.25,16904.0,United Kingdom
547652,85129D,BEADED CRYSTAL HEART PINK SMALL,1,2011-03-24 12:15:00,1.25,14606.0,United Kingdom
547654,84997D,CHILDRENS CUTLERY POLKADOT PINK,1,2011-03-24 12:32:00,4.15,14527.0,United Kingdom
547656,17090D,VANILLA INCENSE 40 CONES IN TIN,1,2011-03-24 12:53:00,1.25,13263.0,United Kingdom
547672,85049D,BRIGHT BLUES RIBBONS ,6,2011-03-24 13:54:00,1.25,17754.0,United Kingdom
547684,POST,POSTAGE,5,2011-03-24 14:46:00,15.0,12408.0,Belgium
547702,85049D,BRIGHT BLUES RIBBONS ,12,2011-03-24 16:45:00,1.25,14911.0,EIRE
547703,85049D,BRIGHT BLUES RIBBONS ,12,2011-03-24 17:10:00,1.25,12540.0,Spain
547703,POST,POSTAGE,8,2011-03-24 17:10:00,28.0,12540.0,Spain
547709,84849D,HOT BATHS SOAP HOLDER,2,2011-03-24 18:43:00,1.69,18109.0,United Kingdom
547715,POST,POSTAGE,2,2011-03-25 08:50:00,18.0,12520.0,Germany
547722,84997D,CHILDRENS CUTLERY POLKADOT PINK,4,2011-03-25 10:19:00,4.15,12553.0,France
547722,POST,POSTAGE,3,2011-03-25 10:19:00,18.0,12553.0,France
547786,84997D,CHILDRENS CUTLERY POLKADOT PINK,1,2011-03-25 11:44:00,4.15,14587.0,United Kingdom
547790,85049D,BRIGHT BLUES RIBBONS ,12,2011-03-25 12:04:00,1.25,12545.0,Spain
547790,POST,POSTAGE,3,2011-03-25 12:04:00,28.0,12545.0,Spain
547796,POST,POSTAGE,9,2011-03-25 12:34:00,15.0,14646.0,Netherlands
547815,84997D,CHILDRENS CUTLERY POLKADOT PINK,4,2011-03-25 14:19:00,4.15,13520.0,Switzerland
547815,POST,POSTAGE,1,2011-03-25 14:19:00,40.0,13520.0,Switzerland
547821,POST,POSTAGE,4,2011-03-25 14:50:00,18.0,12621.0,Germany
547822,POST,POSTAGE,16,2011-03-25 14:53:00,18.0,12668.0,Germany
547825,POST,POSTAGE,1,2011-03-25 15:01:00,15.0,12778.0,Netherlands
547826,17013D,ORIGAMI ROSE INCENSE IN TUBE,1,2011-03-25 15:08:00,1.65,18078.0,United Kingdom
547843,79302M,"ART LIGHTS,FUNK MONKEY",20,2011-03-27 11:22:00,2.55,18273.0,United Kingdom
547850,85130D,BEADED CRYSTAL HEART PINK LARGE,2,2011-03-27 12:06:00,1.65,14472.0,United Kingdom
547863,POST,POSTAGE,2,2011-03-27 13:07:00,18.0,12728.0,France
547867,85049D,BRIGHT BLUES RIBBONS ,1,2011-03-27 13:56:00,1.25,13357.0,United Kingdom
547870,82613D,METAL SIGN CUPCAKE SINGLE HOOK,4,2011-03-27 14:18:00,1.25,13668.0,United Kingdom
547871,85169D,PINK LOVE BIRD CANDLE,1,2011-03-27 14:28:00,1.25,16931.0,United Kingdom
547873,M,Manual,1,2011-03-27 15:33:00,14.95,13240.0,United Kingdom
547879,15044D,RED PAPER PARASOL,6,2011-03-27 16:03:00,2.95,12877.0,United Kingdom
547884,47591D,PINK FAIRY CAKE CHILDRENS APRON,8,2011-03-28 09:07:00,1.95,13481.0,United Kingdom
547892,POST,POSTAGE,6,2011-03-28 10:15:00,18.0,12669.0,France
547896,72801D,4 SKY BLUE DINNER CANDLES,1,2011-03-28 11:34:00,1.25,17841.0,United Kingdom
547897,POST,POSTAGE,2,2011-03-28 11:36:00,28.0,12792.0,Portugal
547906,M,Manual,2,2011-03-28 12:13:00,0.5,14410.0,United Kingdom
547910,85049D,BRIGHT BLUES RIBBONS ,1,2011-03-28 12:23:00,1.25,14159.0,United Kingdom
547914,POST,POSTAGE,1,2011-03-28 12:35:00,18.0,12594.0,Italy
547920,84849D,HOT BATHS SOAP HOLDER,2,2011-03-28 12:52:00,1.69,14730.0,United Kingdom
547921,79030D,"TUMBLER, BAROQUE",6,2011-03-28 13:28:00,1.65,14766.0,United Kingdom
547924,85129D,BEADED CRYSTAL HEART PINK SMALL,12,2011-03-28 13:39:00,1.25,17749.0,United Kingdom
547925,POST,POSTAGE,4,2011-03-28 13:57:00,18.0,12481.0,Germany
547931,POST,POSTAGE,1,2011-03-28 14:01:00,28.0,12594.0,Italy
547934,POST,POSTAGE,1,2011-03-28 14:07:00,18.0,12474.0,Germany
547937,84569D,PACK 6 HEART/ICE-CREAM PATCHES,3,2011-03-28 14:27:00,1.25,15068.0,United Kingdom
547937,16169M,WRAP DAISY CARPET ,25,2011-03-28 14:27:00,0.42,15068.0,United Kingdom
547941,POST,POSTAGE,1,2011-03-28 14:46:00,150.0,16692.0,United Kingdom
547960,47591D,PINK FAIRY CAKE CHILDRENS APRON,2,2011-03-28 15:27:00,1.95,15644.0,United Kingdom
547962,85049D,BRIGHT BLUES RIBBONS ,12,2011-03-28 15:38:00,1.25,12957.0,United Kingdom
548017,47591D,PINK FAIRY CAKE CHILDRENS APRON,8,2011-03-29 11:42:00,1.95,16871.0,United Kingdom
548160,85049D,BRIGHT BLUES RIBBONS ,24,2011-03-29 13:33:00,1.25,16253.0,United Kingdom
548172,84997D,CHILDRENS CUTLERY POLKADOT PINK,4,2011-03-29 14:13:00,4.15,15738.0,United Kingdom
548210,85170D,SET/6 PINK BIRD T-LIGHT CANDLES,1,2011-03-29 17:23:00,2.1,14606.0,United Kingdom
548212,84997D,CHILDRENS CUTLERY POLKADOT PINK,6,2011-03-30 09:12:00,4.15,12456.0,Switzerland
548212,POST,POSTAGE,4,2011-03-30 09:12:00,40.0,12456.0,Switzerland
548289,16169M,WRAP DAISY CARPET ,25,2011-03-30 11:48:00,0.42,13988.0,United Kingdom
548308,47591D,PINK FAIRY CAKE CHILDRENS APRON,2,2011-03-30 12:00:00,1.95,17220.0,United Kingdom
548318,47591D,PINK FAIRY CAKE CHILDRENS APRON,8,2011-03-30 12:45:00,1.95,13113.0,United Kingdom
548320,POST,POSTAGE,2,2011-03-30 12:54:00,18.0,12709.0,Germany
548327,M,Manual,1,2011-03-30 13:05:00,1.65,16788.0,United Kingdom
548363,POST,POSTAGE,10,2011-03-30 15:48:00,40.0,12428.0,Finland
548370,90002D,FLOWER BURST SILVER RING CRYSTAL,1,2011-03-30 16:14:00,3.75,15528.0,United Kingdom
548370,46000M,POLYESTER FILLER PAD 45x45cm,10,2011-03-30 16:14:00,1.55,15528.0,United Kingdom
548388,84925D,LA PALMIERA WALL THERMOMETER,3,2011-03-30 16:52:00,2.55,13268.0,United Kingdom
548412,POST,POSTAGE,1,2011-03-31 10:38:00,18.0,12601.0,Germany
548451,85049D,BRIGHT BLUES RIBBONS ,1,2011-03-31 11:25:00,1.25,17365.0,United Kingdom
548451,85049D,BRIGHT BLUES RIBBONS ,5,2011-03-31 11:25:00,1.25,17365.0,United Kingdom
548452,84849D,HOT BATHS SOAP HOLDER,12,2011-03-31 11:37:00,1.69,13060.0,United Kingdom
548455,79302M,"ART LIGHTS,FUNK MONKEY",6,2011-03-31 11:49:00,2.95,14790.0,United Kingdom
548461,M,Manual,2,2011-03-31 12:08:00,0.5,14527.0,United Kingdom
548466,84997D,CHILDRENS CUTLERY POLKADOT PINK,4,2011-03-31 12:19:00,4.15,16386.0,United Kingdom
548470,47591D,PINK FAIRY CAKE CHILDRENS APRON,16,2011-03-31 12:36:00,1.95,12782.0,Portugal
548470,POST,POSTAGE,2,2011-03-31 12:36:00,28.0,12782.0,Portugal
548490,84997D,CHILDRENS CUTLERY POLKADOT PINK,4,2011-03-31 13:13:00,4.15,12909.0,United Kingdom
548499,84997D,CHILDRENS CUTLERY POLKADOT PINK,3,2011-03-31 13:47:00,4.15,17075.0,United Kingdom
548520,84876D,BLUE HEART COMPACT MIRROR,24,2011-03-31 16:40:00,1.25,13126.0,United Kingdom
548545,90026D,GLASS BEAD HOOP NECKLACE AMETHYST,1,2011-03-31 19:12:00,8.5,13118.0,United Kingdom
548554,79030D,"TUMBLER, BAROQUE",24,2011-04-01 09:19:00,0.39,13694.0,United Kingdom
548561,84997D,CHILDRENS CUTLERY POLKADOT PINK,4,2011-04-01 10:11:00,4.15,16609.0,United Kingdom
548568,M,Manual,1,2011-04-01 10:43:00,12.75,14543.0,United Kingdom
548568,M,Manual,2,2011-04-01 10:43:00,10.95,14543.0,United Kingdom
548610,84926D,LA PALMIERA TILE COASTER,4,2011-04-01 11:28:00,1.25,15860.0,United Kingdom
548612,84997D,CHILDRENS CUTLERY POLKADOT PINK,1,2011-04-01 11:34:00,4.15,13137.0,United Kingdom
548621,M,Manual,3,2011-04-01 11:54:00,0.65,16960.0,United Kingdom
548631,M,Manual,1,2011-04-01 12:24:00,1.0,13184.0,United Kingdom
548634,15044D,RED PAPER PARASOL,6,2011-04-01 12:26:00,2.95,12877.0,United Kingdom
548642,72800D,4 BLUE DINNER CANDLES SILVER FLOCK,2,2011-04-01 13:00:00,2.55,17287.0,United Kingdom
548654,POST,POSTAGE,7,2011-04-01 13:47:00,18.0,12569.0,Germany
548661,POST,POSTAGE,1,2011-04-01 14:28:00,350.0,12415.0,Australia
548664,85049D,BRIGHT BLUES RIBBONS ,12,2011-04-01 14:45:00,1.25,14911.0,EIRE
548670,84849D,HOT BATHS SOAP HOLDER,3,2011-04-01 15:37:00,1.69,15356.0,United Kingdom
548686,79190D,RETRO PLASTIC DAISY TRAY,15,2011-04-01 16:49:00,0.42,15856.0,United Kingdom
548697,46000M,POLYESTER FILLER PAD 45x45cm,20,2011-04-03 10:49:00,1.55,15482.0,United Kingdom
548708,47310M,"SMALL POP BOX,FUNKY MONKEY",1,2011-04-03 12:41:00,1.25,13269.0,United Kingdom
548711,47591D,PINK FAIRY CAKE CHILDRENS APRON,1,2011-04-03 14:24:00,1.95,18116.0,United Kingdom
548714,15044D,RED PAPER PARASOL,1,2011-04-03 15:07:00,2.95,17337.0,United Kingdom
548714,84849D,HOT BATHS SOAP HOLDER,1,2011-04-03 15:07:00,1.69,17337.0,United Kingdom
548714,84925D,LA PALMIERA WALL THERMOMETER,1,2011-04-03 15:07:00,2.55,17337.0,United Kingdom
548715,84569D,PACK 6 HEART/ICE-CREAM PATCHES,4,2011-04-03 15:22:00,1.25,17758.0,United Kingdom
548715,85049D,BRIGHT BLUES RIBBONS ,4,2011-04-03 15:22:00,1.25,17758.0,United Kingdom
548718,84849D,HOT BATHS SOAP HOLDER,72,2011-04-04 08:50:00,1.69,14156.0,EIRE
548725,POST,POSTAGE,1,2011-04-04 09:08:00,134.0,12678.0,France
548728,16168M,FUNKY MONKEY GIFT BAG MEDIUM,24,2011-04-04 09:55:00,0.42,13198.0,United Kingdom
548737,POST,POSTAGE,4,2011-04-04 11:18:00,18.0,12682.0,France
548742,47310M,"SMALL POP BOX,FUNKY MONKEY",20,2011-04-04 12:00:00,1.25,14688.0,United Kingdom
548744,17107D,"FLOWER FAIRY,5 SUMMER B'DRAW LINERS",6,2011-04-04 12:07:00,2.55,17725.0,United Kingdom
548745,POST,POSTAGE,3,2011-04-04 12:10:00,18.0,12471.0,Germany
548808,72800D,4 BLUE DINNER CANDLES SILVER FLOCK,4,2011-04-04 12:55:00,2.55,17774.0,United Kingdom
548813,M,Manual,1,2011-04-04 13:03:00,162.6,12744.0,Singapore
548813,M,Manual,1,2011-04-04 13:03:00,2382.92,12744.0,Singapore
548813,M,Manual,1,2011-04-04 13:03:00,239.3,12744.0,Singapore
548813,M,Manual,1,2011-04-04 13:03:00,1252.95,12744.0,Singapore
548820,M,Manual,1,2011-04-04 13:04:00,2053.07,12744.0,Singapore
548860,M,Manual,1,2011-04-04 13:38:00,2.0,13263.0,United Kingdom
548896,15044D,RED PAPER PARASOL,6,2011-04-04 16:21:00,2.95,13767.0,United Kingdom
548898,72800D,4 BLUE DINNER CANDLES SILVER FLOCK,1,2011-04-04 16:28:00,2.55,17214.0,United Kingdom
548900,79030D,TUMBLER BAROQUE,12,2011-04-04 16:36:00,0.39,17848.0,United Kingdom
548913,M,Manual,1,2011-04-05 09:45:00,1136.3,12669.0,France
548955,POST,POSTAGE,1,2011-04-05 10:47:00,40.0,12348.0,Finland
548984,84997D,CHILDRENS CUTLERY POLKADOT PINK,4,2011-04-05 12:37:00,4.15,14546.0,United Kingdom
548984,85049D,BRIGHT BLUES RIBBONS ,2,2011-04-05 12:37:00,1.25,14546.0,United Kingdom
549047,15044D,RED PAPER PARASOL,1,2011-04-06 10:07:00,2.95,17783.0,United Kingdom
549101,85130D,BEADED CRYSTAL HEART PINK LARGE,2,2011-04-06 11:34:00,1.65,14606.0,United Kingdom
549102,16168M,FUNKY MONKEY GIFT BAG MEDIUM,24,2011-04-06 11:34:00,0.42,13266.0,United Kingdom
549116,84875D,BLUE SQUARE COMPACT MIRROR,12,2011-04-06 12:49:00,1.25,16670.0,United Kingdom
549120,84997D,CHILDRENS CUTLERY POLKADOT PINK,2,2011-04-06 13:28:00,4.15,14587.0,United Kingdom
549185,84997D,CHILDRENS CUTLERY POLKADOT PINK,4,2011-04-07 09:35:00,4.15,18272.0,United Kingdom
549188,84849D,HOT BATHS SOAP HOLDER,12,2011-04-07 10:10:00,1.69,13731.0,United Kingdom
549188,84926D,LA PALMIERA TILE COASTER,12,2011-04-07 10:10:00,1.25,13731.0,United Kingdom
549188,85232D,SET/3 DECOUPAGE STACKING TINS,3,2011-04-07 10:10:00,4.95,13731.0,United Kingdom
549193,POST,POSTAGE,2,2011-04-07 10:24:00,18.0,12580.0,Germany
549196,47591D,PINK FAIRY CAKE CHILDRENS APRON,8,2011-04-07 10:33:00,1.95,14911.0,EIRE
549238,84997D,CHILDRENS CUTLERY POLKADOT PINK,2,2011-04-07 11:30:00,4.15,14667.0,United Kingdom
549238,84849D,HOT BATHS SOAP HOLDER,3,2011-04-07 11:30:00,1.69,14667.0,United Kingdom
549245,M,Manual,2,2011-04-07 11:59:00,0.85,15005.0,United Kingdom
549249,POST,POSTAGE,2,2011-04-07 12:04:00,15.0,12423.0,Belgium
549250,84997D,CHILDRENS CUTLERY POLKADOT PINK,2,2011-04-07 12:10:00,4.15,14446.0,United Kingdom
549250,47591D,PINK FAIRY CAKE CHILDRENS APRON,1,2011-04-07 12:10:00,1.95,14446.0,United Kingdom
549262,15044D,RED PAPER PARASOL,1,2011-04-07 12:38:00,2.95,14465.0,United Kingdom
549274,POST,POSTAGE,3,2011-04-07 13:07:00,18.0,12721.0,France
549289,16169M,WRAP DAISY CARPET ,25,2011-04-07 18:09:00,0.42,14395.0,United Kingdom
549289,84849D,HOT BATHS SOAP HOLDER,4,2011-04-07 18:09:00,1.69,14395.0,United Kingdom
549291,82613D,METAL SIGN CUPCAKE SINGLE HOOK,1,2011-04-07 19:05:00,1.25,16261.0,United Kingdom
549292,46000M,POLYESTER FILLER PAD 45x45cm,2,2011-04-07 19:10:00,1.55,17869.0,United Kingdom
549307,85032D,YULETIDE IMAGES GIFT WRAP SET,6,2011-04-08 09:08:00,2.1,15119.0,United Kingdom
549317,84997D,CHILDRENS CUTLERY POLKADOT PINK,4,2011-04-08 09:58:00,4.15,15109.0,United Kingdom
549325,POST,POSTAGE,2,2011-04-08 10:32:00,50.0,12717.0,Greece
549387,84997D,CHILDRENS CUTLERY POLKADOT PINK,4,2011-04-08 11:33:00,4.15,13178.0,United Kingdom
549434,POST,POSTAGE,4,2011-04-08 12:30:00,18.0,12647.0,Germany
549468,M,Manual,1,2011-04-08 14:27:00,1867.86,17940.0,United Kingdom
549538,84876D,BLUE HEART COMPACT MIRROR,3,2011-04-08 17:25:00,3.75,17961.0,United Kingdom
549543,47591D,PINK FAIRY CAKE CHILDRENS APRON,1,2011-04-10 11:14:00,1.95,18118.0,United Kingdom
549550,90024D,NEW BAROQUE B'FLY NECKLACE PINK,1,2011-04-10 11:45:00,8.5,15038.0,United Kingdom
549553,85170D,SET/6 PINK BIRD T-LIGHT CANDLES,1,2011-04-10 12:22:00,2.1,16931.0,United Kingdom
549559,POST,POSTAGE,3,2011-04-10 13:25:00,15.0,12447.0,Belgium
549562,15044D,RED PAPER PARASOL,1,2011-04-10 13:48:00,2.95,13232.0,United Kingdom
549563,79030D,TUMBLER BAROQUE,6,2011-04-10 14:02:00,0.39,14030.0,United Kingdom
549566,17107D,"FLOWER FAIRY,5 SUMMER B'DRAW LINERS",2,2011-04-10 14:27:00,2.55,13610.0,United Kingdom
549573,84849D,HOT BATHS SOAP HOLDER,1,2011-04-10 16:01:00,1.69,14504.0,United Kingdom
549573,90175D,TIGRIS EYE CHUNKY CHARM BRACELET,1,2011-04-10 16:01:00,8.95,14504.0,United Kingdom
549573,90123D,WHITE HEART OF GLASS BRACELET,2,2011-04-10 16:01:00,5.95,14504.0,United Kingdom
549573,90142D,MOP PENDANT SHELL NECKLACE,2,2011-04-10 16:01:00,4.95,14504.0,United Kingdom
549573,90200D,PINK SWEETHEART BRACELET,2,2011-04-10 16:01:00,4.25,14504.0,United Kingdom
549573,90003D,CRYSTAL PAIR HEART HAIR SLIDES,2,2011-04-10 16:01:00,3.75,14504.0,United Kingdom
549575,85130D,BEADED CRYSTAL HEART PINK LARGE,2,2011-04-10 16:04:00,1.65,13956.0,United Kingdom
549588,47591D,PINK FAIRY CAKE CHILDRENS APRON,8,2011-04-11 10:04:00,1.95,12428.0,Finland
549588,POST,POSTAGE,3,2011-04-11 10:04:00,40.0,12428.0,Finland
549665,84997D,CHILDRENS CUTLERY POLKADOT PINK,5,2011-04-11 12:17:00,4.15,14541.0,United Kingdom
549680,POST,POSTAGE,2,2011-04-11 13:02:00,18.0,12701.0,Germany
549682,POST,POSTAGE,2,2011-04-11 13:22:00,28.0,12596.0,Spain
549689,POST,POSTAGE,1,2011-04-11 13:40:00,4.95,15971.0,United Kingdom
549690,47310M,"SMALL POP BOX,FUNKY MONKEY",1,2011-04-11 13:41:00,1.25,17841.0,United Kingdom
549717,BANK CHARGES,Bank Charges,1,2011-04-11 14:56:00,15.0,14606.0,United Kingdom
549730,M,Manual,1,2011-04-11 16:35:00,1.5,15867.0,United Kingdom
549734,84997D,CHILDRENS CUTLERY POLKADOT PINK,3,2011-04-11 17:12:00,4.15,16409.0,United Kingdom
549739,M,Manual,1,2011-04-12 09:35:00,308.82,15935.0,United Kingdom
549787,84925D,LA PALMIERA WALL THERMOMETER,2,2011-04-12 11:58:00,2.55,13268.0,United Kingdom
549789,47591D,PINK FAIRY CAKE CHILDRENS APRON,8,2011-04-12 12:00:00,1.95,17160.0,United Kingdom
549825,85232D,SET/3 DECOUPAGE STACKING TINS,3,2011-04-12 12:47:00,4.95,12463.0,Belgium
549825,POST,POSTAGE,2,2011-04-12 12:47:00,18.0,12463.0,Belgium
549844,85169D,PINK LOVE BIRD CANDLE,2,2011-04-12 14:17:00,1.25,12854.0,United Kingdom
549852,85170D,SET/6 PINK BIRD T-LIGHT CANDLES,6,2011-04-12 15:08:00,2.1,14289.0,United Kingdom
549874,47591D,PINK FAIRY CAKE CHILDRENS APRON,1,2011-04-12 15:23:00,1.95,16919.0,United Kingdom
549910,15044D,RED PAPER PARASOL,3,2011-04-12 17:12:00,2.95,16697.0,United Kingdom
549939,84876D,BLUE HEART COMPACT MIRROR,4,2011-04-13 11:46:00,3.75,16309.0,United Kingdom
549957,90185D,CRYSTAL DIAMANTE EXPANDABLE RING,6,2011-04-13 13:45:00,4.25,13539.0,United Kingdom
549958,84997D,CHILDRENS CUTLERY POLKADOT PINK,3,2011-04-13 13:47:00,4.15,17589.0,United Kingdom
549964,15044D,RED PAPER PARASOL,6,2011-04-13 14:12:00,2.95,13122.0,United Kingdom
549966,84569D,PACK 6 HEART/ICE-CREAM PATCHES,12,2011-04-13 14:17:00,1.25,16224.0,United Kingdom
549979,46000M,POLYESTER FILLER PAD 45x45cm,20,2011-04-13 15:06:00,1.55,17511.0,United Kingdom
549981,M,Manual,6,2011-04-13 15:49:00,0.39,16348.0,United Kingdom
549989,M,Manual,1,2011-04-13 16:58:00,2.55,13221.0,United Kingdom
549989,90142D,MOP PENDANT SHELL NECKLACE,4,2011-04-13 16:58:00,4.95,13221.0,United Kingdom
550002,POST,POSTAGE,1,2011-04-14 09:30:00,18.0,12709.0,Germany
550004,POST,POSTAGE,4,2011-04-14 09:56:00,18.0,12569.0,Germany
550016,47591D,PINK FAIRY CAKE CHILDRENS APRON,8,2011-04-14 10:54:00,1.95,15416.0,United Kingdom
550034,47591D,PINK FAIRY CAKE CHILDRENS APRON,16,2011-04-14 11:48:00,1.95,16187.0,United Kingdom
550130,84997D,CHILDRENS CUTLERY POLKADOT PINK,2,2011-04-14 13:17:00,4.15,14390.0,United Kingdom
550145,POST,POSTAGE,3,2011-04-14 14:15:00,18.0,12637.0,France
550162,POST,POSTAGE,2,2011-04-14 16:23:00,18.0,12569.0,Germany
550178,84569D,PACK 6 HEART/ICE-CREAM PATCHES,12,2011-04-14 17:25:00,1.25,12662.0,Germany
550178,POST,POSTAGE,2,2011-04-14 17:25:00,18.0,12662.0,Germany
550184,84569D,PACK 6 HEART/ICE-CREAM PATCHES,6,2011-04-14 18:02:00,1.25,17601.0,United Kingdom
550187,POST,POSTAGE,2,2011-04-14 18:40:00,18.0,13811.0,Germany
550188,POST,POSTAGE,3,2011-04-14 18:57:00,40.0,12457.0,Switzerland
550192,POST,POSTAGE,3,2011-04-15 08:45:00,40.0,12582.0,Finland
550193,46776D,WOVEN SUNSET CUSHION COVER ,6,2011-04-15 09:27:00,4.95,13952.0,United Kingdom
550193,47591D,PINK FAIRY CAKE CHILDRENS APRON,8,2011-04-15 09:27:00,1.95,13952.0,United Kingdom
550193,PADS,PADS TO MATCH ALL CUSHIONS,1,2011-04-15 09:27:00,0.001,13952.0,United Kingdom
550193,46000M,POLYESTER FILLER PAD 45x45cm,8,2011-04-15 09:27:00,1.55,13952.0,United Kingdom
550277,84997D,CHILDRENS CUTLERY POLKADOT PINK,4,2011-04-15 12:48:00,4.15,12639.0,Sweden
550277,POST,POSTAGE,3,2011-04-15 12:48:00,40.0,12639.0,Sweden
550281,POST,POSTAGE,1,2011-04-15 13:48:00,40.0,12457.0,Switzerland
550284,84997D,CHILDRENS CUTLERY POLKADOT PINK,4,2011-04-15 14:10:00,4.15,12383.0,Belgium
550284,POST,POSTAGE,1,2011-04-15 14:10:00,15.0,12383.0,Belgium
550301,72800D,4 BLUE DINNER CANDLES SILVER FLOCK,12,2011-04-17 10:15:00,2.55,17243.0,United Kingdom
550311,17109D,FLOWER FAIRY INCENSE BOUQUET,2,2011-04-17 11:04:00,0.38,16728.0,United Kingdom
550311,17107D,"FLOWER FAIRY,5 SUMMER B'DRAW LINERS",1,2011-04-17 11:04:00,2.55,16728.0,United Kingdom
550313,POST,POSTAGE,2,2011-04-17 11:21:00,18.0,12681.0,France
550314,35471D,SET OF 3 BIRD LIGHT PINK FEATHER ,4,2011-04-17 11:30:00,1.25,16905.0,United Kingdom
550315,85049D,BRIGHT BLUES RIBBONS ,12,2011-04-17 11:44:00,1.25,17990.0,United Kingdom
550318,85049D,BRIGHT BLUES RIBBONS ,3,2011-04-17 12:25:00,1.25,16085.0,United Kingdom
550319,84997D,CHILDRENS CUTLERY POLKADOT PINK,6,2011-04-17 12:37:00,4.15,14524.0,United Kingdom
550325,46000M,POLYESTER FILLER PAD 45x45cm,6,2011-04-17 13:04:00,1.55,15745.0,United Kingdom
550331,17107D,"FLOWER FAIRY,5 SUMMER B'DRAW LINERS",2,2011-04-17 13:43:00,2.55,15555.0,United Kingdom
550332,82613D,METAL SIGN CUPCAKE SINGLE HOOK,1,2011-04-17 13:53:00,1.25,13474.0,United Kingdom
550332,85049D,BRIGHT BLUES RIBBONS ,1,2011-04-17 13:53:00,1.25,13474.0,United Kingdom
550354,M,Manual,1,2011-04-18 10:28:00,222.75,13811.0,Germany
550408,47591D,PINK FAIRY CAKE CHILDRENS APRON,2,2011-04-18 11:59:00,1.95,16746.0,United Kingdom
550440,POST,POSTAGE,2,2011-04-18 12:25:00,15.0,12407.0,Belgium
550457,47591D,PINK FAIRY CAKE CHILDRENS APRON,50,2011-04-18 13:12:00,1.65,13798.0,United Kingdom
550459,47591D,PINK FAIRY CAKE CHILDRENS APRON,1,2011-04-18 13:17:00,1.95,18116.0,United Kingdom
550464,47591D,PINK FAIRY CAKE CHILDRENS APRON,3,2011-04-18 13:30:00,1.95,16550.0,United Kingdom
550464,84997D,CHILDRENS CUTLERY POLKADOT PINK,4,2011-04-18 13:30:00,4.15,16550.0,United Kingdom
550469,M,Manual,18,2011-04-18 13:46:00,0.1,16399.0,United Kingdom
550477,47591D,PINK FAIRY CAKE CHILDRENS APRON,3,2011-04-18 14:01:00,1.95,17338.0,United Kingdom
550488,M,Manual,4,2011-04-18 14:27:00,0.83,16729.0,United Kingdom
550513,M,Manual,1,2011-04-18 16:37:00,7.95,16928.0,United Kingdom
550513,84927D,LA PALMIERA TILE HOOK,2,2011-04-18 16:37:00,2.1,16928.0,United Kingdom
550527,84849D,HOT BATHS SOAP HOLDER,12,2011-04-19 10:48:00,1.69,12476.0,Germany
550527,POST,POSTAGE,11,2011-04-19 10:48:00,18.0,12476.0,Germany
550532,85232D,SET/3 DECOUPAGE STACKING TINS,1,2011-04-19 11:02:00,4.95,14606.0,United Kingdom
550607,47591D,PINK FAIRY CAKE CHILDRENS APRON,2,2011-04-19 12:17:00,1.95,16919.0,United Kingdom
550620,POST,POSTAGE,6,2011-04-19 13:39:00,18.0,12585.0,Germany
550625,POST,POSTAGE,2,2011-04-19 14:02:00,18.0,12619.0,Germany
550626,37489D,PINK/GREEN FLOWER DESIGN BIG MUG,4,2011-04-19 14:23:00,0.39,13184.0,United Kingdom
550630,79030D,TUMBLER BAROQUE,24,2011-04-19 14:49:00,0.39,14298.0,United Kingdom
550630,17109D,FLOWER FAIRY INCENSE BOUQUET,36,2011-04-19 14:49:00,0.38,14298.0,United Kingdom
550630,17013D,ORIGAMI ROSE INCENSE IN TUBE,96,2011-04-19 14:49:00,0.42,14298.0,United Kingdom
550633,M,Manual,1,2011-04-19 14:57:00,3.0,17449.0,United Kingdom
550633,90160D,PINK BOUDICCA LARGE BRACELET,2,2011-04-19 14:57:00,6.95,17449.0,United Kingdom
550637,47591D,PINK FAIRY CAKE CHILDRENS APRON,1,2011-04-19 15:39:00,1.95,14415.0,United Kingdom
550651,85049D,BRIGHT BLUES RIBBONS ,1,2011-04-19 16:52:00,1.25,15436.0,United Kingdom
550651,17107D,"FLOWER FAIRY,5 SUMMER B'DRAW LINERS",2,2011-04-19 16:52:00,2.55,15436.0,United Kingdom
550655,85032D,YULETIDE IMAGES GIFT WRAP SET,1,2011-04-19 17:19:00,2.1,17217.0,United Kingdom
550661,POST,POSTAGE,4,2011-04-20 09:20:00,18.0,12656.0,France
550665,84997D,CHILDRENS CUTLERY POLKADOT PINK,8,2011-04-20 09:31:00,4.15,12530.0,Germany
550665,POST,POSTAGE,2,2011-04-20 09:31:00,18.0,12530.0,Germany
550774,79302M,"ART LIGHTS,FUNK MONKEY",6,2011-04-20 13:18:00,2.95,14626.0,United Kingdom
550805,47310M,"SMALL POP BOX,FUNKY MONKEY",24,2011-04-20 15:38:00,1.25,13162.0,United Kingdom
550806,47591D,PINK FAIRY CAKE CHILDRENS APRON,8,2011-04-20 15:44:00,1.95,14334.0,United Kingdom
550818,17107D,"FLOWER FAIRY,5 SUMMER B'DRAW LINERS",2,2011-04-20 17:10:00,2.55,15912.0,United Kingdom
550823,47591D,PINK FAIRY CAKE CHILDRENS APRON,50,2011-04-21 09:36:00,1.65,16133.0,United Kingdom
550827,POST,POSTAGE,3,2011-04-21 10:16:00,18.0,12670.0,France
550829,47591D,PINK FAIRY CAKE CHILDRENS APRON,1,2011-04-21 10:19:00,1.95,17841.0,United Kingdom
550829,15044D,RED PAPER PARASOL,1,2011-04-21 10:19:00,2.95,17841.0,United Kingdom
550899,85232D,SET/3 DECOUPAGE STACKING TINS,3,2011-04-21 12:07:00,4.95,13505.0,Switzerland
550899,POST,POSTAGE,4,2011-04-21 12:07:00,40.0,13505.0,Switzerland
550906,79030D,TUMBLER BAROQUE,24,2011-04-21 12:34:00,0.39,14298.0,United Kingdom
550906,17109D,FLOWER FAIRY INCENSE BOUQUET,16,2011-04-21 12:34:00,0.38,14298.0,United Kingdom
550906,17013D,ORIGAMI ROSE INCENSE IN TUBE,96,2011-04-21 12:34:00,0.42,14298.0,United Kingdom
550911,84997D,CHILDRENS CUTLERY POLKADOT PINK,4,2011-04-21 13:11:00,4.15,12354.0,Spain
550913,47591D,PINK FAIRY CAKE CHILDRENS APRON,8,2011-04-21 13:22:00,1.95,17631.0,United Kingdom
550913,46775D,SUNSET COLOUR CHUNKY KNITTED THROW,1,2011-04-21 13:22:00,16.95,17631.0,United Kingdom
550914,47591D,PINK FAIRY CAKE CHILDRENS APRON,50,2011-04-21 13:29:00,1.65,17061.0,United Kingdom
550924,84997D,CHILDRENS CUTLERY POLKADOT PINK,72,2011-04-21 14:33:00,3.75,12664.0,Finland
550924,POST,POSTAGE,1,2011-04-21 14:33:00,40.0,12664.0,Finland
550941,15044D,RED PAPER PARASOL,1,2011-04-21 15:46:00,2.95,17109.0,United Kingdom
550946,POST,POSTAGE,1,2011-04-21 15:52:00,18.0,12708.0,Germany
550957,M,Manual,1,2011-04-21 16:37:00,1.95,18283.0,United Kingdom
550957,47591D,PINK FAIRY CAKE CHILDRENS APRON,1,2011-04-21 16:37:00,1.95,18283.0,United Kingdom
550956,84997D,CHILDRENS CUTLERY POLKADOT PINK,4,2011-04-21 16:37:00,4.15,17179.0,United Kingdom
550960,POST,POSTAGE,1,2011-04-21 16:39:00,18.0,12622.0,Germany
550964,79190D,RETRO PLASTIC DAISY TRAY,15,2011-04-21 16:48:00,0.42,15856.0,United Kingdom
550974,47591D,PINK FAIRY CAKE CHILDRENS APRON,8,2011-04-21 17:10:00,1.95,13862.0,United Kingdom
550998,POST,POSTAGE,1,2011-04-26 09:12:00,40.0,12414.0,Austria
551013,POST,POSTAGE,2,2011-04-26 10:54:00,18.0,15108.0,European Community
551016,M,Manual,2,2011-04-26 11:09:00,1.65,17975.0,United Kingdom
551054,POST,POSTAGE,2,2011-04-26 11:44:00,28.0,12429.0,Austria
551088,85049D,BRIGHT BLUES RIBBONS ,12,2011-04-26 12:31:00,1.25,14640.0,United Kingdom
551148,85170D,SET/6 PINK BIRD T-LIGHT CANDLES,24,2011-04-26 14:12:00,1.69,15939.0,United Kingdom
551198,79030D,TUMBLER BAROQUE,48,2011-04-27 11:26:00,0.39,13694.0,United Kingdom
551250,79302M,"ART LIGHTS,FUNK MONKEY",1,2011-04-27 12:00:00,2.95,17841.0,United Kingdom
551258,85049D,BRIGHT BLUES RIBBONS ,12,2011-04-27 12:02:00,1.25,12621.0,Germany
551258,POST,POSTAGE,8,2011-04-27 12:02:00,18.0,12621.0,Germany
551268,M,Manual,48,2011-04-27 12:08:00,0.19,16965.0,United Kingdom
551268,90160D,PINK BOUDICCA LARGE BRACELET,1,2011-04-27 12:08:00,6.95,16965.0,United Kingdom
551270,M,Manual,1,2011-04-27 12:35:00,2.55,15891.0,United Kingdom
551270,90185D,CRYSTAL DIAMANTE EXPANDABLE RING,6,2011-04-27 12:35:00,4.25,15891.0,United Kingdom
551277,M,Manual,1,2011-04-27 13:06:00,1.25,13637.0,United Kingdom
551277,85130D,BEADED CRYSTAL HEART PINK LARGE,2,2011-04-27 13:06:00,1.65,13637.0,United Kingdom
551278,84997D,CHILDRENS CUTLERY POLKADOT PINK,8,2011-04-27 13:13:00,4.15,12483.0,Sweden
551278,POST,POSTAGE,1,2011-04-27 13:13:00,40.0,12483.0,Sweden
551280,90201D,GREEN ENAMEL FLOWER RING,3,2011-04-27 13:31:00,2.95,16016.0,United Kingdom
551283,16169M,WRAP DAISY CARPET ,25,2011-04-27 14:01:00,0.42,16755.0,United Kingdom
551289,47591D,PINK FAIRY CAKE CHILDRENS APRON,8,2011-04-27 14:18:00,1.95,18226.0,United Kingdom
551291,79302M,"ART LIGHTS,FUNK MONKEY",12,2011-04-27 14:26:00,2.55,14298.0,United Kingdom
551345,POST,POSTAGE,6,2011-04-28 09:03:00,15.0,14646.0,Netherlands
551346,47591D,PINK FAIRY CAKE CHILDRENS APRON,8,2011-04-28 09:12:00,1.95,12362.0,Belgium
551346,POST,POSTAGE,3,2011-04-28 09:12:00,15.0,12362.0,Belgium
551389,POST,POSTAGE,1,2011-04-28 11:45:00,18.0,12437.0,France
551398,47591D,PINK FAIRY CAKE CHILDRENS APRON,8,2011-04-28 13:09:00,1.95,12417.0,Spain
551398,POST,POSTAGE,3,2011-04-28 13:09:00,28.0,12417.0,Spain
551401,46000M,POLYESTER FILLER PAD 45x45cm,2,2011-04-28 13:23:00,1.55,17874.0,United Kingdom
551419,M,Manual,1,2011-04-28 13:51:00,400.0,12748.0,United Kingdom
551467,POST,POSTAGE,1,2011-04-28 16:20:00,18.0,12600.0,Germany
551518,84997D,CHILDRENS CUTLERY POLKADOT PINK,2,2011-05-01 11:36:00,4.15,15708.0,United Kingdom
551525,85049D,BRIGHT BLUES RIBBONS ,7,2011-05-01 12:37:00,1.25,14667.0,United Kingdom
551529,POST,POSTAGE,8,2011-05-01 13:18:00,18.0,12524.0,Germany
551539,84997D,CHILDRENS CUTLERY POLKADOT PINK,8,2011-05-03 08:40:00,4.15,12598.0,France
551544,POST,POSTAGE,4,2011-05-03 09:33:00,18.0,12683.0,France
551552,POST,POSTAGE,2,2011-05-03 10:09:00,18.0,12598.0,France
551561,90201D,GREEN ENAMEL FLOWER RING,6,2011-05-03 10:49:00,2.95,17422.0,United Kingdom
551564,84997D,CHILDRENS CUTLERY POLKADOT PINK,4,2011-05-03 10:56:00,4.15,16609.0,United Kingdom
551649,POST,POSTAGE,2,2011-05-03 12:02:00,20.0,12643.0,France
551652,POST,POSTAGE,2,2011-05-03 12:03:00,1.0,12643.0,France
551697,POST,POSTAGE,1,2011-05-03 13:46:00,8142.75,16029.0,United Kingdom
551714,M,Manual,1,2011-05-03 15:15:00,25.95,16806.0,United Kingdom
551717,85049D,BRIGHT BLUES RIBBONS ,1,2011-05-03 15:59:00,1.25,13263.0,United Kingdom
551724,47591D,PINK FAIRY CAKE CHILDRENS APRON,2,2011-05-03 17:12:00,1.95,15976.0,United Kingdom
551727,84849D,HOT BATHS SOAP HOLDER,12,2011-05-04 08:40:00,1.69,14245.0,United Kingdom
551747,90125D,PURPLE BERTIE GLASS BEAD BAG CHARM,48,2011-05-04 11:00:00,0.85,14298.0,United Kingdom
551747,85170D,SET/6 PINK BIRD T-LIGHT CANDLES,72,2011-05-04 11:00:00,0.85,14298.0,United Kingdom
551747,35471D,SET OF 3 BIRD LIGHT PINK FEATHER ,24,2011-05-04 11:00:00,0.65,14298.0,United Kingdom
551774,17090D,VANILLA INCENSE 40 CONES IN TIN,1,2011-05-04 11:12:00,1.25,14606.0,United Kingdom
551818,POST,POSTAGE,4,2011-05-04 11:57:00,18.0,12569.0,Germany
551820,POST,POSTAGE,2,2011-05-04 12:11:00,18.0,12645.0,Germany
551852,47591D,PINK FAIRY CAKE CHILDRENS APRON,8,2011-05-04 14:52:00,1.95,14948.0,United Kingdom
551855,85049D,BRIGHT BLUES RIBBONS ,1,2011-05-04 15:08:00,1.25,12836.0,United Kingdom
551868,POST,POSTAGE,8,2011-05-04 16:29:00,28.0,12540.0,Spain
551886,15044D,RED PAPER PARASOL,6,2011-05-05 09:23:00,2.95,12569.0,Germany
551886,POST,POSTAGE,1,2011-05-05 09:23:00,18.0,12569.0,Germany
551887,POST,POSTAGE,2,2011-05-05 09:29:00,18.0,12593.0,France
551945,BANK CHARGES,Bank Charges,1,2011-05-05 11:09:00,15.0,16714.0,United Kingdom
551982,M,Manual,3,2011-05-05 13:56:00,2.1,15023.0,United Kingdom
551985,POST,POSTAGE,1,2011-05-05 14:38:00,15.0,12395.0,Belgium
552005,46000M,POLYESTER FILLER PAD 45x45cm,6,2011-05-05 16:34:00,1.55,15491.0,United Kingdom
552008,POST,POSTAGE,4,2011-05-05 17:13:00,18.0,12476.0,Germany
552010,84997D,CHILDRENS CUTLERY POLKADOT PINK,2,2011-05-05 17:26:00,4.15,14713.0,United Kingdom
552013,85049D,BRIGHT BLUES RIBBONS ,12,2011-05-05 17:34:00,1.25,12451.0,Switzerland
552039,47591D,PINK FAIRY CAKE CHILDRENS APRON,8,2011-05-06 08:10:00,1.95,13081.0,United Kingdom
552039,15044D,RED PAPER PARASOL,6,2011-05-06 08:10:00,2.95,13081.0,United Kingdom
552040,POST,POSTAGE,4,2011-05-06 08:19:00,28.0,12502.0,Spain
552042,35598D,PINK/WHITE CHRISTMAS TREE 60CM,24,2011-05-06 09:00:00,0.65,13952.0,United Kingdom
552042,35599D,PINK AND WHITE CHRISTMAS TREE 120CM,24,2011-05-06 09:00:00,2.95,13952.0,United Kingdom
552054,16169M,WRAP DAISY CARPET ,25,2011-05-06 10:19:00,0.42,15062.0,United Kingdom
552061,47591D,PINK FAIRY CAKE CHILDRENS APRON,8,2011-05-06 10:43:00,1.95,13001.0,United Kingdom
552065,46000M,POLYESTER FILLER PAD 45x45cm,6,2011-05-06 11:20:00,1.55,16729.0,United Kingdom
552108,72800D,4 BLUE DINNER CANDLES SILVER FLOCK,3,2011-05-06 11:36:00,2.55,17841.0,United Kingdom
552149,47591D,PINK FAIRY CAKE CHILDRENS APRON,12,2011-05-06 12:00:00,1.95,13365.0,United Kingdom
552176,84997D,CHILDRENS CUTLERY POLKADOT PINK,1,2011-05-06 13:25:00,4.15,17516.0,United Kingdom
552185,84997D,CHILDRENS CUTLERY POLKADOT PINK,8,2011-05-06 13:52:00,4.15,12921.0,United Kingdom
552188,POST,POSTAGE,2,2011-05-06 14:01:00,15.0,12394.0,Belgium
552202,POST,POSTAGE,1,2011-05-06 14:51:00,40.0,12414.0,Austria
552245,82613D,METAL SIGN CUPCAKE SINGLE HOOK,1,2011-05-06 19:42:00,1.25,12748.0,United Kingdom
552259,M,Manual,1,2011-05-08 11:13:00,1.0,15796.0,United Kingdom
552262,90177D,DROP DIAMANTE EARRINGS PURPLE,6,2011-05-08 11:37:00,2.95,14911.0,EIRE
552281,85049D,BRIGHT BLUES RIBBONS ,8,2011-05-08 12:42:00,1.25,15704.0,United Kingdom
552285,47591D,PINK FAIRY CAKE CHILDRENS APRON,1,2011-05-08 12:58:00,1.95,14684.0,United Kingdom
552285,17090D,VANILLA INCENSE 40 CONES IN TIN,1,2011-05-08 12:58:00,1.25,14684.0,United Kingdom
552285,85185D,FROG SOCK PUPPET,1,2011-05-08 12:58:00,2.95,14684.0,United Kingdom
552288,84997D,CHILDRENS CUTLERY POLKADOT PINK,4,2011-05-08 13:20:00,4.15,13313.0,United Kingdom
552290,84849D,HOT BATHS SOAP HOLDER,2,2011-05-08 13:32:00,1.69,16007.0,United Kingdom
552291,84997D,CHILDRENS CUTLERY POLKADOT PINK,4,2011-05-08 14:00:00,4.15,15421.0,United Kingdom
552302,85129D,BEADED CRYSTAL HEART PINK SMALL,1,2011-05-08 14:59:00,1.25,14606.0,United Kingdom
552311,84997D,CHILDRENS CUTLERY POLKADOT PINK,4,2011-05-08 15:22:00,4.15,15312.0,United Kingdom
552309,47591D,PINK FAIRY CAKE CHILDRENS APRON,8,2011-05-08 15:22:00,1.95,13835.0,United Kingdom
552315,84997D,CHILDRENS CUTLERY POLKADOT PINK,4,2011-05-08 16:10:00,4.15,12700.0,France
552315,POST,POSTAGE,6,2011-05-08 16:10:00,18.0,12700.0,France
552315,85169D,PINK LOVE BIRD CANDLE,12,2011-05-08 16:10:00,1.25,12700.0,France
552318,85049D,BRIGHT BLUES RIBBONS ,3,2011-05-08 16:13:00,1.25,17231.0,United Kingdom
552318,84925D,LA PALMIERA WALL THERMOMETER,1,2011-05-08 16:13:00,2.55,17231.0,United Kingdom
552318,90002D,FLOWER BURST SILVER RING CRYSTAL,1,2011-05-08 16:13:00,3.75,17231.0,United Kingdom
552321,79030D,TUMBLER BAROQUE,24,2011-05-09 09:15:00,0.39,17049.0,United Kingdom
552325,POST,POSTAGE,2,2011-05-09 09:47:00,18.0,12490.0,France
552337,POST,POSTAGE,3,2011-05-09 11:34:00,18.0,12621.0,Germany
552365,72800D,4 BLUE DINNER CANDLES SILVER FLOCK,2,2011-05-09 12:25:00,2.55,16440.0,United Kingdom
552364,47591D,PINK FAIRY CAKE CHILDRENS APRON,8,2011-05-09 12:25:00,1.95,13004.0,United Kingdom
552404,46000M,POLYESTER FILLER PAD 45x45cm,20,2011-05-09 12:39:00,1.55,15932.0,United Kingdom
552404,79030D,TUMBLER BAROQUE,24,2011-05-09 12:39:00,0.39,15932.0,United Kingdom
552442,84997D,CHILDRENS CUTLERY POLKADOT PINK,2,2011-05-09 13:03:00,4.15,14667.0,United Kingdom
552442,90036D,"FLOWER GLASS GARLAND NECKL.36""BLACK",3,2011-05-09 13:03:00,7.95,14667.0,United Kingdom
552464,POST,POSTAGE,1,2011-05-09 15:12:00,18.0,12726.0,France
552469,79190D,RETRO PLASTIC DAISY TRAY,5,2011-05-09 15:34:00,0.42,12867.0,United Kingdom
552529,46000M,POLYESTER FILLER PAD 45x45cm,6,2011-05-09 17:24:00,1.55,14541.0,United Kingdom
552532,47591D,PINK FAIRY CAKE CHILDRENS APRON,8,2011-05-10 09:39:00,1.95,15615.0,United Kingdom
552543,POST,POSTAGE,2,2011-05-10 10:22:00,15.0,12399.0,Belgium
552544,47591D,PINK FAIRY CAKE CHILDRENS APRON,8,2011-05-10 10:29:00,1.95,13320.0,United Kingdom
552549,M,Manual,1,2011-05-10 10:39:00,334.71,15674.0,United Kingdom
552554,85049D,BRIGHT BLUES RIBBONS ,2,2011-05-10 11:04:00,1.25,12843.0,United Kingdom
552571,47310M,"SMALL POP BOX,FUNKY MONKEY",9,2011-05-10 12:08:00,1.25,14688.0,United Kingdom
552631,POST,POSTAGE,2,2011-05-10 12:55:00,18.0,12684.0,France
552640,84849D,HOT BATHS SOAP HOLDER,1,2011-05-10 13:19:00,1.69,17841.0,United Kingdom
552643,85170D,SET/6 PINK BIRD T-LIGHT CANDLES,1,2011-05-10 13:24:00,2.1,16791.0,United Kingdom
552649,POST,POSTAGE,1,2011-05-10 13:44:00,18.0,12592.0,Germany
552655,85130D,BEADED CRYSTAL HEART PINK LARGE,2,2011-05-10 14:22:00,1.65,14587.0,United Kingdom
552656,POST,POSTAGE,3,2011-05-10 14:46:00,18.0,12712.0,Germany
552730,84849D,HOT BATHS SOAP HOLDER,12,2011-05-11 10:42:00,1.69,16837.0,United Kingdom
552731,POST,POSTAGE,2,2011-05-11 10:43:00,18.0,12372.0,Denmark
552734,79030D,TUMBLER BAROQUE,24,2011-05-11 10:49:00,0.39,17428.0,United Kingdom
552803,47591D,PINK FAIRY CAKE CHILDRENS APRON,1,2011-05-11 12:32:00,1.95,14573.0,United Kingdom
552816,85232D,SET/3 DECOUPAGE STACKING TINS,1,2011-05-11 12:47:00,4.95,15521.0,United Kingdom
552817,84997D,CHILDRENS CUTLERY POLKADOT PINK,4,2011-05-11 12:47:00,4.15,13136.0,United Kingdom
552838,47591D,PINK FAIRY CAKE CHILDRENS APRON,8,2011-05-11 14:24:00,1.95,15732.0,United Kingdom
552845,POST,POSTAGE,6,2011-05-11 14:37:00,15.0,14646.0,Netherlands
552844,POST,POSTAGE,2,2011-05-11 14:37:00,18.0,12649.0,Germany
552846,POST,POSTAGE,1,2011-05-11 14:38:00,18.0,14646.0,Netherlands
552847,90200D,PINK SWEETHEART BRACELET,3,2011-05-11 14:42:00,4.25,14649.0,United Kingdom
552847,90160D,PINK BOUDICCA LARGE BRACELET,3,2011-05-11 14:42:00,6.95,14649.0,United Kingdom
552847,90161D,ANT COPPER PINK BOUDICCA BRACELET,3,2011-05-11 14:42:00,4.95,14649.0,United Kingdom
552871,POST,POSTAGE,2,2011-05-12 08:52:00,18.0,12693.0,Germany
552874,POST,POSTAGE,7,2011-05-12 09:40:00,18.0,12621.0,Germany
552878,POST,POSTAGE,8,2011-05-12 09:54:00,18.0,12625.0,Germany
552879,47591D,PINK FAIRY CAKE CHILDRENS APRON,8,2011-05-12 09:55:00,1.95,12976.0,United Kingdom
552883,47591D,PINK FAIRY CAKE CHILDRENS APRON,50,2011-05-12 10:13:00,1.65,14646.0,Netherlands
552884,POST,POSTAGE,1,2011-05-12 10:15:00,15.0,12395.0,Belgium
552886,85071D,CHARLIE+LOLA MY ROOM DOOR SIGN,6,2011-05-12 10:18:00,2.55,16244.0,United Kingdom
552946,POST,POSTAGE,1,2011-05-12 11:50:00,18.0,12683.0,France
552950,17013D,ORIGAMI ROSE INCENSE IN TUBE,12,2011-05-12 12:01:00,0.42,16116.0,United Kingdom
552980,POST,POSTAGE,1,2011-05-12 14:52:00,523.0,12590.0,Germany
553002,M,Manual,2,2011-05-12 15:26:00,1.95,13263.0,United Kingdom
553006,84997D,CHILDRENS CUTLERY POLKADOT PINK,4,2011-05-12 16:45:00,4.15,15544.0,United Kingdom
553007,15044D,RED PAPER PARASOL,18,2011-05-12 16:50:00,2.95,14000.0,United Kingdom
553007,90039D,FIRE POLISHED GLASS BRACELET GREEN,12,2011-05-12 16:50:00,3.75,14000.0,United Kingdom
553008,85232D,SET/3 DECOUPAGE STACKING TINS,1,2011-05-12 16:52:00,4.95,17315.0,United Kingdom
553009,47591D,PINK FAIRY CAKE CHILDRENS APRON,5,2011-05-12 16:52:00,1.95,13601.0,United Kingdom
553018,M,Manual,1,2011-05-12 19:02:00,557.72,12757.0,Portugal
553034,15044D,RED PAPER PARASOL,3,2011-05-12 20:03:00,2.95,17970.0,United Kingdom
553035,M,Manual,1,2011-05-12 20:13:00,1.45,17337.0,United Kingdom
553037,POST,POSTAGE,4,2011-05-13 08:10:00,18.0,12471.0,Germany
553044,POST,POSTAGE,2,2011-05-13 09:24:00,18.0,12682.0,France
553045,47591D,PINK FAIRY CAKE CHILDRENS APRON,50,2011-05-13 09:33:00,1.65,12770.0,Japan
553074,47591D,PINK FAIRY CAKE CHILDRENS APRON,4,2011-05-13 11:45:00,1.95,15529.0,United Kingdom
553140,79030D,TUMBLER BAROQUE,6,2011-05-13 12:53:00,0.39,15373.0,United Kingdom
553156,47591D,PINK FAIRY CAKE CHILDRENS APRON,2,2011-05-13 14:58:00,1.95,17841.0,United Kingdom
553161,POST,POSTAGE,1,2011-05-13 15:48:00,18.0,12681.0,France
553189,M,Manual,2,2011-05-15 13:14:00,1.65,15033.0,United Kingdom
553189,47591D,PINK FAIRY CAKE CHILDRENS APRON,2,2011-05-15 13:14:00,1.95,15033.0,United Kingdom
553189,82613D,METAL SIGN CUPCAKE SINGLE HOOK,3,2011-05-15 13:14:00,1.25,15033.0,United Kingdom
553194,72800D,4 BLUE DINNER CANDLES SILVER FLOCK,1,2011-05-15 13:37:00,2.55,16283.0,United Kingdom
553195,POST,POSTAGE,1,2011-05-15 13:45:00,18.0,12599.0,France
553208,POST,POSTAGE,2,2011-05-16 09:10:00,18.0,12674.0,France
553210,17107D,"FLOWER FAIRY,5 SUMMER B'DRAW LINERS",6,2011-05-16 09:40:00,2.55,14016.0,EIRE
553224,47591D,PINK FAIRY CAKE CHILDRENS APRON,2,2011-05-16 10:40:00,1.95,17228.0,United Kingdom
553316,POST,POSTAGE,1,2011-05-16 12:04:00,18.0,12682.0,France
553344,84997D,CHILDRENS CUTLERY POLKADOT PINK,18,2011-05-16 12:45:00,4.15,14952.0,United Kingdom
553348,47591D,PINK FAIRY CAKE CHILDRENS APRON,8,2011-05-16 13:20:00,1.95,14911.0,EIRE
553356,84997D,CHILDRENS CUTLERY POLKADOT PINK,4,2011-05-16 14:05:00,4.15,14038.0,United Kingdom
553356,47591D,PINK FAIRY CAKE CHILDRENS APRON,8,2011-05-16 14:05:00,1.95,14038.0,United Kingdom
553357,M,Manual,2,2011-05-16 14:17:00,15.0,12684.0,France
553390,85170D,SET/6 PINK BIRD T-LIGHT CANDLES,1,2011-05-16 16:41:00,2.1,17841.0,United Kingdom
553405,84849D,HOT BATHS SOAP HOLDER,12,2011-05-17 08:37:00,1.69,14952.0,United Kingdom
553406,46000M,POLYESTER FILLER PAD 45x45cm,50,2011-05-17 08:38:00,1.55,14952.0,United Kingdom
553411,POST,POSTAGE,3,2011-05-17 09:28:00,18.0,12714.0,France
553415,POST,POSTAGE,2,2011-05-17 10:02:00,18.0,12463.0,Belgium
553485,17107D,"FLOWER FAIRY,5 SUMMER B'DRAW LINERS",3,2011-05-17 12:25:00,2.55,13208.0,United Kingdom
553490,15044D,RED PAPER PARASOL,6,2011-05-17 12:44:00,2.95,13309.0,United Kingdom
553507,84997D,CHILDRENS CUTLERY POLKADOT PINK,1,2011-05-17 13:35:00,4.15,17220.0,United Kingdom
553527,84997D,CHILDRENS CUTLERY POLKADOT PINK,4,2011-05-17 14:57:00,4.15,15123.0,United Kingdom
553547,POST,POSTAGE,4,2011-05-17 15:48:00,18.0,12474.0,Germany
553552,84997D,CHILDRENS CUTLERY POLKADOT PINK,4,2011-05-17 16:23:00,4.15,17702.0,United Kingdom
553552,46000M,POLYESTER FILLER PAD 45x45cm,4,2011-05-17 16:23:00,1.55,17702.0,United Kingdom
553556,85049D,BRIGHT BLUES RIBBONS ,2,2011-05-17 16:49:00,1.25,17530.0,United Kingdom
553559,M,Manual,1,2011-05-17 17:12:00,293.0,14931.0,Channel Islands
553566,POST,POSTAGE,3,2011-05-18 09:09:00,18.0,12690.0,France
553577,POST,POSTAGE,2,2011-05-18 10:34:00,18.0,12437.0,France
553657,84997D,CHILDRENS CUTLERY POLKADOT PINK,2,2011-05-18 11:28:00,4.15,14583.0,United Kingdom
553657,37489D,PINK/GREEN FLOWER DESIGN BIG MUG,2,2011-05-18 11:28:00,0.39,14583.0,United Kingdom
553666,POST,POSTAGE,2,2011-05-18 12:18:00,18.0,12679.0,France
553674,POST,POSTAGE,1,2011-05-18 12:50:00,40.0,12483.0,Sweden
553675,46000M,POLYESTER FILLER PAD 45x45cm,4,2011-05-18 12:52:00,1.55,13719.0,United Kingdom
553676,15044D,RED PAPER PARASOL,6,2011-05-18 12:57:00,2.95,16553.0,United Kingdom
553682,POST,POSTAGE,4,2011-05-18 13:20:00,15.0,14646.0,Netherlands
553691,84997D,CHILDRENS CUTLERY POLKADOT PINK,1,2011-05-18 14:08:00,4.15,15311.0,United Kingdom
553702,85049D,BRIGHT BLUES RIBBONS ,2,2011-05-18 14:50:00,1.25,13263.0,United Kingdom
553707,47591D,PINK FAIRY CAKE CHILDRENS APRON,16,2011-05-18 15:26:00,1.95,16843.0,United Kingdom
553710,47591D,PINK FAIRY CAKE CHILDRENS APRON,3,2011-05-18 15:35:00,1.95,17338.0,United Kingdom
553731,POST,POSTAGE,4,2011-05-19 08:26:00,18.0,12481.0,Germany
553741,POST,POSTAGE,3,2011-05-19 09:37:00,18.0,12520.0,Germany
553747,46000M,POLYESTER FILLER PAD 45x45cm,24,2011-05-19 09:47:00,1.55,13627.0,United Kingdom
553747,84706D,CHERRY BLOSSOM TABLE CLOCK ,2,2011-05-19 09:47:00,1.95,13627.0,United Kingdom
553842,90202D,PINK ENAMEL FLOWER HAIR TIE,6,2011-05-19 12:24:00,2.95,12524.0,Germany
553842,POST,POSTAGE,2,2011-05-19 12:24:00,18.0,12524.0,Germany
553843,84997D,CHILDRENS CUTLERY POLKADOT PINK,4,2011-05-19 12:29:00,4.15,12553.0,France
553843,POST,POSTAGE,2,2011-05-19 12:29:00,18.0,12553.0,France
553856,47591D,PINK FAIRY CAKE CHILDRENS APRON,1,2011-05-19 13:28:00,1.95,16813.0,United Kingdom
553856,82613D,METAL SIGN CUPCAKE SINGLE HOOK,1,2011-05-19 13:28:00,1.25,16813.0,United Kingdom
553860,15044D,RED PAPER PARASOL,1,2011-05-19 13:57:00,2.95,17841.0,United Kingdom
553863,84997D,CHILDRENS CUTLERY POLKADOT PINK,4,2011-05-19 14:05:00,4.15,13418.0,United Kingdom
553884,POST,POSTAGE,1,2011-05-19 15:36:00,18.0,12600.0,Germany
553885,POST,POSTAGE,1,2011-05-19 15:41:00,18.0,12601.0,Germany
553894,47591D,PINK FAIRY CAKE CHILDRENS APRON,8,2011-05-19 17:15:00,1.95,13658.0,United Kingdom
553930,84997D,CHILDRENS CUTLERY POLKADOT PINK,4,2011-05-20 10:22:00,4.15,13178.0,United Kingdom
553942,46000M,POLYESTER FILLER PAD 45x45cm,2,2011-05-20 10:37:00,1.55,18055.0,United Kingdom
553997,POST,POSTAGE,9,2011-05-20 11:34:00,18.0,12656.0,France
554009,47591D,PINK FAIRY CAKE CHILDRENS APRON,8,2011-05-20 12:38:00,1.95,12935.0,United Kingdom
554016,84997D,CHILDRENS CUTLERY POLKADOT PINK,5,2011-05-20 13:14:00,4.15,13243.0,United Kingdom
554038,POST,POSTAGE,2,2011-05-20 14:23:00,15.0,12775.0,Netherlands
554058,84569D,PACK 6 HEART/ICE-CREAM PATCHES,1,2011-05-20 16:04:00,1.25,17757.0,United Kingdom
554062,84569D,PACK 6 HEART/ICE-CREAM PATCHES,12,2011-05-22 10:21:00,1.25,13654.0,United Kingdom
554075,84706D,CHERRY BLOSSOM TABLE CLOCK ,2,2011-05-22 11:29:00,1.95,16038.0,United Kingdom
554094,85169D,PINK LOVE BIRD CANDLE,1,2011-05-22 12:49:00,1.25,15716.0,United Kingdom
554096,84569D,PACK 6 HEART/ICE-CREAM PATCHES,24,2011-05-22 12:51:00,1.25,14921.0,United Kingdom
554097,POST,POSTAGE,5,2011-05-22 13:01:00,18.0,12567.0,France
554099,47591D,PINK FAIRY CAKE CHILDRENS APRON,8,2011-05-22 13:20:00,1.95,16341.0,United Kingdom
554104,16168M,FUNKY MONKEY GIFT BAG MEDIUM,24,2011-05-22 14:03:00,0.42,12705.0,Germany
554104,POST,POSTAGE,4,2011-05-22 14:03:00,18.0,12705.0,Germany
554106,84997D,CHILDRENS CUTLERY POLKADOT PINK,4,2011-05-22 14:05:00,4.15,12710.0,Germany
554106,POST,POSTAGE,4,2011-05-22 14:05:00,18.0,12710.0,Germany
554109,POST,POSTAGE,2,2011-05-22 14:33:00,18.0,12682.0,France
554112,90000D,COPPER/OLIVE GREEN FLOWER NECKLACE,1,2011-05-22 14:44:00,5.95,17611.0,United Kingdom
554112,90201D,GREEN ENAMEL FLOWER RING,1,2011-05-22 14:44:00,2.95,17611.0,United Kingdom
554112,90200D,PINK SWEETHEART BRACELET,1,2011-05-22 14:44:00,4.25,17611.0,United Kingdom
554112,15044D,RED PAPER PARASOL,1,2011-05-22 14:44:00,2.95,17611.0,United Kingdom
554117,47591D,PINK FAIRY CAKE CHILDRENS APRON,10,2011-05-22 15:12:00,1.95,13758.0,United Kingdom
554124,90160D,PINK BOUDICCA LARGE BRACELET,3,2011-05-23 08:31:00,6.95,13339.0,United Kingdom
554125,85170D,SET/6 PINK BIRD T-LIGHT CANDLES,6,2011-05-23 08:52:00,2.1,13885.0,United Kingdom
554132,POST,POSTAGE,4,2011-05-23 09:43:00,40.0,12360.0,Austria
554132,84997D,CHILDRENS CUTLERY POLKADOT PINK,8,2011-05-23 09:43:00,4.15,12360.0,Austria
554134,POST,POSTAGE,2,2011-05-23 09:48:00,18.0,12583.0,France
554135,15044D,RED PAPER PARASOL,6,2011-05-23 09:58:00,2.95,12877.0,United Kingdom
554137,POST,POSTAGE,2,2011-05-23 10:13:00,18.0,12708.0,Germany
554147,POST,POSTAGE,2,2011-05-23 10:48:00,15.0,12423.0,Belgium
554151,47591D,PINK FAIRY CAKE CHILDRENS APRON,6,2011-05-23 11:07:00,1.95,14049.0,United Kingdom
554151,79030D,TUMBLER BAROQUE,6,2011-05-23 11:07:00,0.39,14049.0,United Kingdom
554155,M,Manual,1,2011-05-23 11:26:00,1241.98,12757.0,Portugal
554159,POST,POSTAGE,2,2011-05-23 11:48:00,15.0,12464.0,Belgium
554202,47591D,PINK FAIRY CAKE CHILDRENS APRON,3,2011-05-23 12:14:00,1.95,13546.0,United Kingdom
554275,47591D,PINK FAIRY CAKE CHILDRENS APRON,2,2011-05-23 13:17:00,1.95,14903.0,United Kingdom
554275,84569D,PACK 6 HEART/ICE-CREAM PATCHES,5,2011-05-23 13:17:00,1.25,14903.0,United Kingdom
554278,84849D,HOT BATHS SOAP HOLDER,1,2011-05-23 13:25:00,1.69,13831.0,United Kingdom
554301,M,Manual,1,2011-05-23 14:46:00,1241.98,12757.0,Portugal
554305,M,Manual,1,2011-05-23 14:58:00,557.72,12757.0,Portugal
554306,84997D,CHILDRENS CUTLERY POLKADOT PINK,12,2011-05-23 14:59:00,4.15,15734.0,United Kingdom
554324,POST,POSTAGE,1,2011-05-23 15:38:00,18.0,12712.0,Germany
554325,POST,POSTAGE,3,2011-05-23 15:38:00,18.0,12621.0,Germany
554349,15044D,RED PAPER PARASOL,6,2011-05-24 08:49:00,2.95,14191.0,United Kingdom
554356,POST,POSTAGE,2,2011-05-24 09:25:00,18.0,12670.0,France
554362,47591D,PINK FAIRY CAKE CHILDRENS APRON,2,2011-05-24 10:17:00,1.95,17811.0,United Kingdom
554363,POST,POSTAGE,2,2011-05-24 10:19:00,18.0,12647.0,Germany
554382,84997D,CHILDRENS CUTLERY POLKADOT PINK,3,2011-05-24 11:55:00,4.15,17365.0,United Kingdom
554424,47591D,PINK FAIRY CAKE CHILDRENS APRON,2,2011-05-24 12:14:00,1.95,14527.0,United Kingdom
554487,47591D,PINK FAIRY CAKE CHILDRENS APRON,2,2011-05-24 13:27:00,1.95,16919.0,United Kingdom
554491,85129D,BEADED CRYSTAL HEART PINK SMALL,1,2011-05-24 13:50:00,1.25,14606.0,United Kingdom
554494,84569D,PACK 6 HEART/ICE-CREAM PATCHES,4,2011-05-24 14:00:00,1.25,16327.0,United Kingdom
554494,15044D,RED PAPER PARASOL,1,2011-05-24 14:00:00,2.95,16327.0,United Kingdom
554520,46000M,POLYESTER FILLER PAD 45x45cm,1,2011-05-24 17:03:00,1.55,17841.0,United Kingdom
554555,POST,POSTAGE,2,2011-05-25 10:08:00,18.0,12437.0,France
554560,46000M,POLYESTER FILLER PAD 45x45cm,8,2011-05-25 10:35:00,1.55,13317.0,United Kingdom
554598,84849D,HOT BATHS SOAP HOLDER,2,2011-05-25 11:12:00,1.69,13263.0,United Kingdom
554636,84997D,CHILDRENS CUTLERY POLKADOT PINK,4,2011-05-25 11:52:00,4.15,16763.0,United Kingdom
554637,47310M,"SMALL POP BOX,FUNKY MONKEY",10,2011-05-25 11:58:00,1.25,14688.0,United Kingdom
554648,POST,POSTAGE,3,2011-05-25 12:44:00,18.0,12562.0,France
554650,POST,POSTAGE,3,2011-05-25 12:54:00,18.0,12681.0,France
554651,47591D,PINK FAIRY CAKE CHILDRENS APRON,8,2011-05-25 12:55:00,1.95,12779.0,Poland
554654,POST,POSTAGE,3,2011-05-25 13:34:00,40.0,12815.0,Poland
554682,37489D,PINK/GREEN FLOWER DESIGN BIG MUG,4,2011-05-25 16:08:00,0.39,14085.0,United Kingdom
554682,79030D,TUMBLER BAROQUE,12,2011-05-25 16:08:00,0.39,14085.0,United Kingdom
554695,85185D,FROG SOCK PUPPET,1,2011-05-25 17:12:00,2.95,16161.0,United Kingdom
554699,POST,POSTAGE,3,2011-05-26 09:17:00,18.0,12613.0,Germany
554711,POST,POSTAGE,1,2011-05-26 10:41:00,18.0,12654.0,Germany
554762,85232D,SET/3 DECOUPAGE STACKING TINS,3,2011-05-26 11:37:00,4.95,16837.0,United Kingdom
554765,84926D,LA PALMIERA TILE COASTER,12,2011-05-26 11:38:00,1.25,16837.0,United Kingdom
554792,POST,POSTAGE,1,2011-05-26 12:38:00,28.0,12547.0,Spain
554794,POST,POSTAGE,2,2011-05-26 12:41:00,18.0,12720.0,Germany
554808,47591D,PINK FAIRY CAKE CHILDRENS APRON,2,2011-05-26 13:01:00,1.95,17059.0,United Kingdom
554814,84997D,CHILDRENS CUTLERY POLKADOT PINK,4,2011-05-26 13:34:00,4.15,16609.0,United Kingdom
554819,90125D,PURPLE BERTIE GLASS BEAD BAG CHARM,1,2011-05-26 14:09:00,2.1,17550.0,United Kingdom
554840,POST,POSTAGE,2,2011-05-26 17:16:00,18.0,12684.0,France
554842,46000M,POLYESTER FILLER PAD 45x45cm,16,2011-05-26 18:17:00,1.55,14740.0,United Kingdom
554860,84569D,PACK 6 HEART/ICE-CREAM PATCHES,12,2011-05-27 10:20:00,1.25,15249.0,United Kingdom
554861,POST,POSTAGE,5,2011-05-27 10:29:00,18.0,12633.0,Germany
554906,47591D,PINK FAIRY CAKE CHILDRENS APRON,8,2011-05-27 11:41:00,1.95,14194.0,United Kingdom
554924,POST,POSTAGE,1,2011-05-27 12:54:00,4.0,12748.0,United Kingdom
554933,M,Manual,2,2011-05-27 13:26:00,0.3,13232.0,United Kingdom
554935,47591D,PINK FAIRY CAKE CHILDRENS APRON,8,2011-05-27 13:30:00,1.95,14338.0,United Kingdom
554937,15044D,RED PAPER PARASOL,6,2011-05-27 13:32:00,2.95,15402.0,United Kingdom
554938,POST,POSTAGE,4,2011-05-27 13:34:00,15.0,12876.0,Belgium
554940,84997D,CHILDRENS CUTLERY POLKADOT PINK,4,2011-05-27 13:49:00,4.15,12494.0,France
554940,POST,POSTAGE,2,2011-05-27 13:49:00,18.0,12494.0,France
554985,POST,POSTAGE,4,2011-05-29 12:26:00,18.0,12426.0,Germany
554989,84875D,BLUE SQUARE COMPACT MIRROR,12,2011-05-29 13:50:00,1.25,15897.0,United Kingdom
554992,16169M,WRAP DAISY CARPET ,25,2011-05-29 14:08:00,0.42,16686.0,United Kingdom
554994,85130D,BEADED CRYSTAL HEART PINK LARGE,2,2011-05-29 14:18:00,1.65,14606.0,United Kingdom
555003,POST,POSTAGE,1,2011-05-31 09:36:00,15.0,12787.0,Netherlands
555096,POST,POSTAGE,3,2011-05-31 13:32:00,18.0,12682.0,France
555095,POST,POSTAGE,7,2011-05-31 13:32:00,28.0,12540.0,Spain
555106,POST,POSTAGE,2,2011-05-31 14:14:00,15.0,12790.0,Netherlands
555110,M,Manual,2,2011-05-31 14:34:00,1.65,17841.0,United Kingdom
555113,47591D,PINK FAIRY CAKE CHILDRENS APRON,8,2011-05-31 14:48:00,1.95,18190.0,United Kingdom
555147,POST,POSTAGE,4,2011-05-31 15:41:00,40.0,13505.0,Switzerland
555161,POST,POSTAGE,1,2011-06-01 09:26:00,15.0,12423.0,Belgium
555162,POST,POSTAGE,4,2011-06-01 10:15:00,18.0,12473.0,Germany
555199,84849D,HOT BATHS SOAP HOLDER,1,2011-06-01 12:05:00,1.69,14606.0,United Kingdom
555202,82613D,METAL SIGN CUPCAKE SINGLE HOOK,1,2011-06-01 12:11:00,1.25,16813.0,United Kingdom
555203,84849D,HOT BATHS SOAP HOLDER,3,2011-06-01 12:13:00,1.69,17191.0,United Kingdom
555247,84997D,CHILDRENS CUTLERY POLKADOT PINK,8,2011-06-01 14:42:00,4.15,14315.0,United Kingdom
555257,84569D,PACK 6 HEART/ICE-CREAM PATCHES,4,2011-06-01 15:28:00,1.25,17596.0,United Kingdom
555264,M,Manual,1,2011-06-01 16:03:00,3.95,17757.0,United Kingdom
555340,17107D,"FLOWER FAIRY,5 SUMMER B'DRAW LINERS",6,2011-06-02 11:33:00,2.55,13334.0,United Kingdom
555348,17090D,VANILLA INCENSE 40 CONES IN TIN,6,2011-06-02 12:06:00,1.25,15184.0,United Kingdom
555383,84849D,HOT BATHS SOAP HOLDER,4,2011-06-02 15:13:00,1.69,12517.0,Germany
555383,85049D,BRIGHT BLUES RIBBONS ,4,2011-06-02 15:13:00,1.25,12517.0,Germany
555403,POST,POSTAGE,1,2011-06-02 18:06:00,40.0,12676.0,Sweden
555406,90162D,ANT SILVER PURPLE BOUDICCA RING,3,2011-06-02 19:50:00,2.95,17231.0,United Kingdom
555407,POST,POSTAGE,1,2011-06-03 07:48:00,15.0,12775.0,Netherlands
555417,POST,POSTAGE,1,2011-06-03 10:17:00,18.0,12601.0,Germany
555470,POST,POSTAGE,1,2011-06-03 11:33:00,28.0,12455.0,Spain
555470,84997D,CHILDRENS CUTLERY POLKADOT PINK,4,2011-06-03 11:33:00,4.15,12455.0,Spain
555488,46000M,POLYESTER FILLER PAD 45x45cm,2,2011-06-03 13:43:00,1.55,16942.0,United Kingdom
555517,84997D,CHILDRENS CUTLERY POLKADOT PINK,4,2011-06-05 10:54:00,4.15,13131.0,United Kingdom
555523,POST,POSTAGE,2,2011-06-05 11:36:00,18.0,12468.0,Germany
555531,POST,POSTAGE,11,2011-06-05 11:53:00,18.0,12678.0,France
555541,85049D,BRIGHT BLUES RIBBONS ,1,2011-06-05 12:51:00,1.25,16883.0,United Kingdom
555547,POST,POSTAGE,4,2011-06-05 13:13:00,18.0,12681.0,France
555549,85130D,BEADED CRYSTAL HEART PINK LARGE,4,2011-06-05 13:24:00,1.65,13637.0,United Kingdom
555551,79030D,TUMBLER BAROQUE,24,2011-06-05 13:32:00,0.39,14696.0,United Kingdom
555553,POST,POSTAGE,2,2011-06-05 13:45:00,18.0,12662.0,Germany
555564,85032D,YULETIDE IMAGES GIFT WRAP SET,1,2011-06-05 15:01:00,0.65,15005.0,United Kingdom
555567,46000M,POLYESTER FILLER PAD 45x45cm,12,2011-06-05 15:25:00,1.55,17050.0,United Kingdom
555567,85049D,BRIGHT BLUES RIBBONS ,6,2011-06-05 15:25:00,1.25,17050.0,United Kingdom
555569,POST,POSTAGE,5,2011-06-05 15:29:00,18.0,12727.0,France
555570,84997D,CHILDRENS CUTLERY POLKADOT PINK,4,2011-06-05 15:36:00,4.15,15152.0,United Kingdom
555572,POST,POSTAGE,6,2011-06-05 15:37:00,15.0,12449.0,Belgium
555574,POST,POSTAGE,3,2011-06-05 15:46:00,15.0,12417.0,Belgium
555589,POST,POSTAGE,2,2011-06-06 09:36:00,15.0,12802.0,Netherlands
555638,16169M,WRAP DAISY CARPET ,25,2011-06-06 12:51:00,0.42,15150.0,United Kingdom
555648,M,Manual,12,2011-06-06 13:46:00,0.39,14623.0,United Kingdom
555649,85032D,YULETIDE IMAGES GIFT WRAP SET,12,2011-06-06 13:47:00,0.65,15386.0,United Kingdom
555653,15044D,RED PAPER PARASOL,2,2011-06-06 14:12:00,2.95,17673.0,United Kingdom
555701,84925D,LA PALMIERA WALL THERMOMETER,2,2011-06-06 14:34:00,2.55,14498.0,United Kingdom
555705,47591D,PINK FAIRY CAKE CHILDRENS APRON,2,2011-06-06 15:24:00,1.95,14713.0,United Kingdom
555719,POST,POSTAGE,5,2011-06-06 15:31:00,18.0,12609.0,Germany
555721,POST,POSTAGE,3,2011-06-06 16:01:00,15.0,15108.0,European Community
555726,POST,POSTAGE,2,2011-06-06 16:23:00,28.0,12540.0,Spain
555728,85049D,BRIGHT BLUES RIBBONS ,1,2011-06-06 16:41:00,1.25,17252.0,United Kingdom
555728,85232D,SET/3 DECOUPAGE STACKING TINS,1,2011-06-06 16:41:00,4.95,17252.0,United Kingdom
555728,79190D,RETRO PLASTIC DAISY TRAY,10,2011-06-06 16:41:00,0.42,17252.0,United Kingdom
555739,84997D,CHILDRENS CUTLERY POLKADOT PINK,4,2011-06-07 09:49:00,4.15,12380.0,Belgium
555739,POST,POSTAGE,3,2011-06-07 09:49:00,15.0,12380.0,Belgium
555741,17013D,ORIGAMI ROSE INCENSE IN TUBE,12,2011-06-07 10:05:00,0.42,16817.0,United Kingdom
555744,35471D,SET OF 3 BIRD LIGHT PINK FEATHER ,24,2011-06-07 10:44:00,0.39,18072.0,United Kingdom
555815,46000M,POLYESTER FILLER PAD 45x45cm,6,2011-06-07 11:47:00,1.55,13089.0,United Kingdom
555835,85232D,SET/3 DECOUPAGE STACKING TINS,1,2011-06-07 12:34:00,4.95,14525.0,United Kingdom
555845,84849D,HOT BATHS SOAP HOLDER,2,2011-06-07 13:19:00,1.69,17015.0,United Kingdom
555850,47591D,PINK FAIRY CAKE CHILDRENS APRON,2,2011-06-07 13:35:00,1.95,16550.0,United Kingdom
555851,47591D,PINK FAIRY CAKE CHILDRENS APRON,4,2011-06-07 13:37:00,1.95,13050.0,United Kingdom
555851,M,Manual,1,2011-06-07 13:37:00,3.75,13050.0,United Kingdom
555853,37489D,PINK/GREEN FLOWER DESIGN BIG MUG,1,2011-06-07 13:44:00,0.39,14375.0,United Kingdom
555855,84849D,HOT BATHS SOAP HOLDER,2,2011-06-07 13:56:00,1.69,15311.0,United Kingdom
555855,82613D,METAL SIGN CUPCAKE SINGLE HOOK,2,2011-06-07 13:56:00,1.25,15311.0,United Kingdom
555855,84997D,CHILDRENS CUTLERY POLKADOT PINK,2,2011-06-07 13:56:00,4.15,15311.0,United Kingdom
555928,POST,POSTAGE,2,2011-06-08 08:02:00,15.0,12383.0,Belgium
555931,POST,POSTAGE,4,2011-06-08 08:31:00,40.0,17828.0,Malta
555937,POST,POSTAGE,3,2011-06-08 09:39:00,18.0,12683.0,France
555941,POST,POSTAGE,1,2011-06-08 10:10:00,18.0,12726.0,France
555943,POST,POSTAGE,3,2011-06-08 10:15:00,40.0,13520.0,Switzerland
555946,84997D,CHILDRENS CUTLERY POLKADOT PINK,5,2011-06-08 10:43:00,4.15,17238.0,United Kingdom
555979,79030D,TUMBLER BAROQUE,6,2011-06-08 11:18:00,0.39,15039.0,United Kingdom
556032,84968D,SET OF 16 VINTAGE RED CUTLERY,1,2011-06-08 12:35:00,12.75,15159.0,United Kingdom
556043,15044D,RED PAPER PARASOL,1,2011-06-08 12:49:00,2.95,14078.0,United Kingdom
556056,46000M,POLYESTER FILLER PAD 45x45cm,1,2011-06-08 13:35:00,1.55,17841.0,United Kingdom
556058,84997D,CHILDRENS CUTLERY POLKADOT PINK,4,2011-06-08 13:54:00,4.15,13985.0,United Kingdom
556063,84997D,CHILDRENS CUTLERY POLKADOT PINK,1,2011-06-08 14:09:00,4.15,14587.0,United Kingdom
556070,M,Manual,1,2011-06-08 14:51:00,129.38,17873.0,United Kingdom
556114,15044D,RED PAPER PARASOL,12,2011-06-09 09:36:00,2.95,12569.0,Germany
556114,POST,POSTAGE,1,2011-06-09 09:36:00,18.0,12569.0,Germany
556116,35598D,PINK/WHITE CHRISTMAS TREE 60CM,24,2011-06-09 09:44:00,0.65,15214.0,United Kingdom
556118,POST,POSTAGE,2,2011-06-09 09:54:00,18.0,13811.0,Germany
556194,POST,POSTAGE,2,2011-06-09 12:20:00,18.0,12483.0,Sweden
556198,47591D,PINK FAIRY CAKE CHILDRENS APRON,5,2011-06-09 12:30:00,1.95,14963.0,United Kingdom
556203,POST,POSTAGE,1,2011-06-09 13:09:00,15.0,12399.0,Belgium
556216,17107D,"FLOWER FAIRY,5 SUMMER B'DRAW LINERS",6,2011-06-09 14:15:00,2.55,15252.0,United Kingdom
556222,M,Manual,12,2011-06-09 14:23:00,0.38,17522.0,United Kingdom
556222,79030D,TUMBLER BAROQUE,24,2011-06-09 14:23:00,0.39,17522.0,United Kingdom
556235,POST,POSTAGE,1,2011-06-09 15:29:00,15.0,12778.0,Netherlands
556241,85232D,SET/3 DECOUPAGE STACKING TINS,3,2011-06-09 16:04:00,4.95,12597.0,Spain
556241,POST,POSTAGE,8,2011-06-09 16:04:00,28.0,12597.0,Spain
556244,46000M,POLYESTER FILLER PAD 45x45cm,12,2011-06-09 16:08:00,1.55,15867.0,United Kingdom
556246,84997D,CHILDRENS CUTLERY POLKADOT PINK,3,2011-06-09 16:16:00,4.15,16113.0,United Kingdom
556256,85032D,YULETIDE IMAGES GIFT WRAP SET,12,2011-06-09 17:37:00,0.65,14309.0,United Kingdom
556258,POST,POSTAGE,3,2011-06-09 17:48:00,18.0,12694.0,France
556259,POST,POSTAGE,4,2011-06-09 17:53:00,18.0,12721.0,France
556305,POST,POSTAGE,4,2011-06-10 10:38:00,18.0,12643.0,France
556330,16168M,FUNKY MONKEY GIFT BAG MEDIUM,3,2011-06-10 11:29:00,0.42,17797.0,United Kingdom
556365,47591D,PINK FAIRY CAKE CHILDRENS APRON,2,2011-06-10 11:44:00,1.95,16370.0,United Kingdom
556443,POST,POSTAGE,4,2011-06-10 15:28:00,18.0,12712.0,Germany
556463,POST,POSTAGE,2,2011-06-12 10:47:00,18.0,12583.0,France
556469,POST,POSTAGE,3,2011-06-12 11:37:00,18.0,12516.0,Germany
556482,84997D,CHILDRENS CUTLERY POLKADOT PINK,12,2011-06-12 13:04:00,4.15,17242.0,United Kingdom
556484,84997D,CHILDRENS CUTLERY POLKADOT PINK,2,2011-06-12 13:17:00,4.15,16938.0,United Kingdom
556484,84997D,CHILDRENS CUTLERY POLKADOT PINK,3,2011-06-12 13:17:00,4.15,16938.0,United Kingdom
556484,85049D,BRIGHT BLUES RIBBONS ,4,2011-06-12 13:17:00,1.25,16938.0,United Kingdom
556484,79302M,"ART LIGHTS,FUNK MONKEY",1,2011-06-12 13:17:00,2.95,16938.0,United Kingdom
556494,85049D,BRIGHT BLUES RIBBONS ,3,2011-06-12 14:57:00,1.25,17802.0,United Kingdom
556494,84997D,CHILDRENS CUTLERY POLKADOT PINK,4,2011-06-12 14:57:00,4.15,17802.0,United Kingdom
556495,17107D,"FLOWER FAIRY,5 SUMMER B'DRAW LINERS",1,2011-06-12 15:14:00,2.55,18069.0,United Kingdom
556495,84925D,LA PALMIERA WALL THERMOMETER,1,2011-06-12 15:14:00,2.55,18069.0,United Kingdom
556503,46000M,POLYESTER FILLER PAD 45x45cm,12,2011-06-13 08:44:00,1.55,13517.0,United Kingdom
556503,16168M,FUNKY MONKEY GIFT BAG MEDIUM,24,2011-06-13 08:44:00,0.42,13517.0,United Kingdom
556507,POST,POSTAGE,8,2011-06-13 09:55:00,18.0,12567.0,France
556509,POST,POSTAGE,2,2011-06-13 10:33:00,18.0,12708.0,Germany
556517,POST,POSTAGE,5,2011-06-13 10:52:00,18.0,12481.0,Germany
556519,POST,POSTAGE,1,2011-06-13 10:54:00,2.02,16794.0,United Kingdom
556527,M,Manual,4,2011-06-13 11:33:00,1.65,16205.0,United Kingdom
556526,POST,POSTAGE,1,2011-06-13 11:33:00,18.0,12732.0,France
556529,POST,POSTAGE,4,2011-06-13 11:41:00,18.0,12714.0,France
556536,47310M,SMALL POP BOX FUNKY MONKEY,4,2011-06-13 12:36:00,1.25,17795.0,United Kingdom
556536,47591D,PINK FAIRY CAKE CHILDRENS APRON,2,2011-06-13 12:36:00,1.95,17795.0,United Kingdom
556573,M,Manual,1,2011-06-13 13:32:00,4.25,14667.0,United Kingdom
556573,90200D,PINK SWEETHEART BRACELET,6,2011-06-13 13:32:00,4.25,14667.0,United Kingdom
556575,85049D,BRIGHT BLUES RIBBONS ,3,2011-06-13 13:44:00,1.25,17027.0,United Kingdom
556576,85129D,BEADED CRYSTAL HEART PINK SMALL,2,2011-06-13 13:55:00,1.25,14606.0,United Kingdom
556576,85169D,PINK LOVE BIRD CANDLE,6,2011-06-13 13:55:00,1.25,14606.0,United Kingdom
556578,POST,POSTAGE,7,2011-06-13 14:13:00,18.0,12472.0,Germany
556579,90000D,COPPER/OLIVE GREEN FLOWER NECKLACE,2,2011-06-13 14:16:00,5.95,15069.0,United Kingdom
556579,90036D,"FLOWER GLASS GARLAND NECKL.36""BLACK",3,2011-06-13 14:16:00,7.95,15069.0,United Kingdom
556579,90001D,ANTIQUE OLIVE GREEN FLOWER EARRINGS,2,2011-06-13 14:16:00,4.25,15069.0,United Kingdom
556579,90201D,GREEN ENAMEL FLOWER RING,6,2011-06-13 14:16:00,2.95,15069.0,United Kingdom
556670,84997D,CHILDRENS CUTLERY POLKADOT PINK,72,2011-06-13 16:29:00,3.75,15838.0,United Kingdom
556671,15044D,RED PAPER PARASOL,1,2011-06-13 16:33:00,2.95,17841.0,United Kingdom
556671,M,Manual,1,2011-06-13 16:33:00,2.5,17841.0,United Kingdom
556732,84997D,CHILDRENS CUTLERY POLKADOT PINK,1,2011-06-14 11:47:00,4.15,15039.0,United Kingdom
556732,46000M,POLYESTER FILLER PAD 45x45cm,6,2011-06-14 11:47:00,1.55,15039.0,United Kingdom
556733,47591D,PINK FAIRY CAKE CHILDRENS APRON,3,2011-06-14 11:53:00,1.95,16919.0,United Kingdom
556733,35471D,SET OF 3 BIRD LIGHT PINK FEATHER ,12,2011-06-14 11:53:00,0.39,16919.0,United Kingdom
556784,84997D,CHILDRENS CUTLERY POLKADOT PINK,2,2011-06-14 13:15:00,4.15,14461.0,United Kingdom
556784,M,Manual,1,2011-06-14 13:15:00,0.39,14461.0,United Kingdom
556784,84968D,SET OF 16 VINTAGE RED CUTLERY,2,2011-06-14 13:15:00,12.75,14461.0,United Kingdom
556809,84997D,CHILDRENS CUTLERY POLKADOT PINK,10,2011-06-14 16:48:00,4.15,17179.0,United Kingdom
556816,POST,POSTAGE,3,2011-06-15 09:01:00,18.0,12437.0,France
556819,POST,POSTAGE,4,2011-06-15 10:21:00,18.0,12682.0,France
556829,POST,POSTAGE,3,2011-06-15 10:51:00,28.0,12809.0,Portugal
556879,84925D,LA PALMIERA WALL THERMOMETER,1,2011-06-15 12:07:00,2.55,16461.0,United Kingdom
556886,POST,POSTAGE,2,2011-06-15 12:34:00,18.0,12624.0,France
556905,84849D,HOT BATHS SOAP HOLDER,1,2011-06-15 13:05:00,1.69,16904.0,United Kingdom
556909,84968D,SET OF 16 VINTAGE RED CUTLERY,2,2011-06-15 13:23:00,12.75,17536.0,United Kingdom
556914,15044D,RED PAPER PARASOL,9,2011-06-15 13:34:00,2.95,12877.0,United Kingdom
556916,35471D,SET OF 3 BIRD LIGHT PINK FEATHER ,1,2011-06-15 13:35:00,0.39,16898.0,United Kingdom
556917,84997D,CHILDRENS CUTLERY POLKADOT PINK,72,2011-06-15 13:37:00,3.75,12415.0,Australia
556922,90214D,"LETTER ""D"" BLING KEY RING",1,2011-06-15 13:56:00,1.25,12748.0,United Kingdom
556942,47591D,PINK FAIRY CAKE CHILDRENS APRON,8,2011-06-15 16:42:00,1.95,14222.0,United Kingdom
556953,84968D,SET OF 16 VINTAGE RED CUTLERY,2,2011-06-16 08:16:00,12.75,14911.0,EIRE
557007,47591D,PINK FAIRY CAKE CHILDRENS APRON,4,2011-06-16 11:30:00,1.95,12484.0,Spain
557007,POST,POSTAGE,7,2011-06-16 11:30:00,28.0,12484.0,Spain
557019,85232D,SET/3 DECOUPAGE STACKING TINS,1,2011-06-16 12:45:00,4.95,15907.0,United Kingdom
557027,POST,POSTAGE,2,2011-06-16 13:24:00,40.0,12816.0,Poland
557033,47591D,PINK FAIRY CAKE CHILDRENS APRON,8,2011-06-16 13:48:00,1.95,13826.0,United Kingdom
557055,POST,POSTAGE,2,2011-06-16 14:45:00,18.0,12621.0,Germany
557069,POST,POSTAGE,3,2011-06-16 15:22:00,18.0,12562.0,France
557116,84968D,SET OF 16 VINTAGE RED CUTLERY,1,2011-06-16 16:57:00,12.75,15219.0,United Kingdom
557129,84997D,CHILDRENS CUTLERY POLKADOT PINK,1,2011-06-16 19:59:00,4.15,17841.0,United Kingdom
557129,47310M,SMALL POP BOX FUNKY MONKEY,2,2011-06-16 19:59:00,1.25,17841.0,United Kingdom
557147,POST,POSTAGE,4,2011-06-17 10:51:00,15.0,12408.0,Belgium
557232,POST,POSTAGE,2,2011-06-17 14:28:00,18.0,12463.0,Belgium
557233,84849D,HOT BATHS SOAP HOLDER,7,2011-06-17 14:44:00,1.69,15356.0,United Kingdom
557262,79030D,TUMBLER BAROQUE,6,2011-06-19 10:55:00,0.39,16923.0,United Kingdom
557267,15044D,RED PAPER PARASOL,1,2011-06-19 11:23:00,2.95,16805.0,United Kingdom
557275,84997D,CHILDRENS CUTLERY POLKADOT PINK,4,2011-06-19 11:45:00,4.15,15544.0,United Kingdom
557276,84849D,HOT BATHS SOAP HOLDER,1,2011-06-19 12:05:00,1.69,16931.0,United Kingdom
557283,47591D,PINK FAIRY CAKE CHILDRENS APRON,1,2011-06-19 12:26:00,1.95,16813.0,United Kingdom
557287,84849D,HOT BATHS SOAP HOLDER,2,2011-06-19 12:47:00,1.69,18109.0,United Kingdom
557295,POST,POSTAGE,1,2011-06-19 13:37:00,18.0,12724.0,France
557297,POST,POSTAGE,2,2011-06-19 13:54:00,28.0,12421.0,Spain
557305,17107D,"FLOWER FAIRY,5 SUMMER B'DRAW LINERS",2,2011-06-19 14:42:00,2.55,13568.0,United Kingdom
557309,85032D,YULETIDE IMAGES GIFT WRAP SET,36,2011-06-19 15:15:00,0.65,16493.0,United Kingdom
557311,84849D,HOT BATHS SOAP HOLDER,2,2011-06-19 15:36:00,1.69,15700.0,United Kingdom
557314,POST,POSTAGE,1,2011-06-19 15:59:00,28.0,12541.0,Spain
557315,72800D,4 BLUE DINNER CANDLES SILVER FLOCK,2,2011-06-19 16:02:00,2.55,15535.0,United Kingdom
557316,16169M,WRAP DAISY CARPET ,25,2011-06-19 16:04:00,0.42,17299.0,United Kingdom
557322,85232D,SET/3 DECOUPAGE STACKING TINS,3,2011-06-20 09:04:00,4.95,17444.0,Canada
557350,84876D,BLUE HEART COMPACT MIRROR,24,2011-06-20 10:41:00,1.25,16670.0,United Kingdom
557427,POST,POSTAGE,9,2011-06-20 12:14:00,18.0,12429.0,Denmark
557464,46000M,POLYESTER FILLER PAD 45x45cm,24,2011-06-20 13:06:00,1.55,15301.0,United Kingdom
557466,84997D,CHILDRENS CUTLERY POLKADOT PINK,8,2011-06-20 13:08:00,4.15,13815.0,Germany
557466,POST,POSTAGE,11,2011-06-20 13:08:00,18.0,13815.0,Germany
557471,46776D,WOVEN SUNSET CUSHION COVER ,2,2011-06-20 13:27:00,4.95,15825.0,United Kingdom
557483,POST,POSTAGE,1,2011-06-20 14:17:00,18.0,12643.0,France
557484,35471D,SET OF 3 BIRD LIGHT PINK FEATHER ,24,2011-06-20 14:36:00,0.39,14796.0,United Kingdom
557489,POST,POSTAGE,3,2011-06-20 14:58:00,18.0,12490.0,France
557525,84997D,CHILDRENS CUTLERY POLKADOT PINK,4,2011-06-21 09:26:00,4.15,12759.0,Netherlands
557525,POST,POSTAGE,3,2011-06-21 09:26:00,15.0,12759.0,Netherlands
557569,POST,POSTAGE,2,2011-06-21 10:46:00,18.0,12474.0,Germany
557603,84997D,CHILDRENS CUTLERY POLKADOT PINK,4,2011-06-21 12:02:00,4.15,16526.0,United Kingdom
557621,85232D,SET/3 DECOUPAGE STACKING TINS,3,2011-06-21 14:00:00,4.95,12444.0,Norway
557621,46000M,POLYESTER FILLER PAD 45x45cm,12,2011-06-21 14:00:00,1.55,12444.0,Norway
557627,POST,POSTAGE,1,2011-06-21 14:30:00,18.0,12583.0,France
557667,85232D,SET/3 DECOUPAGE STACKING TINS,3,2011-06-22 08:30:00,4.95,15606.0,United Kingdom
557669,POST,POSTAGE,2,2011-06-22 09:43:00,18.0,12674.0,France
557734,POST,POSTAGE,2,2011-06-22 11:20:00,18.0,12684.0,France
557739,85049D,BRIGHT BLUES RIBBONS ,3,2011-06-22 11:43:00,1.25,13780.0,United Kingdom
557746,85049D,BRIGHT BLUES RIBBONS ,1,2011-06-22 12:24:00,1.25,15059.0,United Kingdom
557754,POST,POSTAGE,1,2011-06-22 13:12:00,700.0,12432.0,Norway
557762,84997D,CHILDRENS CUTLERY POLKADOT PINK,4,2011-06-22 14:01:00,4.15,15810.0,United Kingdom
557770,35471D,SET OF 3 BIRD LIGHT PINK FEATHER ,48,2011-06-22 14:41:00,0.39,14643.0,United Kingdom
557789,POST,POSTAGE,3,2011-06-22 16:32:00,15.0,12379.0,Belgium
557797,84569D,PACK 6 HEART/ICE-CREAM PATCHES,12,2011-06-23 09:22:00,1.25,12919.0,United Kingdom
557798,47591D,PINK FAIRY CAKE CHILDRENS APRON,16,2011-06-23 09:38:00,1.95,16187.0,United Kingdom
557803,POST,POSTAGE,1,2011-06-23 10:20:00,40.0,12704.0,Finland
557850,POST,POSTAGE,2,2011-06-23 10:56:00,18.0,12720.0,Germany
557854,84925D,LA PALMIERA WALL THERMOMETER,2,2011-06-23 11:38:00,2.55,13268.0,United Kingdom
557878,47591D,PINK FAIRY CAKE CHILDRENS APRON,2,2011-06-23 13:13:00,1.95,16940.0,United Kingdom
557878,85049D,BRIGHT BLUES RIBBONS ,4,2011-06-23 13:13:00,1.25,16940.0,United Kingdom
557884,M,Manual,1,2011-06-23 13:35:00,1.25,17759.0,United Kingdom
557885,POST,POSTAGE,2,2011-06-23 13:37:00,15.0,12465.0,Belgium
557889,POST,POSTAGE,2,2011-06-23 13:51:00,18.0,12412.0,Denmark
557896,79302M,"ART LIGHTS,FUNK MONKEY",2,2011-06-23 14:22:00,2.95,17611.0,United Kingdom
557939,POST,POSTAGE,2,2011-06-23 15:44:00,40.0,12697.0,Sweden
557954,84997D,CHILDRENS CUTLERY POLKADOT PINK,2,2011-06-23 18:44:00,4.15,15023.0,United Kingdom
557955,85130D,BEADED CRYSTAL HEART PINK LARGE,12,2011-06-23 18:59:00,1.65,16175.0,United Kingdom
557956,84997D,CHILDRENS CUTLERY POLKADOT PINK,1,2011-06-23 19:20:00,4.15,18283.0,United Kingdom
557972,POST,POSTAGE,2,2011-06-24 10:16:00,18.0,12500.0,Germany
557974,84997D,CHILDRENS CUTLERY POLKADOT PINK,10,2011-06-24 10:31:00,4.15,14541.0,United Kingdom
558041,POST,POSTAGE,3,2011-06-24 13:20:00,40.0,12422.0,Switzerland
558043,84997D,CHILDRENS CUTLERY POLKADOT PINK,4,2011-06-24 13:28:00,4.15,13425.0,United Kingdom
558045,POST,POSTAGE,3,2011-06-24 13:35:00,18.0,12615.0,France
558063,85049D,BRIGHT BLUES RIBBONS ,3,2011-06-24 15:28:00,1.25,16395.0,United Kingdom
558063,84997D,CHILDRENS CUTLERY POLKADOT PINK,3,2011-06-24 15:28:00,4.15,16395.0,United Kingdom
558089,POST,POSTAGE,3,2011-06-26 12:36:00,40.0,13505.0,Switzerland
558096,17012D,ORIGAMI ROSE INCENSE/CANDLE SET ,1,2011-06-26 13:24:00,2.55,15532.0,United Kingdom
558099,90160D,PINK BOUDICCA LARGE BRACELET,1,2011-06-26 13:45:00,6.95,17593.0,United Kingdom
558099,90176D,DIAMANTE NECKLACE PURPLE,2,2011-06-26 13:45:00,7.5,17593.0,United Kingdom
558099,90177D,DROP DIAMANTE EARRINGS PURPLE,2,2011-06-26 13:45:00,2.95,17593.0,United Kingdom
558099,90200D,PINK SWEETHEART BRACELET,3,2011-06-26 13:45:00,4.25,17593.0,United Kingdom
558099,90201D,GREEN ENAMEL FLOWER RING,3,2011-06-26 13:45:00,2.95,17593.0,United Kingdom
558102,84997D,CHILDRENS CUTLERY POLKADOT PINK,4,2011-06-26 14:06:00,4.15,17372.0,United Kingdom
558102,84997D,CHILDRENS CUTLERY POLKADOT PINK,2,2011-06-26 14:06:00,4.15,17372.0,United Kingdom
558103,15044D,RED PAPER PARASOL,6,2011-06-26 14:08:00,2.95,13767.0,United Kingdom
558105,47591D,PINK FAIRY CAKE CHILDRENS APRON,1,2011-06-26 14:54:00,1.95,15644.0,United Kingdom
558105,85032D,YULETIDE IMAGES GIFT WRAP SET,3,2011-06-26 14:54:00,0.65,15644.0,United Kingdom
558108,POST,POSTAGE,1,2011-06-26 15:35:00,28.0,12548.0,Spain
558124,POST,POSTAGE,1,2011-06-27 10:17:00,18.0,12493.0,France
558159,15044D,RED PAPER PARASOL,2,2011-06-27 11:50:00,2.95,16904.0,United Kingdom
558191,82613D,METAL SIGN CUPCAKE SINGLE HOOK,2,2011-06-27 12:16:00,1.25,16869.0,United Kingdom
558197,35471D,SET OF 3 BIRD LIGHT PINK FEATHER ,24,2011-06-27 12:45:00,0.39,14298.0,United Kingdom
558198,16168M,FUNKY MONKEY GIFT BAG MEDIUM,12,2011-06-27 12:49:00,0.42,14104.0,United Kingdom
558232,47310M,SMALL POP BOX FUNKY MONKEY,2,2011-06-27 14:30:00,1.25,17841.0,United Kingdom
558237,79190D,RETRO PLASTIC DAISY TRAY,6,2011-06-27 15:04:00,0.42,12867.0,United Kingdom
558334,POST,POSTAGE,1,2011-06-28 13:11:00,18.0,12599.0,France
558358,84997D,CHILDRENS CUTLERY POLKADOT PINK,2,2011-06-28 15:05:00,4.15,17965.0,United Kingdom
558367,47591D,PINK FAIRY CAKE CHILDRENS APRON,3,2011-06-28 15:31:00,1.95,16550.0,United Kingdom
558368,82613D,METAL SIGN CUPCAKE SINGLE HOOK,8,2011-06-28 15:36:00,1.25,14329.0,United Kingdom
558381,M,Manual,1,2011-06-28 17:01:00,600.0,15299.0,United Kingdom
558386,35471D,SET OF 3 BIRD LIGHT PINK FEATHER ,24,2011-06-29 09:32:00,0.39,14883.0,United Kingdom
558416,85049D,BRIGHT BLUES RIBBONS ,2,2011-06-29 10:50:00,1.25,16059.0,United Kingdom
558454,84997D,CHILDRENS CUTLERY POLKADOT PINK,8,2011-06-29 13:58:00,4.15,17063.0,United Kingdom
558454,47591D,PINK FAIRY CAKE CHILDRENS APRON,8,2011-06-29 13:58:00,1.95,17063.0,United Kingdom
558461,84849D,HOT BATHS SOAP HOLDER,2,2011-06-29 15:03:00,1.69,13263.0,United Kingdom
558461,M,Manual,2,2011-06-29 15:03:00,1.95,13263.0,United Kingdom
558479,M,Manual,2,2011-06-29 16:44:00,2.95,17837.0,United Kingdom
558534,79030D,TUMBLER BAROQUE,24,2011-06-30 11:54:00,0.39,13988.0,United Kingdom
558534,47591D,PINK FAIRY CAKE CHILDRENS APRON,8,2011-06-30 11:54:00,1.95,13988.0,United Kingdom
558567,46000M,POLYESTER FILLER PAD 45x45cm,36,2011-06-30 14:37:00,1.55,14191.0,United Kingdom
558608,POST,POSTAGE,1,2011-06-30 15:30:00,18.0,12524.0,Germany
558613,47591D,PINK FAIRY CAKE CHILDRENS APRON,8,2011-06-30 15:46:00,1.95,14911.0,EIRE
558623,POST,POSTAGE,1,2011-06-30 16:52:00,15.0,12395.0,Belgium
558626,POST,POSTAGE,1,2011-06-30 17:34:00,18.0,12569.0,Germany
558628,POST,POSTAGE,5,2011-06-30 17:59:00,18.0,12626.0,Germany
558679,M,Manual,1,2011-07-01 10:58:00,1.0,17800.0,United Kingdom
558687,POST,POSTAGE,1,2011-07-01 11:43:00,18.0,12598.0,France
558699,POST,POSTAGE,1,2011-07-01 12:17:00,18.0,12494.0,France
558707,35471D,SET OF 3 BIRD LIGHT PINK FEATHER ,1,2011-07-01 12:58:00,0.39,12748.0,United Kingdom
558707,35471D,SET OF 3 BIRD LIGHT PINK FEATHER ,2,2011-07-01 12:58:00,0.39,12748.0,United Kingdom
558709,15044D,RED PAPER PARASOL,3,2011-07-01 13:02:00,2.95,17338.0,United Kingdom
558710,79063D,"RETRO PILL BOX , REVOLUTIONARY",4,2011-07-01 13:04:00,0.19,15483.0,United Kingdom
558711,79062D,"RETRO TIN ASHTRAY,REVOLUTIONARY",4,2011-07-01 13:05:00,0.29,15483.0,United Kingdom
558717,POST,POSTAGE,1,2011-07-01 13:22:00,18.0,12710.0,Germany
558731,47591D,PINK FAIRY CAKE CHILDRENS APRON,8,2011-07-01 14:53:00,1.95,13285.0,United Kingdom
558761,47591D,PINK FAIRY CAKE CHILDRENS APRON,2,2011-07-03 12:52:00,1.95,15033.0,United Kingdom
558770,84877D,BLUE ROUND COMPACT MIRROR,1,2011-07-03 15:19:00,1.25,12748.0,United Kingdom
558771,85130D,BEADED CRYSTAL HEART PINK LARGE,4,2011-07-03 15:53:00,0.79,17105.0,United Kingdom
558813,POST,POSTAGE,3,2011-07-04 11:42:00,18.0,12682.0,France
558841,M,Manual,1,2011-07-04 11:59:00,30.0,12471.0,Germany
558872,15044D,RED PAPER PARASOL,5,2011-07-04 13:19:00,2.95,17464.0,United Kingdom
558871,84997D,CHILDRENS CUTLERY POLKADOT PINK,360,2011-07-04 13:19:00,3.75,12557.0,Spain
558875,M,Manual,2,2011-07-04 13:35:00,8.95,13301.0,United Kingdom
558877,46000M,POLYESTER FILLER PAD 45x45cm,1,2011-07-04 13:50:00,1.55,17841.0,United Kingdom
558878,90161D,ANT COPPER PINK BOUDICCA BRACELET,2,2011-07-04 13:53:00,4.95,16385.0,United Kingdom
558895,M,Manual,1,2011-07-04 15:54:00,389.68,12619.0,Germany
558906,79063D,"RETRO PILL BOX , REVOLUTIONARY",10,2011-07-04 16:35:00,0.19,15555.0,United Kingdom
558959,85032D,YULETIDE IMAGES GIFT WRAP SET,24,2011-07-05 10:54:00,0.65,16103.0,United Kingdom
558991,17090D,VANILLA INCENSE 40 CONES IN TIN,2,2011-07-05 11:32:00,1.25,14606.0,United Kingdom
558991,17090D,VANILLA INCENSE 40 CONES IN TIN,1,2011-07-05 11:32:00,1.25,14606.0,United Kingdom
559004,POST,POSTAGE,4,2011-07-05 12:23:00,40.0,12428.0,Finland
559034,84997D,CHILDRENS CUTLERY POLKADOT PINK,4,2011-07-05 14:56:00,4.15,13109.0,United Kingdom
559058,POST,POSTAGE,6,2011-07-06 09:49:00,15.0,12407.0,Belgium
559061,79190D,RETRO PLASTIC DAISY TRAY,13,2011-07-06 10:04:00,0.42,17220.0,United Kingdom
559062,85032D,YULETIDE IMAGES GIFT WRAP SET,48,2011-07-06 10:09:00,0.65,13253.0,United Kingdom
559062,35471D,SET OF 3 BIRD LIGHT PINK FEATHER ,24,2011-07-06 10:09:00,0.39,13253.0,United Kingdom
559068,46000M,POLYESTER FILLER PAD 45x45cm,1,2011-07-06 10:41:00,1.55,17841.0,United Kingdom
559091,15044D,RED PAPER PARASOL,70,2011-07-06 10:47:00,2.55,17905.0,United Kingdom
559106,M,Manual,2,2011-07-06 11:10:00,7.95,15889.0,United Kingdom
559107,M,Manual,1,2011-07-06 11:22:00,2.95,15334.0,United Kingdom
559121,84926D,LA PALMIERA TILE COASTER,24,2011-07-06 12:18:00,0.29,13599.0,United Kingdom
559125,84997D,CHILDRENS CUTLERY POLKADOT PINK,4,2011-07-06 12:32:00,4.15,13985.0,United Kingdom
559134,POST,POSTAGE,5,2011-07-06 13:14:00,18.0,12700.0,France
559135,POST,POSTAGE,1,2011-07-06 13:18:00,28.0,12455.0,Spain
559143,85049D,BRIGHT BLUES RIBBONS ,1,2011-07-06 14:04:00,1.25,15581.0,United Kingdom
559144,84997D,CHILDRENS CUTLERY POLKADOT PINK,4,2011-07-06 14:17:00,4.15,12921.0,United Kingdom
559155,84926D,LA PALMIERA TILE COASTER,24,2011-07-06 15:49:00,0.29,13418.0,United Kingdom
559158,35471D,SET OF 3 BIRD LIGHT PINK FEATHER ,24,2011-07-06 16:03:00,0.39,17428.0,United Kingdom
559165,37489D,PINK/GREEN FLOWER DESIGN BIG MUG,1,2011-07-06 16:40:00,0.39,12977.0,United Kingdom
559173,POST,POSTAGE,2,2011-07-07 10:03:00,28.0,12540.0,Spain
559174,84876D,BLUE HEART COMPACT MIRROR,24,2011-07-07 10:04:00,1.25,18263.0,United Kingdom
559289,85071D,CHARLIE+LOLA MY ROOM DOOR SIGN,2,2011-07-07 12:22:00,0.39,15719.0,United Kingdom
559295,POST,POSTAGE,2,2011-07-07 12:32:00,15.0,12362.0,Belgium
559298,POST,POSTAGE,6,2011-07-07 12:38:00,18.0,12471.0,Germany
559299,47591D,PINK FAIRY CAKE CHILDRENS APRON,8,2011-07-07 12:39:00,1.95,16929.0,United Kingdom
559316,84997D,CHILDRENS CUTLERY POLKADOT PINK,4,2011-07-07 13:54:00,4.15,12647.0,Germany
559316,POST,POSTAGE,1,2011-07-07 13:54:00,18.0,12647.0,Germany
559317,85049D,BRIGHT BLUES RIBBONS ,1,2011-07-07 14:03:00,1.25,17611.0,United Kingdom
559321,79030D,TUMBLER BAROQUE,24,2011-07-07 14:30:00,0.39,17069.0,United Kingdom
559325,47591D,PINK FAIRY CAKE CHILDRENS APRON,50,2011-07-07 15:06:00,1.65,17560.0,United Kingdom
559329,85032D,YULETIDE IMAGES GIFT WRAP SET,12,2011-07-07 15:41:00,0.65,15241.0,United Kingdom
559362,POST,POSTAGE,3,2011-07-08 08:43:00,18.0,12635.0,Germany
559418,POST,POSTAGE,3,2011-07-08 11:36:00,18.0,12681.0,France
559421,84997D,CHILDRENS CUTLERY POLKADOT PINK,4,2011-07-08 11:55:00,4.15,12648.0,Germany
559421,POST,POSTAGE,1,2011-07-08 11:55:00,18.0,12648.0,Germany
559422,POST,POSTAGE,2,2011-07-08 12:00:00,18.0,12553.0,France
559436,84997D,CHILDRENS CUTLERY POLKADOT PINK,1,2011-07-08 12:18:00,4.15,15901.0,United Kingdom
559441,POST,POSTAGE,2,2011-07-08 12:22:00,18.0,12583.0,France
559459,82613D,METAL SIGN CUPCAKE SINGLE HOOK,2,2011-07-08 12:53:00,1.25,15311.0,United Kingdom
559465,84997D,CHILDRENS CUTLERY POLKADOT PINK,72,2011-07-08 13:26:00,3.75,14680.0,United Kingdom
559504,M,Manual,2,2011-07-08 15:16:00,0.79,15920.0,United Kingdom
559511,M,Manual,3,2011-07-08 15:31:00,0.79,15920.0,United Kingdom
559535,46000M,POLYESTER FILLER PAD 45x45cm,2,2011-07-10 12:16:00,1.55,17841.0,United Kingdom
559535,M,Manual,1,2011-07-10 12:16:00,3.75,17841.0,United Kingdom
559535,M,Manual,1,2011-07-10 12:16:00,0.85,17841.0,United Kingdom
559535,35471D,SET OF 3 BIRD LIGHT PINK FEATHER ,1,2011-07-10 12:16:00,0.39,17841.0,United Kingdom
559536,M,Manual,2,2011-07-10 12:17:00,0.85,16283.0,United Kingdom
559536,35471D,SET OF 3 BIRD LIGHT PINK FEATHER ,6,2011-07-10 12:17:00,0.39,16283.0,United Kingdom
559537,85129D,BEADED CRYSTAL HEART PINK SMALL,3,2011-07-10 12:23:00,1.25,14472.0,United Kingdom
559538,82613D,METAL SIGN CUPCAKE SINGLE HOOK,2,2011-07-10 12:25:00,1.25,16880.0,United Kingdom
559542,35471D,SET OF 3 BIRD LIGHT PINK FEATHER ,3,2011-07-10 13:32:00,0.39,17126.0,United Kingdom
559543,35471D,SET OF 3 BIRD LIGHT PINK FEATHER ,4,2011-07-10 13:46:00,0.39,17126.0,United Kingdom
559548,84926D,LA PALMIERA TILE COASTER,48,2011-07-10 15:17:00,0.29,17997.0,United Kingdom
559552,47591D,PINK FAIRY CAKE CHILDRENS APRON,1,2011-07-10 16:29:00,1.95,16014.0,United Kingdom
559557,84926D,LA PALMIERA TILE COASTER,24,2011-07-11 10:33:00,0.29,17444.0,Canada
559557,84877D,BLUE ROUND COMPACT MIRROR,24,2011-07-11 10:33:00,1.25,17444.0,Canada
559557,79030D,TUMBLER BAROQUE,24,2011-07-11 10:33:00,0.39,17444.0,Canada
559557,35598D,PINK/WHITE CHRISTMAS TREE 60CM,24,2011-07-11 10:33:00,0.65,17444.0,Canada
559557,15044D,RED PAPER PARASOL,6,2011-07-11 10:33:00,2.95,17444.0,Canada
559557,82613D,METAL SIGN CUPCAKE SINGLE HOOK,8,2011-07-11 10:33:00,1.25,17444.0,Canada
559606,17090D,VANILLA INCENSE 40 CONES IN TIN,6,2011-07-11 11:38:00,1.25,14606.0,United Kingdom
559607,POST,POSTAGE,5,2011-07-11 11:39:00,18.0,12681.0,France
559629,84997D,CHILDRENS CUTLERY POLKADOT PINK,1,2011-07-11 11:58:00,4.15,14690.0,United Kingdom
559641,85071D,CHARLIE+LOLA MY ROOM DOOR SIGN,10,2011-07-11 12:31:00,0.39,13184.0,United Kingdom
559653,47591D,PINK FAIRY CAKE CHILDRENS APRON,1,2011-07-11 12:49:00,1.95,14552.0,United Kingdom
559671,47591D,PINK FAIRY CAKE CHILDRENS APRON,2,2011-07-11 13:55:00,1.95,17811.0,United Kingdom
559672,84927D,LA PALMIERA TILE HOOK,6,2011-07-11 14:04:00,0.39,14796.0,United Kingdom
559672,85071D,CHARLIE+LOLA MY ROOM DOOR SIGN,7,2011-07-11 14:04:00,0.39,14796.0,United Kingdom
559672,M,Manual,4,2011-07-11 14:04:00,0.39,14796.0,United Kingdom
559672,35471D,SET OF 3 BIRD LIGHT PINK FEATHER ,3,2011-07-11 14:04:00,0.39,14796.0,United Kingdom
559673,85130D,BEADED CRYSTAL HEART PINK LARGE,6,2011-07-11 14:10:00,0.79,13224.0,United Kingdom
559674,M,Manual,3,2011-07-11 14:16:00,0.42,15856.0,United Kingdom
559676,84997D,CHILDRENS CUTLERY POLKADOT PINK,4,2011-07-11 14:40:00,4.15,17340.0,United Kingdom
559680,47591D,PINK FAIRY CAKE CHILDRENS APRON,8,2011-07-11 14:47:00,1.95,12717.0,Greece
559680,POST,POSTAGE,2,2011-07-11 14:47:00,50.0,12717.0,Greece
559685,POST,POSTAGE,1,2011-07-11 15:22:00,18.0,12599.0,France
559696,84997D,CHILDRENS CUTLERY POLKADOT PINK,6,2011-07-11 16:59:00,4.15,15577.0,United Kingdom
559698,85071D,CHARLIE+LOLA MY ROOM DOOR SIGN,1,2011-07-11 17:07:00,0.39,17589.0,United Kingdom
559699,POST,POSTAGE,1,2011-07-12 08:52:00,18.0,12682.0,France
559704,POST,POSTAGE,4,2011-07-12 09:54:00,18.0,12669.0,France
559706,16168M,FUNKY MONKEY GIFT BAG MEDIUM,24,2011-07-12 10:02:00,0.42,16609.0,United Kingdom
559707,POST,POSTAGE,2,2011-07-12 10:04:00,40.0,12358.0,Austria
559710,POST,POSTAGE,1,2011-07-12 10:25:00,18.0,12474.0,Germany
559711,84997D,CHILDRENS CUTLERY POLKADOT PINK,4,2011-07-12 10:46:00,4.15,13590.0,United Kingdom
559711,47591D,PINK FAIRY CAKE CHILDRENS APRON,8,2011-07-12 10:46:00,1.95,13590.0,United Kingdom
559768,15044D,RED PAPER PARASOL,12,2011-07-12 11:35:00,2.95,13207.0,United Kingdom
559807,72800D,4 BLUE DINNER CANDLES SILVER FLOCK,2,2011-07-12 14:48:00,2.55,17841.0,United Kingdom
559807,84849D,HOT BATHS SOAP HOLDER,4,2011-07-12 14:48:00,1.69,17841.0,United Kingdom
559809,84997D,CHILDRENS CUTLERY POLKADOT PINK,1,2011-07-12 14:57:00,4.15,16409.0,United Kingdom
559813,84997D,CHILDRENS CUTLERY POLKADOT PINK,4,2011-07-12 15:42:00,4.15,18272.0,United Kingdom
559814,84997D,CHILDRENS CUTLERY POLKADOT PINK,8,2011-07-12 15:49:00,4.15,15544.0,United Kingdom
559819,POST,POSTAGE,1,2011-07-12 16:58:00,18.0,12682.0,France
559821,79302M,"ART LIGHTS,FUNK MONKEY",1,2011-07-12 17:09:00,2.95,16365.0,United Kingdom
559835,POST,POSTAGE,1,2011-07-13 10:08:00,15.0,13509.0,United Kingdom
559862,POST,POSTAGE,4,2011-07-13 10:30:00,28.0,12782.0,Portugal
559866,85130D,BEADED CRYSTAL HEART PINK LARGE,24,2011-07-13 10:43:00,0.79,15795.0,United Kingdom
559887,84927D,LA PALMIERA TILE HOOK,1,2011-07-13 11:44:00,0.39,13263.0,United Kingdom
559889,POST,POSTAGE,1,2011-07-13 11:48:00,145.0,12678.0,France
559890,POST,POSTAGE,1,2011-07-13 11:58:00,15.0,12464.0,Belgium
559894,84927D,LA PALMIERA TILE HOOK,2,2011-07-13 12:06:00,0.39,14159.0,United Kingdom
559894,47591D,PINK FAIRY CAKE CHILDRENS APRON,1,2011-07-13 12:06:00,1.95,14159.0,United Kingdom
559897,90214D,"LETTER ""D"" BLING KEY RING",6,2011-07-13 12:18:00,1.25,16779.0,United Kingdom
559898,84849D,HOT BATHS SOAP HOLDER,2,2011-07-13 12:18:00,1.69,16225.0,United Kingdom
559899,47591D,PINK FAIRY CAKE CHILDRENS APRON,8,2011-07-13 12:24:00,1.95,12528.0,Germany
559899,POST,POSTAGE,3,2011-07-13 12:24:00,18.0,12528.0,Germany
559902,85129D,BEADED CRYSTAL HEART PINK SMALL,2,2011-07-13 13:14:00,1.25,14502.0,United Kingdom
559903,47591D,PINK FAIRY CAKE CHILDRENS APRON,8,2011-07-13 13:16:00,1.95,12935.0,United Kingdom
559921,47591D,PINK FAIRY CAKE CHILDRENS APRON,1,2011-07-13 15:42:00,1.95,13667.0,United Kingdom
559921,85071D,CHARLIE+LOLA MY ROOM DOOR SIGN,5,2011-07-13 15:42:00,0.39,13667.0,United Kingdom
559928,POST,POSTAGE,8,2011-07-14 08:52:00,40.0,12405.0,Finland
559928,47591D,PINK FAIRY CAKE CHILDRENS APRON,8,2011-07-14 08:52:00,1.95,12405.0,Finland
559929,46000M,POLYESTER FILLER PAD 45x45cm,18,2011-07-14 09:10:00,1.55,14265.0,Unspecified
559937,47591D,PINK FAIRY CAKE CHILDRENS APRON,8,2011-07-14 10:11:00,1.95,13577.0,United Kingdom
559945,M,Manual,1,2011-07-14 10:24:00,18.0,17396.0,United Kingdom
559987,POST,POSTAGE,5,2011-07-14 12:12:00,18.0,12619.0,Germany
559988,M,Manual,1,2011-07-14 12:17:00,0.42,15402.0,United Kingdom
560035,15044D,RED PAPER PARASOL,6,2011-07-14 13:41:00,2.95,17706.0,United Kingdom
560041,84997D,CHILDRENS CUTLERY POLKADOT PINK,6,2011-07-14 14:46:00,4.15,14156.0,EIRE
560047,85049D,BRIGHT BLUES RIBBONS ,1,2011-07-14 15:01:00,1.25,17259.0,United Kingdom
560118,84800M,MEDIUM WHITE/PINK ROSE ART FLOWER,24,2011-07-15 10:21:00,1.27,16818.0,United Kingdom
560119,POST,POSTAGE,2,2011-07-15 10:21:00,40.0,12815.0,Poland
560120,84997D,CHILDRENS CUTLERY POLKADOT PINK,8,2011-07-15 10:27:00,4.15,14907.0,United Kingdom
560125,47591D,PINK FAIRY CAKE CHILDRENS APRON,1,2011-07-15 10:44:00,1.95,18118.0,United Kingdom
560187,POST,POSTAGE,1,2011-07-15 12:05:00,550.94,17444.0,Canada
560202,POST,POSTAGE,4,2011-07-15 13:10:00,18.0,12712.0,Germany
560203,47310M,SMALL POP BOX FUNKY MONKEY,2,2011-07-15 13:13:00,1.25,15311.0,United Kingdom
560209,M,Manual,1,2011-07-15 14:05:00,0.39,15004.0,United Kingdom
560209,46000M,POLYESTER FILLER PAD 45x45cm,6,2011-07-15 14:05:00,1.55,15004.0,United Kingdom
560209,85049D,BRIGHT BLUES RIBBONS ,3,2011-07-15 14:05:00,1.25,15004.0,United Kingdom
560211,POST,POSTAGE,3,2011-07-15 14:34:00,18.0,12621.0,Germany
560223,82613D,METAL SIGN CUPCAKE SINGLE HOOK,1,2011-07-15 15:32:00,1.25,16904.0,United Kingdom
560224,85049D,BRIGHT BLUES RIBBONS ,3,2011-07-15 16:06:00,1.25,14572.0,United Kingdom
560228,M,Manual,10,2011-07-15 17:29:00,0.85,17750.0,United Kingdom
560228,17012D,ORIGAMI ROSE INCENSE/CANDLE SET ,10,2011-07-15 17:29:00,0.85,17750.0,United Kingdom
560230,POST,POSTAGE,2,2011-07-17 10:53:00,18.0,12600.0,Germany
560244,85071D,CHARLIE+LOLA MY ROOM DOOR SIGN,3,2011-07-17 12:14:00,0.39,16931.0,United Kingdom
560249,16168M,FUNKY MONKEY GIFT BAG MEDIUM,28,2011-07-17 12:26:00,0.42,17571.0,United Kingdom
560250,84997D,CHILDRENS CUTLERY POLKADOT PINK,2,2011-07-17 12:31:00,4.15,14659.0,United Kingdom
560251,72800D,4 BLUE DINNER CANDLES SILVER FLOCK,3,2011-07-17 12:32:00,2.55,17774.0,United Kingdom
560260,47591D,PINK FAIRY CAKE CHILDRENS APRON,1,2011-07-17 13:32:00,1.95,14044.0,United Kingdom
560271,47591D,PINK FAIRY CAKE CHILDRENS APRON,1,2011-07-17 14:51:00,1.95,16474.0,United Kingdom
560272,POST,POSTAGE,1,2011-07-17 14:56:00,18.0,12691.0,France
560300,90141D,ROSE PENDANT TRIPLE SHELL NECKLACE,3,2011-07-18 10:29:00,4.95,14911.0,EIRE
560356,84997D,CHILDRENS CUTLERY POLKADOT PINK,8,2011-07-18 11:41:00,4.15,16875.0,United Kingdom
560359,84927D,LA PALMIERA TILE HOOK,6,2011-07-18 11:47:00,0.39,14159.0,United Kingdom
560363,POST,POSTAGE,1,2011-07-18 12:05:00,18.0,12589.0,France
560364,84997D,CHILDRENS CUTLERY POLKADOT PINK,8,2011-07-18 12:15:00,4.15,16705.0,United Kingdom
560368,85170D,SET/6 PINK BIRD T-LIGHT CANDLES,1,2011-07-18 12:25:00,2.1,17841.0,United Kingdom
560368,46000M,POLYESTER FILLER PAD 45x45cm,1,2011-07-18 12:25:00,1.55,17841.0,United Kingdom
560387,84997D,CHILDRENS CUTLERY POLKADOT PINK,3,2011-07-18 13:00:00,4.15,14667.0,United Kingdom
560387,85049D,BRIGHT BLUES RIBBONS ,2,2011-07-18 13:00:00,1.25,14667.0,United Kingdom
560387,90200D,PINK SWEETHEART BRACELET,6,2011-07-18 13:00:00,4.25,14667.0,United Kingdom
560393,72801D,4 SKY BLUE DINNER CANDLES,7,2011-07-18 13:33:00,1.25,14808.0,United Kingdom
560393,37491D,PURPLE/BLUE CERAMIC CANDLE HOLDER,2,2011-07-18 13:33:00,1.65,14808.0,United Kingdom
560393,79190D,RETRO PLASTIC DAISY TRAY,4,2011-07-18 13:33:00,0.42,14808.0,United Kingdom
560393,47591D,PINK FAIRY CAKE CHILDRENS APRON,8,2011-07-18 13:33:00,1.95,14808.0,United Kingdom
560394,84997D,CHILDRENS CUTLERY POLKADOT PINK,4,2011-07-18 13:35:00,4.15,14390.0,United Kingdom
560413,M,Manual,1,2011-07-18 14:33:00,550.64,13564.0,United Kingdom
560441,15044D,RED PAPER PARASOL,6,2011-07-18 16:57:00,2.95,14029.0,United Kingdom
560452,POST,POSTAGE,1,2011-07-19 09:51:00,18.0,12682.0,France
560500,84849D,HOT BATHS SOAP HOLDER,3,2011-07-19 11:08:00,1.69,17975.0,United Kingdom
560545,POST,POSTAGE,1,2011-07-19 12:38:00,18.0,12569.0,Germany
560549,84997D,CHILDRENS CUTLERY POLKADOT PINK,72,2011-07-19 12:43:00,3.75,12664.0,Finland
560549,POST,POSTAGE,2,2011-07-19 12:43:00,40.0,12664.0,Finland
560551,16162M,THE KING GIFT BAG 25x24x12cm,4,2011-07-19 12:47:00,0.42,18041.0,United Kingdom
560552,82613D,METAL SIGN CUPCAKE SINGLE HOOK,2,2011-07-19 12:54:00,1.25,15311.0,United Kingdom
560557,84875D,BLUE SQUARE COMPACT MIRROR,1,2011-07-19 13:05:00,1.25,18101.0,United Kingdom
560557,84876D,BLUE HEART COMPACT MIRROR,1,2011-07-19 13:05:00,1.25,18101.0,United Kingdom
560557,84877D,BLUE ROUND COMPACT MIRROR,1,2011-07-19 13:05:00,1.25,18101.0,United Kingdom
560566,84997D,CHILDRENS CUTLERY POLKADOT PINK,4,2011-07-19 13:45:00,4.15,12662.0,Germany
560566,POST,POSTAGE,2,2011-07-19 13:45:00,18.0,12662.0,Germany
560569,POST,POSTAGE,3,2011-07-19 14:04:00,18.0,12480.0,Germany
560579,M,Manual,12,2011-07-19 15:13:00,0.42,15867.0,United Kingdom
560579,85049D,BRIGHT BLUES RIBBONS ,2,2011-07-19 15:13:00,1.25,15867.0,United Kingdom
560584,84927D,LA PALMIERA TILE HOOK,1,2011-07-19 15:38:00,0.39,13827.0,United Kingdom
560607,POST,POSTAGE,3,2011-07-20 10:15:00,28.0,12510.0,Spain
560635,POST,POSTAGE,3,2011-07-20 10:51:00,18.0,12521.0,Germany
560651,M,Manual,1,2011-07-20 11:38:00,451.42,15802.0,United Kingdom
560650,16168M,FUNKY MONKEY GIFT BAG MEDIUM,10,2011-07-20 11:38:00,0.42,15529.0,United Kingdom
560650,16162M,THE KING GIFT BAG 25x24x12cm,6,2011-07-20 11:38:00,0.42,15529.0,United Kingdom
560650,47591D,PINK FAIRY CAKE CHILDRENS APRON,2,2011-07-20 11:38:00,1.95,15529.0,United Kingdom
560696,90214M,"LETTER ""M"" BLING KEY RING",1,2011-07-20 12:14:00,1.25,14606.0,United Kingdom
560710,POST,POSTAGE,1,2011-07-20 12:51:00,15.0,14646.0,Netherlands
560712,84732D,CUTE RABBIT CEATURE SCREEN ,2,2011-07-20 13:06:00,0.39,14456.0,United Kingdom
560716,84997D,CHILDRENS CUTLERY POLKADOT PINK,4,2011-07-20 13:26:00,4.15,17675.0,United Kingdom
560727,84927D,LA PALMIERA TILE HOOK,6,2011-07-20 14:33:00,0.39,13571.0,United Kingdom
560728,POST,POSTAGE,2,2011-07-20 14:38:00,18.0,12520.0,Germany
560729,84997D,CHILDRENS CUTLERY POLKADOT PINK,72,2011-07-20 14:39:00,3.75,17511.0,United Kingdom
560783,POST,POSTAGE,4,2011-07-21 10:24:00,15.0,15108.0,European Community
560828,85130D,BEADED CRYSTAL HEART PINK LARGE,48,2011-07-21 11:55:00,0.79,14298.0,United Kingdom
560841,85130D,BEADED CRYSTAL HEART PINK LARGE,24,2011-07-21 12:25:00,0.79,14298.0,United Kingdom
560841,79302M,"ART LIGHTS,FUNK MONKEY",12,2011-07-21 12:25:00,2.55,14298.0,United Kingdom
560862,79030D,TUMBLER BAROQUE,18,2011-07-21 13:48:00,0.39,14085.0,United Kingdom
560862,85049D,BRIGHT BLUES RIBBONS ,3,2011-07-21 13:48:00,1.25,14085.0,United Kingdom
560862,84927D,LA PALMIERA TILE HOOK,4,2011-07-21 13:48:00,0.39,14085.0,United Kingdom
560864,85130D,BEADED CRYSTAL HEART PINK LARGE,24,2011-07-21 13:54:00,0.79,14407.0,United Kingdom
560868,15044D,RED PAPER PARASOL,1,2011-07-21 14:14:00,2.95,14866.0,United Kingdom
560876,POST,POSTAGE,6,2011-07-21 15:14:00,18.0,12626.0,Germany
560883,85130D,BEADED CRYSTAL HEART PINK LARGE,72,2011-07-21 16:10:00,0.79,13694.0,United Kingdom
560892,85131D,BEADED CRYSTAL HEART PINK ON STICK,12,2011-07-21 17:08:00,1.25,13089.0,United Kingdom
560894,47591D,PINK FAIRY CAKE CHILDRENS APRON,8,2011-07-21 17:09:00,1.95,14911.0,EIRE
560901,POST,POSTAGE,7,2011-07-21 17:39:00,18.0,12476.0,Germany
560911,16168M,FUNKY MONKEY GIFT BAG MEDIUM,6,2011-07-21 18:00:00,0.42,17961.0,United Kingdom
560920,35599D,PINK AND WHITE CHRISTMAS TREE 120CM,6,2011-07-21 18:36:00,2.95,15370.0,United Kingdom
560937,47591D,PINK FAIRY CAKE CHILDRENS APRON,2,2011-07-22 10:52:00,1.95,17920.0,United Kingdom
560979,84877D,BLUE ROUND COMPACT MIRROR,24,2011-07-22 12:21:00,1.25,15232.0,United Kingdom
560979,84876D,BLUE HEART COMPACT MIRROR,24,2011-07-22 12:21:00,1.25,15232.0,United Kingdom
560991,POST,POSTAGE,3,2011-07-22 13:29:00,40.0,12438.0,Norway
560996,47591D,PINK FAIRY CAKE CHILDRENS APRON,4,2011-07-22 13:53:00,1.95,17625.0,United Kingdom
560997,POST,POSTAGE,4,2011-07-22 13:59:00,18.0,12627.0,Germany
561029,POST,POSTAGE,2,2011-07-24 11:25:00,18.0,12490.0,France
561037,POST,POSTAGE,3,2011-07-24 11:55:00,18.0,12472.0,Germany
561048,84997D,CHILDRENS CUTLERY POLKADOT PINK,72,2011-07-24 12:51:00,3.75,12939.0,United Kingdom
561057,POST,POSTAGE,1,2011-07-24 13:18:00,2.9,17935.0,United Kingdom
561084,79302M,"ART LIGHTS,FUNK MONKEY",6,2011-07-25 08:50:00,2.95,14948.0,United Kingdom
561093,POST,POSTAGE,6,2011-07-25 10:01:00,28.0,12540.0,Spain
561094,POST,POSTAGE,2,2011-07-25 10:04:00,18.0,12474.0,Germany
561100,84926D,LA PALMIERA TILE COASTER,24,2011-07-25 11:01:00,0.29,15289.0,United Kingdom
561102,POST,POSTAGE,1,2011-07-25 11:17:00,18.0,12412.0,Denmark
561113,47310M,SMALL POP BOX FUNKY MONKEY,2,2011-07-25 12:09:00,1.25,17841.0,United Kingdom
561113,85049D,BRIGHT BLUES RIBBONS ,5,2011-07-25 12:09:00,1.25,17841.0,United Kingdom
561116,POST,POSTAGE,5,2011-07-25 12:22:00,40.0,13520.0,Switzerland
561194,84997D,CHILDRENS CUTLERY POLKADOT PINK,4,2011-07-25 13:54:00,4.15,13814.0,Germany
561195,85130D,BEADED CRYSTAL HEART PINK LARGE,2,2011-07-25 13:57:00,0.79,14796.0,United Kingdom
561195,84927D,LA PALMIERA TILE HOOK,5,2011-07-25 13:57:00,0.39,14796.0,United Kingdom
561200,85170D,SET/6 PINK BIRD T-LIGHT CANDLES,6,2011-07-25 15:01:00,2.1,13695.0,United Kingdom
561216,POST,POSTAGE,8,2011-07-25 17:04:00,15.0,14606.0,United Kingdom
561219,85032D,YULETIDE IMAGES GIFT WRAP SET,24,2011-07-26 08:51:00,0.65,18180.0,United Kingdom
561226,PADS,PADS TO MATCH ALL CUSHIONS,1,2011-07-26 10:13:00,0.001,15618.0,United Kingdom
561236,85071D,CHARLIE+LOLA MY ROOM DOOR SIGN,24,2011-07-26 10:27:00,0.39,15159.0,United Kingdom
561295,84569D,PACK 6 HEART/ICE-CREAM PATCHES,3,2011-07-26 12:28:00,1.25,15311.0,United Kingdom
561324,85130D,BEADED CRYSTAL HEART PINK LARGE,24,2011-07-26 13:45:00,0.79,14414.0,United Kingdom
561363,84997D,CHILDRENS CUTLERY POLKADOT PINK,2,2011-07-26 15:42:00,4.15,17238.0,United Kingdom
561366,84997D,CHILDRENS CUTLERY POLKADOT PINK,4,2011-07-26 15:45:00,4.15,15152.0,United Kingdom
561368,POST,POSTAGE,1,2011-07-26 16:00:00,36.5,14866.0,United Kingdom
561381,84800M,MEDIUM WHITE/PINK ROSE ART FLOWER,6,2011-07-26 17:14:00,1.69,17920.0,United Kingdom
561396,85130D,BEADED CRYSTAL HEART PINK LARGE,24,2011-07-27 10:40:00,0.79,13458.0,United Kingdom
561468,POST,POSTAGE,5,2011-07-27 13:00:00,18.0,12709.0,Germany
561470,POST,POSTAGE,1,2011-07-27 13:14:00,18.0,12523.0,France
561485,46000M,POLYESTER FILLER PAD 45x45cm,2,2011-07-27 13:42:00,1.55,17841.0,United Kingdom
561507,POST,POSTAGE,7,2011-07-27 14:21:00,15.0,12397.0,Belgium
561512,47310M,SMALL POP BOX FUNKY MONKEY,1,2011-07-27 15:09:00,1.25,14534.0,United Kingdom
561518,47591D,PINK FAIRY CAKE CHILDRENS APRON,8,2011-07-27 15:20:00,1.95,15261.0,United Kingdom
561521,84984D,ORIENTAL RED CUSHION COVER ,2,2011-07-27 17:06:00,4.65,17870.0,United Kingdom
561583,POST,POSTAGE,3,2011-07-28 10:33:00,18.0,13813.0,Germany
561600,47591D,PINK FAIRY CAKE CHILDRENS APRON,3,2011-07-28 11:29:00,1.95,15861.0,United Kingdom
561600,84997D,CHILDRENS CUTLERY POLKADOT PINK,1,2011-07-28 11:29:00,4.15,15861.0,United Kingdom
561616,84997D,CHILDRENS CUTLERY POLKADOT PINK,2,2011-07-28 13:02:00,4.15,15023.0,United Kingdom
561625,85071D,CHARLIE+LOLA MY ROOM DOOR SIGN,24,2011-07-28 14:03:00,0.39,16843.0,United Kingdom
561648,85130D,BEADED CRYSTAL HEART PINK LARGE,3,2011-07-28 15:21:00,0.79,15746.0,United Kingdom
561658,79302M,"ART LIGHTS,FUNK MONKEY",1,2011-07-28 16:06:00,2.95,12743.0,Unspecified
561662,POST,POSTAGE,2,2011-07-28 16:28:00,15.0,12407.0,Belgium
561669,POST,POSTAGE,6,2011-07-28 17:09:00,28.0,12507.0,Spain
561677,47310M,SMALL POP BOX FUNKY MONKEY,3,2011-07-28 18:23:00,1.25,15311.0,United Kingdom
561690,85130D,BEADED CRYSTAL HEART PINK LARGE,24,2011-07-29 09:11:00,0.79,13875.0,United Kingdom
561709,85130D,BEADED CRYSTAL HEART PINK LARGE,3,2011-07-29 11:35:00,0.79,17790.0,United Kingdom
561773,84968D,SET OF 16 VINTAGE RED CUTLERY,1,2011-07-29 12:41:00,12.75,17841.0,United Kingdom
561795,POST,POSTAGE,3,2011-07-29 13:28:00,18.0,12716.0,France
561797,84997D,CHILDRENS CUTLERY POLKADOT PINK,4,2011-07-29 13:37:00,4.15,13178.0,United Kingdom
561818,84800M,MEDIUM WHITE/PINK ROSE ART FLOWER,3,2011-07-29 15:51:00,1.69,16775.0,United Kingdom
561859,79063D,"RETRO PILL BOX , REVOLUTIONARY",40,2011-07-29 17:19:00,0.19,17750.0,United Kingdom
561859,79062D,"RETRO TIN ASHTRAY,REVOLUTIONARY",24,2011-07-29 17:19:00,0.29,17750.0,United Kingdom
561859,84926D,LA PALMIERA TILE COASTER,24,2011-07-29 17:19:00,0.29,17750.0,United Kingdom
561860,35471D,SET OF 3 BIRD LIGHT PINK FEATHER ,12,2011-07-29 17:28:00,0.39,17997.0,United Kingdom
561868,85071D,CHARLIE+LOLA MY ROOM DOOR SIGN,4,2011-07-31 11:26:00,0.39,16813.0,United Kingdom
561869,85071D,CHARLIE+LOLA MY ROOM DOOR SIGN,2,2011-07-31 11:38:00,0.39,16764.0,United Kingdom
561885,17012D,ORIGAMI ROSE INCENSE/CANDLE SET ,2,2011-07-31 13:13:00,0.85,15532.0,United Kingdom
561885,M,Manual,2,2011-07-31 13:13:00,4.95,15532.0,United Kingdom
561889,84968D,SET OF 16 VINTAGE RED CUTLERY,1,2011-07-31 13:37:00,12.75,15804.0,United Kingdom
561890,POST,POSTAGE,2,2011-07-31 14:17:00,40.0,12697.0,Sweden
561891,85032D,YULETIDE IMAGES GIFT WRAP SET,4,2011-07-31 14:19:00,0.65,15438.0,United Kingdom
561894,M,Manual,1,2011-07-31 15:00:00,0.08,14456.0,United Kingdom
561894,84997D,CHILDRENS CUTLERY POLKADOT PINK,1,2011-07-31 15:00:00,4.15,14456.0,United Kingdom
561894,M,Manual,36,2011-07-31 15:00:00,0.08,14456.0,United Kingdom
561897,35471D,SET OF 3 BIRD LIGHT PINK FEATHER ,1,2011-07-31 15:24:00,0.39,17841.0,United Kingdom
561898,POST,POSTAGE,7,2011-07-31 15:25:00,40.0,12456.0,Switzerland
561902,M,Manual,1,2011-07-31 15:50:00,30.0,17404.0,Sweden
561911,POST,POSTAGE,6,2011-08-01 10:26:00,18.0,12534.0,Germany
561912,79030D,TUMBLER BAROQUE,6,2011-08-01 11:08:00,0.39,13184.0,United Kingdom
561916,M,Manual,1,2011-08-01 11:44:00,0.0,15581.0,United Kingdom
561916,M,Manual,1,2011-08-01 11:44:00,250.0,15581.0,United Kingdom
561917,15044D,RED PAPER PARASOL,1,2011-08-01 11:57:00,2.95,16904.0,United Kingdom
561923,84997D,CHILDRENS CUTLERY POLKADOT PINK,8,2011-08-01 12:16:00,4.15,14112.0,United Kingdom
561967,85032D,YULETIDE IMAGES GIFT WRAP SET,1,2011-08-01 13:11:00,0.65,12844.0,United Kingdom
562031,84926D,LA PALMIERA TILE COASTER,24,2011-08-01 17:37:00,0.29,16984.0,United Kingdom
562031,84849D,HOT BATHS SOAP HOLDER,4,2011-08-01 17:37:00,1.69,16984.0,United Kingdom
562031,90200D,PINK SWEETHEART BRACELET,3,2011-08-01 17:37:00,4.25,16984.0,United Kingdom
562031,90039D,FIRE POLISHED GLASS BRACELET GREEN,2,2011-08-01 17:37:00,3.75,16984.0,United Kingdom
562034,POST,POSTAGE,6,2011-08-02 09:14:00,15.0,12449.0,Belgium
562035,POST,POSTAGE,2,2011-08-02 09:29:00,18.0,12627.0,Germany
562037,POST,POSTAGE,3,2011-08-02 09:34:00,15.0,13023.0,United Kingdom
562038,POST,POSTAGE,1,2011-08-02 09:35:00,18.0,12633.0,Germany
562046,47591D,PINK FAIRY CAKE CHILDRENS APRON,16,2011-08-02 10:34:00,1.95,12378.0,Switzerland
562046,84997D,CHILDRENS CUTLERY POLKADOT PINK,4,2011-08-02 10:34:00,4.15,12378.0,Switzerland
562047,POST,POSTAGE,1,2011-08-02 10:38:00,4.95,17788.0,United Kingdom
562099,47310M,SMALL POP BOX FUNKY MONKEY,6,2011-08-02 13:46:00,1.25,14688.0,United Kingdom
562127,35471D,SET OF 3 BIRD LIGHT PINK FEATHER ,24,2011-08-03 08:21:00,0.39,13717.0,United Kingdom
562127,85130D,BEADED CRYSTAL HEART PINK LARGE,24,2011-08-03 08:21:00,0.79,13717.0,United Kingdom
562161,35471D,SET OF 3 BIRD LIGHT PINK FEATHER ,12,2011-08-03 11:58:00,0.39,17841.0,United Kingdom
562163,47591D,PINK FAIRY CAKE CHILDRENS APRON,8,2011-08-03 12:06:00,1.95,15628.0,United Kingdom
562203,35599D,PINK AND WHITE CHRISTMAS TREE 120CM,6,2011-08-03 12:50:00,2.95,16102.0,United Kingdom
562203,35598D,PINK/WHITE CHRISTMAS TREE 60CM,24,2011-08-03 12:50:00,0.65,16102.0,United Kingdom
562205,46000M,POLYESTER FILLER PAD 45x45cm,2,2011-08-03 12:55:00,1.55,18055.0,United Kingdom
562207,POST,POSTAGE,9,2011-08-03 12:56:00,15.0,12643.0,France
562210,47591D,PINK FAIRY CAKE CHILDRENS APRON,8,2011-08-03 13:10:00,1.95,13486.0,United Kingdom
562214,85032D,YULETIDE IMAGES GIFT WRAP SET,12,2011-08-03 13:39:00,0.65,17731.0,United Kingdom
562213,85049D,BRIGHT BLUES RIBBONS ,3,2011-08-03 13:39:00,1.25,13975.0,United Kingdom
562219,79190D,RETRO PLASTIC DAISY TRAY,15,2011-08-03 14:14:00,0.42,15089.0,United Kingdom
562258,84968D,SET OF 16 VINTAGE RED CUTLERY,1,2011-08-03 15:28:00,12.75,16348.0,United Kingdom
562273,POST,POSTAGE,6,2011-08-04 09:55:00,28.0,12502.0,Spain
562274,POST,POSTAGE,2,2011-08-04 10:00:00,40.0,12704.0,Finland
562275,POST,POSTAGE,2,2011-08-04 10:04:00,18.0,12689.0,France
562287,POST,POSTAGE,1,2011-08-04 11:07:00,28.0,12455.0,Spain
562340,84997D,CHILDRENS CUTLERY POLKADOT PINK,4,2011-08-04 12:05:00,4.15,13985.0,United Kingdom
562341,85071D,CHARLIE+LOLA MY ROOM DOOR SIGN,2,2011-08-04 12:13:00,0.39,15005.0,United Kingdom
562347,M,Manual,1,2011-08-04 12:22:00,0.42,13263.0,United Kingdom
562348,47591D,PINK FAIRY CAKE CHILDRENS APRON,16,2011-08-04 12:36:00,1.95,17511.0,United Kingdom
562354,35471D,SET OF 3 BIRD LIGHT PINK FEATHER ,24,2011-08-04 13:15:00,0.39,17470.0,United Kingdom
562370,POST,POSTAGE,4,2011-08-04 14:20:00,18.0,12626.0,Germany
562376,85032D,YULETIDE IMAGES GIFT WRAP SET,12,2011-08-04 15:04:00,0.65,15254.0,United Kingdom
562377,84997D,CHILDRENS CUTLERY POLKADOT PINK,2,2011-08-04 15:04:00,4.15,14535.0,United Kingdom
562422,84569D,PACK 6 HEART/ICE-CREAM PATCHES,12,2011-08-04 16:59:00,1.25,13218.0,United Kingdom
562427,84984D,ORIENTAL RED CUSHION COVER ,3,2011-08-04 17:19:00,4.65,17267.0,United Kingdom
562435,POST,POSTAGE,2,2011-08-04 17:51:00,18.0,12693.0,Germany
562444,85049D,BRIGHT BLUES RIBBONS ,1,2011-08-04 18:44:00,1.25,14713.0,United Kingdom
562444,47591D,PINK FAIRY CAKE CHILDRENS APRON,2,2011-08-04 18:44:00,1.95,14713.0,United Kingdom
562445,POST,POSTAGE,3,2011-08-04 18:51:00,18.0,12417.0,Belgium
562450,POST,POSTAGE,3,2011-08-05 08:40:00,18.0,12562.0,France
562460,M,Manual,6,2011-08-05 11:19:00,0.85,17841.0,United Kingdom
562517,47591D,PINK FAIRY CAKE CHILDRENS APRON,1,2011-08-05 12:27:00,1.95,15719.0,United Kingdom
562520,POST,POSTAGE,1,2011-08-05 12:38:00,18.0,12599.0,France
562521,84968D,SET OF 16 VINTAGE RED CUTLERY,1,2011-08-05 12:48:00,12.75,17457.0,United Kingdom
562527,POST,POSTAGE,2,2011-08-05 13:49:00,18.0,12647.0,Germany
562528,POST,POSTAGE,4,2011-08-05 13:52:00,28.0,12610.0,Italy
562537,POST,POSTAGE,5,2011-08-05 15:02:00,18.0,12517.0,Germany
562540,84877D,BLUE ROUND COMPACT MIRROR,2,2011-08-05 15:38:00,1.25,17400.0,United Kingdom
562540,85071D,CHARLIE+LOLA MY ROOM DOOR SIGN,2,2011-08-05 15:38:00,0.39,17400.0,United Kingdom
562542,85049D,BRIGHT BLUES RIBBONS ,3,2011-08-05 15:40:00,1.25,17377.0,United Kingdom
562551,85049D,BRIGHT BLUES RIBBONS ,2,2011-08-05 16:19:00,1.25,17231.0,United Kingdom
562560,84569D,PACK 6 HEART/ICE-CREAM PATCHES,12,2011-08-05 17:12:00,1.25,14156.0,EIRE
562565,85131D,BEADED CRYSTAL HEART PINK ON STICK,3,2011-08-07 10:45:00,1.25,16206.0,United Kingdom
562567,15044D,RED PAPER PARASOL,6,2011-08-07 11:40:00,2.95,12877.0,United Kingdom
562569,85049D,BRIGHT BLUES RIBBONS ,2,2011-08-07 12:05:00,1.25,17323.0,United Kingdom
562572,85130D,BEADED CRYSTAL HEART PINK LARGE,24,2011-08-07 12:21:00,0.79,17298.0,United Kingdom
562576,84875D,BLUE SQUARE COMPACT MIRROR,5,2011-08-07 13:08:00,1.25,15518.0,United Kingdom
562593,85049D,BRIGHT BLUES RIBBONS ,2,2011-08-07 15:43:00,1.25,16549.0,United Kingdom
562592,84926D,LA PALMIERA TILE COASTER,24,2011-08-07 15:43:00,0.29,13418.0,United Kingdom
562595,15044D,RED PAPER PARASOL,12,2011-08-07 15:52:00,2.95,17602.0,United Kingdom
562600,POST,POSTAGE,1,2011-08-08 10:01:00,40.0,12676.0,Sweden
562605,POST,POSTAGE,2,2011-08-08 10:59:00,18.0,12530.0,Germany
562619,47310M,SMALL POP BOX FUNKY MONKEY,3,2011-08-08 12:34:00,1.25,15311.0,United Kingdom
562649,85130D,BEADED CRYSTAL HEART PINK LARGE,2,2011-08-08 13:11:00,0.79,14606.0,United Kingdom
562650,POST,POSTAGE,2,2011-08-08 13:12:00,40.0,17404.0,Sweden
562708,84849D,HOT BATHS SOAP HOLDER,4,2011-08-08 14:15:00,1.69,17085.0,United Kingdom
562711,84997D,CHILDRENS CUTLERY POLKADOT PINK,2,2011-08-08 14:53:00,4.15,16788.0,United Kingdom
562729,POST,POSTAGE,1,2011-08-09 10:05:00,18.0,12569.0,Germany
562779,46000M,POLYESTER FILLER PAD 45x45cm,2,2011-08-09 12:58:00,1.55,17841.0,United Kingdom
562781,47591D,PINK FAIRY CAKE CHILDRENS APRON,8,2011-08-09 13:10:00,1.95,14334.0,United Kingdom
562787,M,Manual,1,2011-08-09 13:44:00,208.34,15581.0,United Kingdom
562838,85130D,BEADED CRYSTAL HEART PINK LARGE,24,2011-08-09 15:59:00,0.79,13162.0,United Kingdom
562844,POST,POSTAGE,7,2011-08-10 08:41:00,40.0,12444.0,Norway
562854,84800M,MEDIUM WHITE/PINK ROSE ART FLOWER,24,2011-08-10 10:15:00,1.27,16133.0,United Kingdom
562853,POST,POSTAGE,1,2011-08-10 10:15:00,18.0,13919.0,Denmark
562878,85032D,YULETIDE IMAGES GIFT WRAP SET,2,2011-08-10 10:45:00,0.65,16241.0,United Kingdom
562880,47591D,PINK FAIRY CAKE CHILDRENS APRON,60,2011-08-10 10:53:00,1.65,15838.0,United Kingdom
562880,84997D,CHILDRENS CUTLERY POLKADOT PINK,24,2011-08-10 10:53:00,4.15,15838.0,United Kingdom
562882,POST,POSTAGE,2,2011-08-10 11:23:00,40.0,12384.0,Switzerland
562886,47591D,PINK FAIRY CAKE CHILDRENS APRON,4,2011-08-10 11:41:00,1.95,17994.0,United Kingdom
562928,84926D,LA PALMIERA TILE COASTER,24,2011-08-10 15:29:00,0.29,15494.0,United Kingdom
562944,84997D,CHILDRENS CUTLERY POLKADOT PINK,4,2011-08-11 09:34:00,4.15,13985.0,United Kingdom
562946,M,Manual,1,2011-08-11 09:38:00,2500.0,15581.0,United Kingdom
562949,47591D,PINK FAIRY CAKE CHILDRENS APRON,8,2011-08-11 09:47:00,1.95,14346.0,United Kingdom
562949,85130D,BEADED CRYSTAL HEART PINK LARGE,24,2011-08-11 09:47:00,0.79,14346.0,United Kingdom
563016,85049D,BRIGHT BLUES RIBBONS ,12,2011-08-11 12:44:00,1.25,15358.0,United Kingdom
563020,POST,POSTAGE,3,2011-08-11 12:58:00,40.0,12428.0,Finland
563037,POST,POSTAGE,3,2011-08-11 15:02:00,15.0,12362.0,Belgium
563096,84997D,CHILDRENS CUTLERY POLKADOT PINK,4,2011-08-12 09:10:00,4.15,15544.0,United Kingdom
563100,35471D,SET OF 3 BIRD LIGHT PINK FEATHER ,24,2011-08-12 09:57:00,0.39,12381.0,Norway
563100,POST,POSTAGE,6,2011-08-12 09:57:00,40.0,12381.0,Norway
563112,47591D,PINK FAIRY CAKE CHILDRENS APRON,8,2011-08-12 11:09:00,1.95,14849.0,United Kingdom
563137,M,Manual,1,2011-08-12 11:22:00,1.65,14534.0,United Kingdom
563161,85170D,SET/6 PINK BIRD T-LIGHT CANDLES,6,2011-08-12 12:15:00,2.1,14790.0,United Kingdom
563172,POST,POSTAGE,1,2011-08-12 13:15:00,15.0,12399.0,Belgium
563189,POST,POSTAGE,2,2011-08-12 15:22:00,18.0,12682.0,France
563214,47591D,PINK FAIRY CAKE CHILDRENS APRON,1,2011-08-14 12:56:00,1.95,16370.0,United Kingdom
563262,47310M,SMALL POP BOX FUNKY MONKEY,48,2011-08-15 12:44:00,1.05,15311.0,United Kingdom
563288,POST,POSTAGE,4,2011-08-15 12:53:00,18.0,12656.0,France
563345,POST,POSTAGE,2,2011-08-15 13:22:00,18.0,12619.0,Germany
563353,84997D,CHILDRENS CUTLERY POLKADOT PINK,4,2011-08-15 14:32:00,4.15,15480.0,Malta
563373,POST,POSTAGE,2,2011-08-16 10:02:00,18.0,12569.0,Germany
563376,84569D,PACK 6 HEART/ICE-CREAM PATCHES,12,2011-08-16 10:36:00,1.25,15752.0,United Kingdom
563382,35598D,PINK/WHITE CHRISTMAS TREE 60CM,24,2011-08-16 10:50:00,0.65,18221.0,United Kingdom
563382,35597D,PINK/WHITE CHRISTMAS TREE 30CM,24,2011-08-16 10:50:00,0.38,18221.0,United Kingdom
563383,POST,POSTAGE,1,2011-08-16 10:52:00,15.0,14407.0,United Kingdom
563443,POST,POSTAGE,1,2011-08-16 13:26:00,40.0,12641.0,Sweden
563482,84997D,CHILDRENS CUTLERY POLKADOT PINK,1,2011-08-16 15:54:00,4.15,17097.0,Spain
563500,85071D,CHARLIE+LOLA MY ROOM DOOR SIGN,6,2011-08-16 17:25:00,0.39,15856.0,United Kingdom
563500,79062D,"RETRO TIN ASHTRAY,REVOLUTIONARY",12,2011-08-16 17:25:00,0.29,15856.0,United Kingdom
563507,35471D,SET OF 3 BIRD LIGHT PINK FEATHER ,24,2011-08-17 10:08:00,0.39,14414.0,United Kingdom
563518,POST,POSTAGE,2,2011-08-17 10:56:00,28.0,12421.0,Spain
563538,72800D,4 BLUE DINNER CANDLES SILVER FLOCK,2,2011-08-17 11:48:00,2.55,17841.0,United Kingdom
563540,POST,POSTAGE,5,2011-08-17 12:04:00,18.0,12473.0,Germany
563548,POST,POSTAGE,3,2011-08-17 12:30:00,18.0,12528.0,Germany
563555,16169M,WRAP DAISY CARPET ,25,2011-08-17 13:21:00,0.42,16755.0,United Kingdom
563557,84997D,CHILDRENS CUTLERY POLKADOT PINK,4,2011-08-17 13:33:00,4.15,15786.0,United Kingdom
563565,M,Manual,12,2011-08-17 14:22:00,0.42,17338.0,United Kingdom
563567,47591D,PINK FAIRY CAKE CHILDRENS APRON,8,2011-08-17 14:44:00,1.95,13004.0,United Kingdom
563569,84997D,CHILDRENS CUTLERY POLKADOT PINK,4,2011-08-17 14:47:00,4.15,18257.0,United Kingdom
563576,M,Manual,1,2011-08-17 15:06:00,8.49,12748.0,United Kingdom
563613,82613D,METAL SIGN CUPCAKE SINGLE HOOK,8,2011-08-18 08:49:00,1.25,12688.0,Israel
563626,47591D,PINK FAIRY CAKE CHILDRENS APRON,8,2011-08-18 10:31:00,1.95,16187.0,United Kingdom
563638,84997D,CHILDRENS CUTLERY POLKADOT PINK,2,2011-08-18 10:36:00,4.15,15311.0,United Kingdom
563638,79302M,"ART LIGHTS,FUNK MONKEY",1,2011-08-18 10:36:00,2.95,15311.0,United Kingdom
563662,POST,POSTAGE,2,2011-08-18 11:40:00,18.0,12729.0,France
563691,72800D,4 BLUE DINNER CANDLES SILVER FLOCK,2,2011-08-18 12:53:00,2.55,13668.0,United Kingdom
563692,M,Manual,4,2011-08-18 13:01:00,2.1,17243.0,United Kingdom
563698,84997D,CHILDRENS CUTLERY POLKADOT PINK,3,2011-08-18 13:46:00,4.15,14667.0,United Kingdom
563706,85032D,YULETIDE IMAGES GIFT WRAP SET,12,2011-08-18 14:48:00,0.65,14189.0,United Kingdom
563712,POST,POSTAGE,2,2011-08-18 15:44:00,18.0,12680.0,France
563720,79302M,"ART LIGHTS,FUNK MONKEY",1,2011-08-18 16:24:00,2.95,15867.0,United Kingdom
563730,47591D,PINK FAIRY CAKE CHILDRENS APRON,8,2011-08-18 17:43:00,1.95,14221.0,United Kingdom
563739,84732D,CUTE RABBIT CEATURE SCREEN ,9,2011-08-18 20:05:00,0.39,17750.0,United Kingdom
563749,84997D,CHILDRENS CUTLERY POLKADOT PINK,12,2011-08-19 10:10:00,4.15,12360.0,Austria
563749,POST,POSTAGE,2,2011-08-19 10:10:00,40.0,12360.0,Austria
563753,POST,POSTAGE,3,2011-08-19 10:51:00,18.0,12513.0,France
563776,POST,POSTAGE,2,2011-08-19 11:23:00,18.0,12600.0,Germany
563808,POST,POSTAGE,2,2011-08-19 11:46:00,18.0,12626.0,Germany
563833,47591D,PINK FAIRY CAKE CHILDRENS APRON,8,2011-08-19 12:49:00,1.95,14755.0,United Kingdom
563852,POST,POSTAGE,2,2011-08-19 15:18:00,15.0,12395.0,Belgium
563853,POST,POSTAGE,8,2011-08-19 15:22:00,18.0,12560.0,Germany
563854,POST,POSTAGE,3,2011-08-19 15:24:00,15.0,12364.0,Belgium
563897,POST,POSTAGE,1,2011-08-21 10:44:00,18.0,12523.0,France
563914,POST,POSTAGE,2,2011-08-21 13:18:00,18.0,12518.0,Germany
563917,47591D,PINK FAIRY CAKE CHILDRENS APRON,4,2011-08-21 13:46:00,1.95,14572.0,United Kingdom
563924,84997D,CHILDRENS CUTLERY POLKADOT PINK,1,2011-08-21 14:32:00,4.15,15984.0,United Kingdom
563926,POST,POSTAGE,2,2011-08-21 14:42:00,18.0,12553.0,France
563928,84997D,CHILDRENS CUTLERY POLKADOT PINK,1,2011-08-21 15:17:00,4.15,17059.0,United Kingdom
563928,47591D,PINK FAIRY CAKE CHILDRENS APRON,3,2011-08-21 15:17:00,1.95,17059.0,United Kingdom
563928,85071D,CHARLIE+LOLA MY ROOM DOOR SIGN,2,2011-08-21 15:17:00,0.39,17059.0,United Kingdom
563936,POST,POSTAGE,1,2011-08-22 09:03:00,40.0,17828.0,Malta
563944,84997D,CHILDRENS CUTLERY POLKADOT PINK,4,2011-08-22 10:08:00,4.15,17581.0,United Kingdom
563950,POST,POSTAGE,7,2011-08-22 10:39:00,18.0,12471.0,Germany
564039,POST,POSTAGE,2,2011-08-22 12:40:00,18.0,12645.0,Germany
564043,17012D,ORIGAMI ROSE INCENSE/CANDLE SET ,24,2011-08-22 12:55:00,0.85,14414.0,United Kingdom
564049,35471D,SET OF 3 BIRD LIGHT PINK FEATHER ,12,2011-08-22 13:30:00,0.39,17585.0,United Kingdom
564049,85032D,YULETIDE IMAGES GIFT WRAP SET,7,2011-08-22 13:30:00,0.65,17585.0,United Kingdom
564049,79030D,TUMBLER BAROQUE,6,2011-08-22 13:30:00,0.39,17585.0,United Kingdom
564049,84849D,HOT BATHS SOAP HOLDER,1,2011-08-22 13:30:00,1.69,17585.0,United Kingdom
564050,47591D,PINK FAIRY CAKE CHILDRENS APRON,8,2011-08-22 13:32:00,1.95,17160.0,United Kingdom
564052,85032D,YULETIDE IMAGES GIFT WRAP SET,3,2011-08-22 13:40:00,0.65,15033.0,United Kingdom
564056,90176D,DIAMANTE NECKLACE PURPLE,2,2011-08-22 14:13:00,7.5,14387.0,United Kingdom
564056,35471D,SET OF 3 BIRD LIGHT PINK FEATHER ,3,2011-08-22 14:13:00,0.39,14387.0,United Kingdom
564078,84997D,CHILDRENS CUTLERY POLKADOT PINK,12,2011-08-22 15:43:00,4.15,17083.0,United Kingdom
564082,POST,POSTAGE,4,2011-08-23 08:51:00,18.0,12627.0,Germany
564088,46000M,POLYESTER FILLER PAD 45x45cm,5,2011-08-23 09:38:00,1.55,17702.0,United Kingdom
564090,47591D,PINK FAIRY CAKE CHILDRENS APRON,8,2011-08-23 09:53:00,1.95,17041.0,United Kingdom
564135,84997D,CHILDRENS CUTLERY POLKADOT PINK,3,2011-08-23 11:12:00,4.15,16550.0,United Kingdom
564139,82613D,METAL SIGN CUPCAKE SINGLE HOOK,3,2011-08-23 11:41:00,1.25,16904.0,United Kingdom
564140,POST,POSTAGE,2,2011-08-23 11:47:00,18.0,12621.0,Germany
564144,84926D,LA PALMIERA TILE COASTER,24,2011-08-23 11:53:00,0.29,13939.0,United Kingdom
564166,85032D,YULETIDE IMAGES GIFT WRAP SET,12,2011-08-23 13:40:00,0.65,15089.0,United Kingdom
564173,POST,POSTAGE,4,2011-08-23 14:23:00,18.0,12567.0,France
564182,84997D,CHILDRENS CUTLERY POLKADOT PINK,12,2011-08-23 14:55:00,4.15,17242.0,United Kingdom
564191,85032D,YULETIDE IMAGES GIFT WRAP SET,1,2011-08-23 16:16:00,0.65,17315.0,United Kingdom
564191,85130D,BEADED CRYSTAL HEART PINK LARGE,24,2011-08-23 16:16:00,0.79,17315.0,United Kingdom
564196,POST,POSTAGE,1,2011-08-23 16:56:00,15.0,17315.0,United Kingdom
564197,47591D,PINK FAIRY CAKE CHILDRENS APRON,8,2011-08-23 17:13:00,1.95,13425.0,United Kingdom
564201,POST,POSTAGE,2,2011-08-24 08:09:00,28.0,12540.0,Spain
564216,POST,POSTAGE,2,2011-08-24 09:23:00,18.0,12642.0,Germany
564226,POST,POSTAGE,2,2011-08-24 10:13:00,18.0,12523.0,France
564307,M,Manual,1,2011-08-24 12:32:00,2.1,17865.0,United Kingdom
564317,47591D,PINK FAIRY CAKE CHILDRENS APRON,8,2011-08-24 13:12:00,1.95,13890.0,United Kingdom
564321,90200D,PINK SWEETHEART BRACELET,2,2011-08-24 13:22:00,4.25,15059.0,United Kingdom
564328,POST,POSTAGE,2,2011-08-24 13:42:00,18.0,12662.0,Germany
564329,POST,POSTAGE,2,2011-08-24 13:55:00,18.0,12569.0,Germany
564330,79302M,"ART LIGHTS,FUNK MONKEY",1,2011-08-24 13:57:00,2.95,13411.0,United Kingdom
564336,85071D,CHARLIE+LOLA MY ROOM DOOR SIGN,2,2011-08-24 14:28:00,0.39,12748.0,United Kingdom
564337,POST,POSTAGE,1,2011-08-24 14:40:00,18.0,12649.0,Germany
564350,85071D,CHARLIE+LOLA MY ROOM DOOR SIGN,24,2011-08-24 14:57:00,0.39,14401.0,United Kingdom
564355,47591D,PINK FAIRY CAKE CHILDRENS APRON,8,2011-08-24 15:12:00,1.95,13507.0,United Kingdom
564360,POST,POSTAGE,3,2011-08-24 16:13:00,18.0,12471.0,Germany
564367,POST,POSTAGE,1,2011-08-25 09:18:00,18.0,12712.0,Germany
564372,POST,POSTAGE,6,2011-08-25 09:55:00,18.0,12714.0,France
564377,85170D,SET/6 PINK BIRD T-LIGHT CANDLES,6,2011-08-25 10:26:00,2.1,15263.0,United Kingdom
564378,16169M,WRAP DAISY CARPET ,25,2011-08-25 10:26:00,0.42,12417.0,Belgium
564378,90001D,ANTIQUE OLIVE GREEN FLOWER EARRINGS,2,2011-08-25 10:26:00,4.25,12417.0,Belgium
564378,POST,POSTAGE,3,2011-08-25 10:26:00,15.0,12417.0,Belgium
564436,84849D,HOT BATHS SOAP HOLDER,1,2011-08-25 12:06:00,1.69,17841.0,United Kingdom
564471,POST,POSTAGE,1,2011-08-25 12:26:00,18.0,12583.0,France
564475,POST,POSTAGE,1,2011-08-25 12:50:00,18.0,12500.0,Germany
564476,POST,POSTAGE,1,2011-08-25 12:57:00,40.0,12610.0,Italy
564479,POST,POSTAGE,2,2011-08-25 13:12:00,18.0,12682.0,France
564481,POST,POSTAGE,3,2011-08-25 13:33:00,15.0,12464.0,Belgium
564482,85032D,YULETIDE IMAGES GIFT WRAP SET,12,2011-08-25 13:40:00,0.65,13149.0,United Kingdom
564489,84997D,CHILDRENS CUTLERY POLKADOT PINK,4,2011-08-25 14:13:00,4.15,15950.0,United Kingdom
564510,17012D,ORIGAMI ROSE INCENSE/CANDLE SET ,24,2011-08-25 14:42:00,0.85,14194.0,United Kingdom
564531,POST,POSTAGE,2,2011-08-25 15:04:00,18.0,12624.0,France
564537,37489D,PINK/GREEN FLOWER DESIGN BIG MUG,2,2011-08-25 15:18:00,0.39,15550.0,United Kingdom
564539,POST,POSTAGE,2,2011-08-25 15:22:00,40.0,12715.0,Sweden
564553,85032D,YULETIDE IMAGES GIFT WRAP SET,10,2011-08-25 18:45:00,0.65,18200.0,United Kingdom
564558,POST,POSTAGE,2,2011-08-26 08:59:00,40.0,12704.0,Finland
564573,84849D,HOT BATHS SOAP HOLDER,2,2011-08-26 11:19:00,1.69,14606.0,United Kingdom
564573,85129D,BEADED CRYSTAL HEART PINK SMALL,1,2011-08-26 11:19:00,1.25,14606.0,United Kingdom
564638,POST,POSTAGE,1,2011-08-26 12:54:00,18.0,13812.0,Germany
564643,84849D,HOT BATHS SOAP HOLDER,5,2011-08-26 13:25:00,1.69,15356.0,United Kingdom
564649,POST,POSTAGE,1,2011-08-26 14:13:00,15.0,15611.0,United Kingdom
564650,84997D,CHILDRENS CUTLERY POLKADOT PINK,72,2011-08-26 14:17:00,3.75,14646.0,Netherlands
564666,POST,POSTAGE,1,2011-08-26 14:51:00,18.0,12492.0,Germany
564670,POST,POSTAGE,6,2011-08-26 15:44:00,18.0,12683.0,France
564716,84875D,BLUE SQUARE COMPACT MIRROR,12,2011-08-28 11:02:00,1.25,14810.0,United Kingdom
564719,17012D,ORIGAMI ROSE INCENSE/CANDLE SET ,1,2011-08-28 11:55:00,0.85,15325.0,United Kingdom
564722,84800M,MEDIUM WHITE/PINK ROSE ART FLOWER,2,2011-08-28 12:06:00,1.69,16456.0,United Kingdom
564727,85071D,CHARLIE+LOLA MY ROOM DOOR SIGN,2,2011-08-28 12:31:00,0.39,16686.0,United Kingdom
564727,84569D,PACK 6 HEART/ICE-CREAM PATCHES,1,2011-08-28 12:31:00,1.25,16686.0,United Kingdom
564733,46000M,POLYESTER FILLER PAD 45x45cm,1,2011-08-28 13:18:00,1.55,17841.0,United Kingdom
564734,17107D,FLOWER FAIRY 5 DRAWER LINERS,4,2011-08-28 13:32:00,2.55,12484.0,Spain
564734,47591D,PINK FAIRY CAKE CHILDRENS APRON,4,2011-08-28 13:32:00,1.95,12484.0,Spain
564749,84968D,SET OF 16 VINTAGE RED CUTLERY,1,2011-08-30 08:15:00,12.75,12708.0,Germany
564749,POST,POSTAGE,2,2011-08-30 08:15:00,18.0,12708.0,Germany
564764,DOT,DOTCOM POSTAGE,1,2011-08-30 10:49:00,11.17,14096.0,United Kingdom
564815,47591D,PINK FAIRY CAKE CHILDRENS APRON,1,2011-08-30 12:00:00,1.95,12748.0,United Kingdom
564819,POST,POSTAGE,1,2011-08-30 12:11:00,40.0,12814.0,Poland
564849,84997D,CHILDRENS CUTLERY POLKADOT PINK,4,2011-08-30 15:42:00,4.15,17675.0,United Kingdom
564851,84876D,BLUE HEART COMPACT MIRROR,12,2011-08-30 16:53:00,1.25,13183.0,United Kingdom
564851,84877D,BLUE ROUND COMPACT MIRROR,4,2011-08-30 16:53:00,1.25,13183.0,United Kingdom
564853,POST,POSTAGE,3,2011-08-31 08:55:00,15.0,12423.0,Belgium
564858,POST,POSTAGE,5,2011-08-31 09:44:00,28.0,12484.0,Spain
564861,POST,POSTAGE,1,2011-08-31 10:21:00,15.0,17315.0,United Kingdom
564862,POST,POSTAGE,1,2011-08-31 10:24:00,145.0,12678.0,France
564906,POST,POSTAGE,2,2011-08-31 12:18:00,18.0,12682.0,France
564912,POST,POSTAGE,3,2011-08-31 12:33:00,18.0,12490.0,France
564912,84997D,CHILDRENS CUTLERY POLKADOT PINK,4,2011-08-31 12:33:00,4.15,12490.0,France
564972,POST,POSTAGE,6,2011-08-31 15:30:00,18.0,12621.0,Germany
564995,35471D,SET OF 3 BIRD LIGHT PINK FEATHER ,2,2011-08-31 16:09:00,0.39,16780.0,United Kingdom
565067,84569D,PACK 6 HEART/ICE-CREAM PATCHES,6,2011-08-31 17:16:00,1.25,15856.0,United Kingdom
565123,M,Manual,96,2011-09-01 11:56:00,5.0,17949.0,United Kingdom
565124,POST,POSTAGE,2,2011-09-01 12:09:00,40.0,12436.0,Norway
565141,46000M,POLYESTER FILLER PAD 45x45cm,5,2011-09-01 13:40:00,1.55,17841.0,United Kingdom
565147,35471D,SET OF 3 BIRD LIGHT PINK FEATHER ,24,2011-09-01 13:53:00,0.39,16187.0,United Kingdom
565150,79302M,"ART LIGHTS,FUNK MONKEY",12,2011-09-01 14:26:00,2.55,14298.0,United Kingdom
565198,82613D,METAL SIGN CUPCAKE SINGLE HOOK,2,2011-09-01 16:18:00,1.25,16729.0,United Kingdom
565204,35471D,SET OF 3 BIRD LIGHT PINK FEATHER ,24,2011-09-01 16:45:00,0.39,15829.0,United Kingdom
565204,35597D,PINK/WHITE CHRISTMAS TREE 30CM,22,2011-09-01 16:45:00,0.38,15829.0,United Kingdom
565210,M,Manual,41,2011-09-01 17:09:00,0.19,17750.0,United Kingdom
565239,POST,POSTAGE,3,2011-09-02 09:51:00,18.0,12670.0,France
565246,POST,POSTAGE,4,2011-09-02 10:27:00,15.0,12408.0,Belgium
565261,84997D,CHILDRENS CUTLERY POLKADOT PINK,4,2011-09-02 10:53:00,4.15,12474.0,Germany
565261,POST,POSTAGE,2,2011-09-02 10:53:00,18.0,12474.0,Germany
565287,POST,POSTAGE,1,2011-09-02 11:42:00,18.0,12483.0,Sweden
565295,47591D,PINK FAIRY CAKE CHILDRENS APRON,8,2011-09-02 12:01:00,1.95,12794.0,Portugal
565312,47591D,PINK FAIRY CAKE CHILDRENS APRON,1,2011-09-02 12:37:00,1.95,14527.0,United Kingdom
565318,84997D,CHILDRENS CUTLERY POLKADOT PINK,8,2011-09-02 13:01:00,4.15,12921.0,United Kingdom
565321,POST,POSTAGE,2,2011-09-02 13:14:00,18.0,12437.0,France
565324,85032D,YULETIDE IMAGES GIFT WRAP SET,2,2011-09-02 13:18:00,0.65,13232.0,United Kingdom
565333,84997D,CHILDRENS CUTLERY POLKADOT PINK,8,2011-09-02 14:23:00,4.15,12375.0,Finland
565333,POST,POSTAGE,1,2011-09-02 14:23:00,40.0,12375.0,Finland
565366,84997D,CHILDRENS CUTLERY POLKADOT PINK,4,2011-09-02 14:56:00,4.15,17091.0,United Kingdom
565377,M,Manual,1,2011-09-02 15:12:00,852.8,18087.0,United Kingdom
565383,DOT,DOTCOM POSTAGE,1,2011-09-02 15:45:00,16.46,14096.0,United Kingdom
565398,79190D,RETRO PLASTIC DAISY TRAY,15,2011-09-02 16:50:00,0.42,15856.0,United Kingdom
565399,37489D,PINK/GREEN FLOWER DESIGN BIG MUG,2,2011-09-02 16:53:00,0.39,12748.0,United Kingdom
565407,85032D,YULETIDE IMAGES GIFT WRAP SET,1,2011-09-04 11:00:00,0.65,16983.0,United Kingdom
565408,16168M,FUNKY MONKEY GIFT BAG MEDIUM,3,2011-09-04 11:12:00,0.42,16813.0,United Kingdom
565408,16162M,THE KING GIFT BAG 25x24x12cm,4,2011-09-04 11:12:00,0.42,16813.0,United Kingdom
565415,15044D,RED PAPER PARASOL,5,2011-09-04 12:00:00,2.95,14067.0,United Kingdom
565416,POST,POSTAGE,2,2011-09-04 12:00:00,18.0,12710.0,Germany
565421,85032D,YULETIDE IMAGES GIFT WRAP SET,1,2011-09-04 12:10:00,0.65,16744.0,United Kingdom
565423,POST,POSTAGE,1,2011-09-04 12:23:00,18.0,12569.0,Germany
565426,79190D,RETRO PLASTIC DAISY TRAY,1,2011-09-04 12:41:00,0.42,12851.0,United Kingdom
565427,72800D,4 BLUE DINNER CANDLES SILVER FLOCK,4,2011-09-04 12:49:00,2.55,17774.0,United Kingdom
565432,47591D,PINK FAIRY CAKE CHILDRENS APRON,1,2011-09-04 13:16:00,1.95,16241.0,United Kingdom
565434,79190D,RETRO PLASTIC DAISY TRAY,5,2011-09-04 13:35:00,0.42,12867.0,United Kingdom
565442,84997D,CHILDRENS CUTLERY POLKADOT PINK,8,2011-09-04 14:09:00,4.15,12627.0,Germany
565442,POST,POSTAGE,3,2011-09-04 14:09:00,18.0,12627.0,Germany
565443,POST,POSTAGE,3,2011-09-04 14:22:00,18.0,12567.0,France
565444,90003D,CRYSTAL PAIR HEART HAIR SLIDES,2,2011-09-04 14:36:00,3.75,17894.0,United Kingdom
565450,84968D,SET OF 16 VINTAGE RED CUTLERY,1,2011-09-04 15:22:00,12.75,17722.0,United Kingdom
565456,47591D,PINK FAIRY CAKE CHILDRENS APRON,2,2011-09-04 16:12:00,1.95,16629.0,United Kingdom
565480,79302M,"ART LIGHTS,FUNK MONKEY",40,2011-09-05 11:27:00,2.55,18273.0,United Kingdom
565519,POST,POSTAGE,7,2011-09-05 11:52:00,28.0,12502.0,Spain
565541,85032D,YULETIDE IMAGES GIFT WRAP SET,4,2011-09-05 12:00:00,0.65,14159.0,United Kingdom
565579,M,Manual,1,2011-09-05 12:35:00,4.0,18283.0,United Kingdom
565583,POST,POSTAGE,1,2011-09-05 12:41:00,40.0,12816.0,Poland
565587,POST,POSTAGE,6,2011-09-05 13:38:00,18.0,12727.0,France
565588,35471D,SET OF 3 BIRD LIGHT PINK FEATHER ,12,2011-09-05 13:50:00,0.39,16918.0,United Kingdom
565612,POST,POSTAGE,2,2011-09-05 15:17:00,18.0,12616.0,France
565618,84926D,LA PALMIERA TILE COASTER,24,2011-09-05 15:40:00,0.29,15974.0,United Kingdom
565631,84997D,CHILDRENS CUTLERY POLKADOT PINK,72,2011-09-05 15:49:00,3.75,14680.0,United Kingdom
565648,85130D,BEADED CRYSTAL HEART PINK LARGE,2,2011-09-05 16:22:00,0.79,18196.0,United Kingdom
565648,84877D,BLUE ROUND COMPACT MIRROR,1,2011-09-05 16:22:00,1.25,18196.0,United Kingdom
565648,84875D,BLUE SQUARE COMPACT MIRROR,1,2011-09-05 16:22:00,1.25,18196.0,United Kingdom
565735,BANK CHARGES,Bank Charges,1,2011-09-06 12:25:00,15.0,16904.0,United Kingdom
565759,POST,POSTAGE,3,2011-09-06 13:46:00,18.0,12720.0,Germany
565765,POST,POSTAGE,2,2011-09-06 14:19:00,18.0,12526.0,Germany
565766,46000M,POLYESTER FILLER PAD 45x45cm,1,2011-09-06 14:23:00,1.55,17841.0,United Kingdom
565766,15044D,RED PAPER PARASOL,1,2011-09-06 14:23:00,2.95,17841.0,United Kingdom
565766,84849D,HOT BATHS SOAP HOLDER,4,2011-09-06 14:23:00,1.69,17841.0,United Kingdom
565777,POST,POSTAGE,1,2011-09-06 14:53:00,18.0,12569.0,Germany
565782,35471D,SET OF 3 BIRD LIGHT PINK FEATHER ,5,2011-09-06 15:48:00,0.39,12748.0,United Kingdom
565785,POST,POSTAGE,5,2011-09-06 16:57:00,40.0,12461.0,Switzerland
565795,46000M,POLYESTER FILLER PAD 45x45cm,8,2011-09-07 09:57:00,1.55,17481.0,United Kingdom
565801,POST,POSTAGE,3,2011-09-07 10:28:00,18.0,12685.0,France
565854,84997D,CHILDRENS CUTLERY POLKADOT PINK,8,2011-09-07 13:22:00,4.15,12490.0,France
565854,POST,POSTAGE,4,2011-09-07 13:22:00,18.0,12490.0,France
565870,POST,POSTAGE,1,2011-09-07 15:10:00,15.0,16828.0,United Kingdom
565924,17012D,ORIGAMI ROSE INCENSE/CANDLE SET ,24,2011-09-08 10:01:00,0.85,13026.0,United Kingdom
565930,POST,POSTAGE,5,2011-09-08 10:32:00,18.0,12685.0,France
565931,POST,POSTAGE,2,2011-09-08 10:35:00,18.0,12683.0,France
565933,POST,POSTAGE,1,2011-09-08 10:43:00,15.0,15885.0,United Kingdom
566010,85071D,CHARLIE+LOLA MY ROOM DOOR SIGN,4,2011-09-08 12:05:00,0.39,13700.0,United Kingdom
566018,84997D,CHILDRENS CUTLERY POLKADOT PINK,2,2011-09-08 12:42:00,4.15,13137.0,United Kingdom
566019,16168M,FUNKY MONKEY GIFT BAG MEDIUM,12,2011-09-08 12:44:00,0.42,17243.0,United Kingdom
566040,POST,POSTAGE,2,2011-09-08 13:38:00,28.0,12540.0,Spain
566042,47591D,PINK FAIRY CAKE CHILDRENS APRON,1,2011-09-08 13:53:00,1.95,17811.0,United Kingdom
566048,46000M,POLYESTER FILLER PAD 45x45cm,12,2011-09-08 14:21:00,1.55,16558.0,United Kingdom
566054,POST,POSTAGE,1,2011-09-08 15:04:00,18.0,12592.0,Germany
566059,POST,POSTAGE,1,2011-09-08 15:22:00,18.0,12569.0,Germany
566062,46000M,POLYESTER FILLER PAD 45x45cm,10,2011-09-08 15:39:00,1.55,14522.0,United Kingdom
566075,46000M,POLYESTER FILLER PAD 45x45cm,12,2011-09-09 09:03:00,1.55,16173.0,United Kingdom
566076,POST,POSTAGE,11,2011-09-09 09:13:00,15.0,12449.0,Belgium
566079,85071D,CHARLIE+LOLA MY ROOM DOOR SIGN,24,2011-09-09 09:52:00,0.39,17593.0,United Kingdom
566080,POST,POSTAGE,1,2011-09-09 10:05:00,15.0,15187.0,United Kingdom
566091,15044D,RED PAPER PARASOL,1,2011-09-09 10:37:00,2.95,17870.0,United Kingdom
566092,16169M,WRAP DAISY CARPET ,25,2011-09-09 10:42:00,0.42,13823.0,United Kingdom
566115,POST,POSTAGE,1,2011-09-09 10:51:00,18.0,12674.0,France
566115,84997D,CHILDRENS CUTLERY POLKADOT PINK,8,2011-09-09 10:51:00,4.15,12674.0,France
566117,46000M,POLYESTER FILLER PAD 45x45cm,10,2011-09-09 10:54:00,1.55,17965.0,United Kingdom
566173,POST,POSTAGE,1,2011-09-09 12:24:00,15.0,12787.0,Netherlands
566190,85071D,CHARLIE+LOLA MY ROOM DOOR SIGN,5,2011-09-09 13:20:00,0.39,12748.0,United Kingdom
566194,85032D,YULETIDE IMAGES GIFT WRAP SET,6,2011-09-09 13:42:00,0.65,14711.0,United Kingdom
566200,17107D,FLOWER FAIRY 5 DRAWER LINERS,1,2011-09-09 14:14:00,2.55,16910.0,United Kingdom
566217,DOT,DOTCOM POSTAGE,1,2011-09-09 15:17:00,13.16,14096.0,United Kingdom
566233,POST,POSTAGE,7,2011-09-11 11:04:00,18.0,12635.0,Germany
566246,79302M,"ART LIGHTS,FUNK MONKEY",6,2011-09-11 12:00:00,2.95,13941.0,United Kingdom
566256,POST,POSTAGE,1,2011-09-11 12:27:00,18.0,12680.0,France
566258,35471D,SET OF 3 BIRD LIGHT PINK FEATHER ,10,2011-09-11 12:45:00,0.39,13124.0,United Kingdom
566267,POST,POSTAGE,3,2011-09-11 13:32:00,18.0,12647.0,Germany
566268,POST,POSTAGE,3,2011-09-11 13:38:00,18.0,13813.0,Germany
566270,82613D,METAL SIGN CUPCAKE SINGLE HOOK,8,2011-09-11 13:40:00,1.25,16523.0,United Kingdom
566270,35599D,PINK AND WHITE CHRISTMAS TREE 120CM,6,2011-09-11 13:40:00,2.95,16523.0,United Kingdom
566272,84875D,BLUE SQUARE COMPACT MIRROR,2,2011-09-11 13:51:00,1.25,14487.0,United Kingdom
566272,84876D,BLUE HEART COMPACT MIRROR,2,2011-09-11 13:51:00,1.25,14487.0,United Kingdom
566279,17012D,ORIGAMI ROSE INCENSE/CANDLE SET ,6,2011-09-11 14:09:00,0.85,14432.0,United Kingdom
566290,85129D,BEADED CRYSTAL HEART PINK SMALL,1,2011-09-11 15:24:00,1.25,14456.0,United Kingdom
566290,84849D,HOT BATHS SOAP HOLDER,2,2011-09-11 15:24:00,1.69,14456.0,United Kingdom
566301,47591D,PINK FAIRY CAKE CHILDRENS APRON,2,2011-09-11 16:06:00,1.95,16474.0,United Kingdom
566364,84997D,CHILDRENS CUTLERY POLKADOT PINK,4,2011-09-12 12:32:00,4.15,15253.0,United Kingdom
566420,79302M,"ART LIGHTS,FUNK MONKEY",2,2011-09-12 13:50:00,2.95,16360.0,United Kingdom
566435,85032D,YULETIDE IMAGES GIFT WRAP SET,24,2011-09-12 15:04:00,0.65,13854.0,United Kingdom
566442,85032D,YULETIDE IMAGES GIFT WRAP SET,24,2011-09-12 15:29:00,0.65,14732.0,United Kingdom
566451,82613D,METAL SIGN CUPCAKE SINGLE HOOK,1,2011-09-12 16:14:00,1.25,18069.0,United Kingdom
566451,84926D,LA PALMIERA TILE COASTER,4,2011-09-12 16:14:00,0.29,18069.0,United Kingdom
566482,84997D,CHILDRENS CUTLERY POLKADOT PINK,4,2011-09-13 09:43:00,4.15,16609.0,United Kingdom
566492,POST,POSTAGE,1,2011-09-13 10:34:00,18.0,12679.0,France
566495,47591D,PINK FAIRY CAKE CHILDRENS APRON,6,2011-09-13 11:14:00,1.95,15529.0,United Kingdom
566495,16162M,THE KING GIFT BAG 25x24x12cm,5,2011-09-13 11:14:00,0.42,15529.0,United Kingdom
566495,16168M,FUNKY MONKEY GIFT BAG MEDIUM,5,2011-09-13 11:14:00,0.42,15529.0,United Kingdom
566562,M,Manual,12,2011-09-13 12:18:00,0.42,17365.0,United Kingdom
566564,17012D,ORIGAMI ROSE INCENSE/CANDLE SET ,1,2011-09-13 12:26:00,0.85,15522.0,United Kingdom
566566,DOT,DOTCOM POSTAGE,1,2011-09-13 12:32:00,85.58,14096.0,United Kingdom
566581,72800D,4 BLUE DINNER CANDLES SILVER FLOCK,3,2011-09-13 13:47:00,2.55,16081.0,United Kingdom
566582,47591D,PINK FAIRY CAKE CHILDRENS APRON,8,2011-09-13 13:49:00,1.95,13384.0,United Kingdom
566586,POST,POSTAGE,1,2011-09-13 14:23:00,18.0,12619.0,Germany
566591,17012D,ORIGAMI ROSE INCENSE/CANDLE SET ,4,2011-09-13 14:53:00,0.85,16036.0,United Kingdom
566598,84997D,CHILDRENS CUTLERY POLKADOT PINK,36,2011-09-13 15:35:00,4.15,12664.0,Finland
566598,POST,POSTAGE,1,2011-09-13 15:35:00,40.0,12664.0,Finland
566625,35471D,SET OF 3 BIRD LIGHT PINK FEATHER ,24,2011-09-14 09:38:00,0.39,14911.0,EIRE
566625,35598D,PINK/WHITE CHRISTMAS TREE 60CM,24,2011-09-14 09:38:00,0.65,14911.0,EIRE
566625,85032D,YULETIDE IMAGES GIFT WRAP SET,48,2011-09-14 09:38:00,0.65,14911.0,EIRE
566630,15044D,RED PAPER PARASOL,12,2011-09-14 10:33:00,2.95,12971.0,United Kingdom
566669,84997D,CHILDRENS CUTLERY POLKADOT PINK,4,2011-09-14 11:36:00,4.15,18065.0,United Kingdom
566673,47591D,PINK FAIRY CAKE CHILDRENS APRON,8,2011-09-14 11:39:00,1.95,17728.0,United Kingdom
566717,84997D,CHILDRENS CUTLERY POLKADOT PINK,3,2011-09-14 12:14:00,4.15,17841.0,United Kingdom
566735,16162M,THE KING GIFT BAG 25x24x12cm,3,2011-09-14 14:19:00,0.42,15707.0,United Kingdom
566736,POST,POSTAGE,2,2011-09-14 14:19:00,18.0,12726.0,France
566739,POST,POSTAGE,3,2011-09-14 14:30:00,18.0,12566.0,Germany
566760,37489D,PINK/GREEN FLOWER DESIGN BIG MUG,6,2011-09-14 16:36:00,0.39,15272.0,United Kingdom
566773,POST,POSTAGE,2,2011-09-15 09:43:00,40.0,12444.0,Norway
566783,84997D,CHILDRENS CUTLERY POLKADOT PINK,8,2011-09-15 10:18:00,4.15,13539.0,United Kingdom
566789,16169M,WRAP DAISY CARPET ,25,2011-09-15 10:35:00,0.42,13134.0,United Kingdom
566864,37489D,PINK/GREEN FLOWER DESIGN BIG MUG,2,2011-09-15 12:51:00,0.39,17786.0,United Kingdom
566865,POST,POSTAGE,1,2011-09-15 12:53:00,15.0,14735.0,United Kingdom
566872,85071D,CHARLIE+LOLA MY ROOM DOOR SIGN,3,2011-09-15 13:28:00,0.39,16729.0,United Kingdom
566901,47591D,PINK FAIRY CAKE CHILDRENS APRON,8,2011-09-15 13:54:00,1.95,17434.0,United Kingdom
566916,POST,POSTAGE,4,2011-09-15 14:25:00,40.0,12457.0,Switzerland
566918,POST,POSTAGE,1,2011-09-15 14:50:00,18.0,12722.0,France
566927,M,Manual,1,2011-09-15 15:20:00,2033.1,17846.0,United Kingdom
566930,47591D,PINK FAIRY CAKE CHILDRENS APRON,8,2011-09-15 15:26:00,1.95,15417.0,United Kingdom
566969,85032D,YULETIDE IMAGES GIFT WRAP SET,12,2011-09-15 19:36:00,0.65,15205.0,United Kingdom
566984,POST,POSTAGE,3,2011-09-16 10:39:00,18.0,12471.0,Germany
566987,POST,POSTAGE,4,2011-09-16 10:56:00,18.0,12476.0,Germany
567076,35598D,PINK/WHITE CHRISTMAS TREE 60CM,24,2011-09-16 12:27:00,0.65,15505.0,United Kingdom
567077,84997D,CHILDRENS CUTLERY POLKADOT PINK,1,2011-09-16 12:34:00,4.15,18122.0,United Kingdom
567128,17012D,ORIGAMI ROSE INCENSE/CANDLE SET ,4,2011-09-16 14:04:00,0.85,18055.0,United Kingdom
567128,72800D,4 BLUE DINNER CANDLES SILVER FLOCK,4,2011-09-16 14:04:00,2.55,18055.0,United Kingdom
567134,POST,POSTAGE,1,2011-09-16 14:20:00,18.0,12600.0,Germany
567154,47591D,PINK FAIRY CAKE CHILDRENS APRON,50,2011-09-16 16:29:00,1.65,15523.0,United Kingdom
567164,79030D,TUMBLER BAROQUE,6,2011-09-18 11:51:00,0.39,14487.0,United Kingdom
567165,46776D,WOVEN SUNSET CUSHION COVER ,4,2011-09-18 11:58:00,4.95,17841.0,United Kingdom
567167,85130D,BEADED CRYSTAL HEART PINK LARGE,6,2011-09-18 12:21:00,0.79,15547.0,United Kingdom
567167,17012D,ORIGAMI ROSE INCENSE/CANDLE SET ,2,2011-09-18 12:21:00,0.85,15547.0,United Kingdom
567168,47591D,PINK FAIRY CAKE CHILDRENS APRON,3,2011-09-18 12:24:00,1.95,14878.0,United Kingdom
567169,79030D,TUMBLER BAROQUE,6,2011-09-18 12:40:00,0.39,14487.0,United Kingdom
567174,85170D,SET/6 PINK BIRD T-LIGHT CANDLES,2,2011-09-18 13:31:00,2.1,16438.0,United Kingdom
567179,85032D,YULETIDE IMAGES GIFT WRAP SET,3,2011-09-18 14:27:00,0.65,15547.0,United Kingdom
567180,84997D,CHILDRENS CUTLERY POLKADOT PINK,4,2011-09-18 14:56:00,4.15,17802.0,United Kingdom
567183,M,Manual,1,2011-09-18 15:32:00,1.65,14769.0,United Kingdom
567183,17107D,FLOWER FAIRY 5 DRAWER LINERS,2,2011-09-18 15:32:00,2.55,14769.0,United Kingdom
567183,84849D,HOT BATHS SOAP HOLDER,4,2011-09-18 15:32:00,1.69,14769.0,United Kingdom
567183,85032D,YULETIDE IMAGES GIFT WRAP SET,4,2011-09-18 15:33:00,0.65,14769.0,United Kingdom
567190,47591D,PINK FAIRY CAKE CHILDRENS APRON,8,2011-09-19 09:14:00,1.95,18226.0,United Kingdom
567191,POST,POSTAGE,3,2011-09-19 09:15:00,18.0,12562.0,France
567196,POST,POSTAGE,2,2011-09-19 10:09:00,15.0,12379.0,Belgium
567200,85032D,YULETIDE IMAGES GIFT WRAP SET,12,2011-09-19 10:15:00,0.65,16460.0,United Kingdom
567280,84997D,CHILDRENS CUTLERY POLKADOT PINK,72,2011-09-19 11:46:00,3.75,14646.0,Netherlands
567293,POST,POSTAGE,5,2011-09-19 12:01:00,18.0,12640.0,France
567296,POST,POSTAGE,1,2011-09-19 12:19:00,18.0,12682.0,France
567298,POST,POSTAGE,5,2011-09-19 12:29:00,18.0,12497.0,Germany
567300,84997D,CHILDRENS CUTLERY POLKADOT PINK,4,2011-09-19 12:36:00,4.15,12724.0,France
567300,POST,POSTAGE,3,2011-09-19 12:36:00,18.0,12724.0,France
567305,POST,POSTAGE,2,2011-09-19 13:28:00,18.0,12621.0,Germany
567306,84997D,CHILDRENS CUTLERY POLKADOT PINK,72,2011-09-19 13:32:00,3.75,12752.0,Norway
567328,47591D,PINK FAIRY CAKE CHILDRENS APRON,8,2011-09-19 14:43:00,1.95,14356.0,United Kingdom
567336,POST,POSTAGE,4,2011-09-19 14:56:00,18.0,12621.0,Germany
567338,17107D,FLOWER FAIRY 5 SUMMER DRAW LINERS,6,2011-09-19 15:00:00,2.55,14146.0,United Kingdom
567340,POST,POSTAGE,4,2011-09-19 15:02:00,28.0,12540.0,Spain
567342,POST,POSTAGE,1,2011-09-19 15:04:00,10.0,16235.0,United Kingdom
567369,85032D,YULETIDE IMAGES GIFT WRAP SET,24,2011-09-20 09:06:00,0.65,17527.0,United Kingdom
567378,17107D,FLOWER FAIRY 5 DRAWER LINERS,6,2011-09-20 10:01:00,2.55,14911.0,EIRE
567385,15044D,RED PAPER PARASOL,72,2011-09-20 10:27:00,2.55,14866.0,United Kingdom
567424,M,Manual,2,2011-09-20 11:16:00,0.19,16369.0,United Kingdom
567424,M,Manual,2,2011-09-20 11:16:00,0.85,16369.0,United Kingdom
567428,84997D,CHILDRENS CUTLERY POLKADOT PINK,4,2011-09-20 11:35:00,4.15,14911.0,EIRE
567460,M,Manual,3,2011-09-20 12:30:00,0.19,15888.0,United Kingdom
567460,M,Manual,6,2011-09-20 12:30:00,0.85,15888.0,United Kingdom
567462,M,Manual,60,2011-09-20 12:35:00,0.08,14446.0,United Kingdom
567475,85032D,YULETIDE IMAGES GIFT WRAP SET,3,2011-09-20 13:11:00,0.65,16360.0,United Kingdom
567477,84569D,PACK 6 HEART/ICE-CREAM PATCHES,5,2011-09-20 13:20:00,1.25,16327.0,United Kingdom
567477,47591D,PINK FAIRY CAKE CHILDRENS APRON,6,2011-09-20 13:20:00,1.95,16327.0,United Kingdom
567477,15044D,RED PAPER PARASOL,3,2011-09-20 13:20:00,2.95,16327.0,United Kingdom
567485,M,Manual,60,2011-09-20 13:52:00,0.08,15026.0,United Kingdom
567505,POST,POSTAGE,2,2011-09-20 14:34:00,40.0,12352.0,Norway
567530,POST,POSTAGE,3,2011-09-21 09:33:00,15.0,12390.0,Belgium
567533,35599D,PINK AND WHITE CHRISTMAS TREE 120CM,6,2011-09-21 09:45:00,2.95,17651.0,United Kingdom
567552,POST,POSTAGE,3,2011-09-21 10:40:00,18.0,12583.0,France
567578,POST,POSTAGE,2,2011-09-21 10:47:00,18.0,12701.0,Germany
567618,POST,POSTAGE,1,2011-09-21 12:26:00,18.0,12721.0,France
567630,46000M,POLYESTER FILLER PAD 45x45cm,4,2011-09-21 13:24:00,1.55,15737.0,United Kingdom
567640,47591D,PINK FAIRY CAKE CHILDRENS APRON,8,2011-09-21 14:08:00,1.95,12604.0,France
567653,85169D,PINK LOVE BIRD CANDLE,12,2011-09-21 14:35:00,1.25,12550.0,Spain
567653,POST,POSTAGE,5,2011-09-21 14:35:00,28.0,12550.0,Spain
567654,47591D,PINK FAIRY CAKE CHILDRENS APRON,8,2011-09-21 14:38:00,1.95,16627.0,United Kingdom
567656,DOT,DOTCOM POSTAGE,1,2011-09-21 14:40:00,878.55,14096.0,United Kingdom
567656,47591D,PINK FAIRY CAKE CHILDRENS APRON,1,2011-09-21 14:40:00,4.13,14096.0,United Kingdom
567656,84968D,SET OF 16 VINTAGE RED CUTLERY,1,2011-09-21 14:40:00,24.96,14096.0,United Kingdom
567656,85129D,BEADED CRYSTAL HEART PINK SMALL,2,2011-09-21 14:40:00,2.46,14096.0,United Kingdom
567656,85131D,BEADED CRYSTAL HEART PINK ON STICK,21,2011-09-21 14:40:00,0.83,14096.0,United Kingdom
567656,85170D,SET/6 PINK BIRD T-LIGHT CANDLES,1,2011-09-21 14:40:00,4.13,14096.0,United Kingdom
567661,90201D,GREEN ENAMEL FLOWER RING,2,2011-09-21 15:06:00,2.95,13959.0,United Kingdom
567663,84926D,LA PALMIERA TILE COASTER,48,2011-09-21 15:15:00,0.29,14951.0,United Kingdom
567663,85032D,YULETIDE IMAGES GIFT WRAP SET,12,2011-09-21 15:15:00,0.65,14951.0,United Kingdom
567666,35599D,PINK AND WHITE CHRISTMAS TREE 120CM,6,2011-09-21 15:23:00,2.95,12520.0,Germany
567666,35471D,SET OF 3 BIRD LIGHT PINK FEATHER ,24,2011-09-21 15:23:00,0.39,12520.0,Germany
567666,POST,POSTAGE,4,2011-09-21 15:23:00,18.0,12520.0,Germany
567675,84997D,CHILDRENS CUTLERY POLKADOT PINK,6,2011-09-21 15:54:00,4.15,15351.0,United Kingdom
567675,46000M,POLYESTER FILLER PAD 45x45cm,10,2011-09-21 15:54:00,1.55,15351.0,United Kingdom
567683,85232D,SET/3 DECOUPAGE STACKING TINS,3,2011-09-21 16:31:00,4.95,13704.0,United Kingdom
567699,84968D,SET OF 16 VINTAGE RED CUTLERY,3,2011-09-22 09:16:00,12.75,17466.0,United Kingdom
567701,35471D,SET OF 3 BIRD LIGHT PINK FEATHER ,24,2011-09-22 09:36:00,0.39,17172.0,United Kingdom
567742,46000M,POLYESTER FILLER PAD 45x45cm,4,2011-09-22 10:47:00,1.55,14261.0,United Kingdom
567756,POST,POSTAGE,3,2011-09-22 10:52:00,18.0,12678.0,France
567793,POST,POSTAGE,4,2011-09-22 11:40:00,18.0,12657.0,France
567795,POST,POSTAGE,6,2011-09-22 11:44:00,15.0,14646.0,Netherlands
567821,84997D,CHILDRENS CUTLERY POLKADOT PINK,5,2011-09-22 12:45:00,4.15,14659.0,United Kingdom
567824,POST,POSTAGE,1,2011-09-22 13:00:00,37.5,12739.0,United Arab Emirates
567854,84997D,CHILDRENS CUTLERY POLKADOT PINK,4,2011-09-22 13:37:00,4.15,14038.0,United Kingdom
567866,M,Manual,5,2011-09-22 14:13:00,0.8,16669.0,United Kingdom
567866,47591D,PINK FAIRY CAKE CHILDRENS APRON,3,2011-09-22 14:13:00,1.95,16669.0,United Kingdom
567866,84997D,CHILDRENS CUTLERY POLKADOT PINK,2,2011-09-22 14:13:00,4.15,16669.0,United Kingdom
567869,M,Manual,5,2011-09-22 14:18:00,0.08,16669.0,United Kingdom
567873,85032D,YULETIDE IMAGES GIFT WRAP SET,12,2011-09-22 14:25:00,0.65,13055.0,United Kingdom
567878,85032D,YULETIDE IMAGES GIFT WRAP SET,1,2011-09-22 14:42:00,0.65,16910.0,United Kingdom
567878,47591D,PINK FAIRY CAKE CHILDRENS APRON,1,2011-09-22 14:42:00,1.95,16910.0,United Kingdom
567880,47591D,PINK FAIRY CAKE CHILDRENS APRON,8,2011-09-22 14:56:00,1.95,15398.0,United Kingdom
567881,46000M,POLYESTER FILLER PAD 45x45cm,6,2011-09-22 14:59:00,1.55,15640.0,United Kingdom
567897,POST,POSTAGE,1,2011-09-22 16:07:00,15.0,12364.0,Belgium
567904,POST,POSTAGE,2,2011-09-22 16:34:00,18.0,12609.0,Germany
567910,POST,POSTAGE,1,2011-09-22 16:58:00,18.0,12437.0,France
567912,79063D,"RETRO PILL BOX , REVOLUTIONARY",10,2011-09-22 17:07:00,0.19,15555.0,United Kingdom
567912,M,Manual,29,2011-09-22 17:07:00,0.06,15555.0,United Kingdom
567914,POST,POSTAGE,1,2011-09-22 17:14:00,18.0,12647.0,Germany
567915,POST,POSTAGE,3,2011-09-22 17:15:00,18.0,12579.0,France
567917,35598D,PINK/WHITE CHRISTMAS TREE 60CM,240,2011-09-22 17:19:00,0.65,14298.0,United Kingdom
567917,35471D,SET OF 3 BIRD LIGHT PINK FEATHER ,24,2011-09-22 17:19:00,0.39,14298.0,United Kingdom
567924,POST,POSTAGE,1,2011-09-22 17:25:00,18.0,12471.0,Germany
567928,POST,POSTAGE,3,2011-09-22 17:31:00,18.0,12380.0,Belgium
567938,35471D,SET OF 3 BIRD LIGHT PINK FEATHER ,24,2011-09-22 18:14:00,0.39,12704.0,Finland
567938,POST,POSTAGE,2,2011-09-22 18:14:00,40.0,12704.0,Finland
567958,POST,POSTAGE,2,2011-09-23 09:00:00,18.0,12619.0,Germany
567959,85032D,YULETIDE IMAGES GIFT WRAP SET,12,2011-09-23 09:13:00,0.65,12516.0,Germany
567959,POST,POSTAGE,4,2011-09-23 09:13:00,18.0,12516.0,Germany
567968,POST,POSTAGE,3,2011-09-23 09:44:00,28.0,12546.0,Spain
568001,POST,POSTAGE,1,2011-09-23 11:35:00,28.0,12540.0,Spain
568040,POST,POSTAGE,4,2011-09-23 12:09:00,18.0,12681.0,France
568046,47591D,PINK FAIRY CAKE CHILDRENS APRON,1,2011-09-23 12:16:00,1.95,18118.0,United Kingdom
568049,84849D,HOT BATHS SOAP HOLDER,2,2011-09-23 12:38:00,1.69,17841.0,United Kingdom
568050,M,Manual,1,2011-09-23 12:38:00,1.5,15901.0,United Kingdom
568050,84997D,CHILDRENS CUTLERY POLKADOT PINK,1,2011-09-23 12:38:00,4.15,15901.0,United Kingdom
568050,M,Manual,6,2011-09-23 12:38:00,0.08,15901.0,United Kingdom
568054,85032D,YULETIDE IMAGES GIFT WRAP SET,12,2011-09-23 12:50:00,0.65,16978.0,United Kingdom
568056,POST,POSTAGE,5,2011-09-23 12:55:00,18.0,12705.0,Germany
568059,85232D,SET/3 DECOUPAGE STACKING TINS,3,2011-09-23 12:58:00,4.95,13097.0,United Kingdom
568060,84997D,CHILDRENS CUTLERY POLKADOT PINK,1,2011-09-23 13:11:00,4.15,14546.0,United Kingdom
568062,84875D,BLUE SQUARE COMPACT MIRROR,6,2011-09-23 13:18:00,1.25,14014.0,United Kingdom
568062,84926D,LA PALMIERA TILE COASTER,24,2011-09-23 13:18:00,0.29,14014.0,United Kingdom
568062,85032D,YULETIDE IMAGES GIFT WRAP SET,12,2011-09-23 13:18:00,0.65,14014.0,United Kingdom
568066,17107D,FLOWER FAIRY 5 DRAWER LINERS,1,2011-09-23 13:48:00,2.55,14529.0,United Kingdom
568075,90200D,PINK SWEETHEART BRACELET,1,2011-09-23 14:21:00,4.25,14652.0,United Kingdom
568075,90177D,DROP DIAMANTE EARRINGS PURPLE,1,2011-09-23 14:21:00,2.95,14652.0,United Kingdom
568075,37489D,PINK/GREEN FLOWER DESIGN BIG MUG,1,2011-09-23 14:21:00,0.39,14652.0,United Kingdom
568095,90003D,CRYSTAL PAIR HEART HAIR SLIDES,4,2011-09-23 14:49:00,3.75,14911.0,EIRE
568095,90059D,DIAMANTE HAIR GRIP PACK/2 PERIDOT,6,2011-09-23 14:49:00,1.65,14911.0,EIRE
568095,90202D,PINK ENAMEL FLOWER HAIR TIE,6,2011-09-23 14:49:00,2.95,14911.0,EIRE
568095,90177D,DROP DIAMANTE EARRINGS PURPLE,6,2011-09-23 14:49:00,2.95,14911.0,EIRE
568095,90201D,GREEN ENAMEL FLOWER RING,6,2011-09-23 14:49:00,2.95,14911.0,EIRE
568098,47591D,PINK FAIRY CAKE CHILDRENS APRON,8,2011-09-23 15:17:00,1.95,15762.0,United Kingdom
568103,84997D,CHILDRENS CUTLERY POLKADOT PINK,4,2011-09-23 15:45:00,4.15,12518.0,Germany
568103,POST,POSTAGE,3,2011-09-23 15:45:00,18.0,12518.0,Germany
568132,M,Manual,3,2011-09-23 16:22:00,1.25,15549.0,United Kingdom
568132,35471D,SET OF 3 BIRD LIGHT PINK FEATHER ,2,2011-09-23 16:22:00,0.39,15549.0,United Kingdom
568158,PADS,PADS TO MATCH ALL CUSHIONS,1,2011-09-25 12:22:00,0.0,16133.0,United Kingdom
568172,POST,POSTAGE,1,2011-09-25 13:13:00,40.0,12348.0,Finland
568176,POST,POSTAGE,1,2011-09-25 13:25:00,18.0,12685.0,France
568179,POST,POSTAGE,3,2011-09-25 13:39:00,28.0,12545.0,Spain
568186,85071D,CHARLIE+LOLA MY ROOM DOOR SIGN,6,2011-09-25 14:08:00,0.39,17837.0,United Kingdom
568196,46000M,POLYESTER FILLER PAD 45x45cm,14,2011-09-25 14:44:00,1.55,16705.0,United Kingdom
568198,72801D,4 SKY BLUE DINNER CANDLES,8,2011-09-25 14:52:00,1.25,16771.0,United Kingdom
568200,PADS,PADS TO MATCH ALL CUSHIONS,1,2011-09-25 14:58:00,0.001,16198.0,United Kingdom
568200,46000M,POLYESTER FILLER PAD 45x45cm,16,2011-09-25 14:58:00,1.55,16198.0,United Kingdom
568202,16169M,WRAP DAISY CARPET ,25,2011-09-25 15:01:00,0.42,15366.0,United Kingdom
568208,POST,POSTAGE,2,2011-09-25 15:35:00,28.0,12783.0,Portugal
568212,85071D,CHARLIE+LOLA MY ROOM DOOR SIGN,6,2011-09-25 16:05:00,0.39,15154.0,United Kingdom
568212,84877D,BLUE ROUND COMPACT MIRROR,1,2011-09-25 16:05:00,1.25,15154.0,United Kingdom
568219,46000M,POLYESTER FILLER PAD 45x45cm,4,2011-09-26 09:59:00,1.55,13468.0,United Kingdom
568223,POST,POSTAGE,2,2011-09-26 10:16:00,15.0,12412.0,Denmark
568225,47591D,PINK FAIRY CAKE CHILDRENS APRON,8,2011-09-26 10:35:00,1.95,13014.0,United Kingdom
568238,84997D,CHILDRENS CUTLERY POLKADOT PINK,4,2011-09-26 12:00:00,4.15,13927.0,United Kingdom
568311,46000M,POLYESTER FILLER PAD 45x45cm,4,2011-09-26 12:53:00,1.55,17287.0,United Kingdom
568314,72801D,4 SKY BLUE DINNER CANDLES,3,2011-09-26 12:58:00,1.25,14387.0,United Kingdom
568314,35471D,SET OF 3 BIRD LIGHT PINK FEATHER ,24,2011-09-26 12:58:00,0.39,14387.0,United Kingdom
568318,85032D,YULETIDE IMAGES GIFT WRAP SET,24,2011-09-26 13:25:00,0.65,13233.0,United Kingdom
568325,84997D,CHILDRENS CUTLERY POLKADOT PINK,2,2011-09-26 13:57:00,4.15,14667.0,United Kingdom
568329,84997D,CHILDRENS CUTLERY POLKADOT PINK,4,2011-09-26 14:12:00,4.15,15243.0,United Kingdom
568331,35471D,SET OF 3 BIRD LIGHT PINK FEATHER ,24,2011-09-26 14:25:00,0.39,16600.0,United Kingdom
568346,85129D,BEADED CRYSTAL HEART PINK SMALL,1,2011-09-26 15:28:00,2.46,14096.0,United Kingdom
568346,85131D,BEADED CRYSTAL HEART PINK ON STICK,15,2011-09-26 15:28:00,0.83,14096.0,United Kingdom
568346,85170D,SET/6 PINK BIRD T-LIGHT CANDLES,1,2011-09-26 15:28:00,4.13,14096.0,United Kingdom
568346,DOT,DOTCOM POSTAGE,1,2011-09-26 15:28:00,688.08,14096.0,United Kingdom
568350,90160D,PINK BOUDICCA LARGE BRACELET,9,2011-09-26 15:35:00,6.95,12612.0,Germany
568350,90161D,ANT COPPER PINK BOUDICCA BRACELET,6,2011-09-26 15:35:00,4.95,12612.0,Germany
568350,90201D,GREEN ENAMEL FLOWER RING,18,2011-09-26 15:35:00,2.95,12612.0,Germany
568350,POST,POSTAGE,2,2011-09-26 15:35:00,18.0,12612.0,Germany
568375,BANK CHARGES,Bank Charges,1,2011-09-26 17:01:00,15.0,13405.0,United Kingdom
568375,BANK CHARGES,Bank Charges,1,2011-09-26 17:01:00,0.001,13405.0,United Kingdom
568384,M,Manual,1,2011-09-27 09:46:00,0.0,12748.0,United Kingdom
568392,85032D,YULETIDE IMAGES GIFT WRAP SET,12,2011-09-27 10:08:00,0.65,14272.0,United Kingdom
568394,47591D,PINK FAIRY CAKE CHILDRENS APRON,8,2011-09-27 10:20:00,1.95,13314.0,United Kingdom
568398,POST,POSTAGE,1,2011-09-27 10:26:00,5.0,14543.0,United Kingdom
568472,POST,POSTAGE,2,2011-09-27 11:50:00,18.0,12517.0,Germany
568515,47591D,PINK FAIRY CAKE CHILDRENS APRON,20,2011-09-27 12:44:00,1.95,14466.0,United Kingdom
568517,85130D,BEADED CRYSTAL HEART PINK LARGE,2,2011-09-27 12:52:00,0.79,14456.0,United Kingdom
568517,85071D,CHARLIE+LOLA MY ROOM DOOR SIGN,4,2011-09-27 12:52:00,0.39,14456.0,United Kingdom
568518,POST,POSTAGE,1,2011-09-27 12:53:00,18.0,12680.0,France
568551,35471D,SET OF 3 BIRD LIGHT PINK FEATHER ,24,2011-09-27 14:58:00,0.39,14883.0,United Kingdom
568554,POST,POSTAGE,1,2011-09-27 15:31:00,28.0,12455.0,Spain
568574,47591D,PINK FAIRY CAKE CHILDRENS APRON,8,2011-09-28 09:15:00,1.95,13862.0,United Kingdom
568645,POST,POSTAGE,3,2011-09-28 11:38:00,18.0,12656.0,France
568650,35471D,SET OF 3 BIRD LIGHT PINK FEATHER ,24,2011-09-28 11:56:00,0.39,13505.0,Switzerland
568650,79190D,RETRO PLASTIC DAISY TRAY,15,2011-09-28 11:56:00,0.42,13505.0,Switzerland
568650,POST,POSTAGE,8,2011-09-28 11:56:00,40.0,13505.0,Switzerland
568651,POST,POSTAGE,4,2011-09-28 12:04:00,15.0,12362.0,Belgium
568654,15044D,RED PAPER PARASOL,6,2011-09-28 12:20:00,2.95,14911.0,EIRE
568657,47591D,PINK FAIRY CAKE CHILDRENS APRON,2,2011-09-28 12:22:00,1.95,16460.0,United Kingdom
568674,POST,POSTAGE,2,2011-09-28 13:30:00,18.0,12708.0,Germany
568686,85071D,CHARLIE+LOLA MY ROOM DOOR SIGN,6,2011-09-28 14:26:00,0.39,16115.0,United Kingdom
568697,84997D,CHILDRENS CUTLERY POLKADOT PINK,72,2011-09-28 14:57:00,3.75,16281.0,United Kingdom
568699,POST,POSTAGE,1,2011-09-28 14:58:00,40.0,12352.0,Norway
568703,M,Manual,183,2011-09-28 15:21:00,0.08,12748.0,United Kingdom
568703,85032D,YULETIDE IMAGES GIFT WRAP SET,12,2011-09-28 15:21:00,0.65,12748.0,United Kingdom
568712,85049D,BRIGHT BLUES RIBBONS ,1,2011-09-28 15:50:00,1.25,17841.0,United Kingdom
568782,84997D,CHILDRENS CUTLERY POLKADOT PINK,8,2011-09-29 08:53:00,4.15,13985.0,United Kingdom
568788,46000M,POLYESTER FILLER PAD 45x45cm,2,2011-09-29 09:23:00,1.55,17894.0,United Kingdom
568791,47591D,PINK FAIRY CAKE CHILDRENS APRON,8,2011-09-29 09:51:00,1.95,16650.0,United Kingdom
568798,POST,POSTAGE,3,2011-09-29 10:23:00,18.0,12615.0,France
568872,POST,POSTAGE,2,2011-09-29 12:12:00,15.0,12372.0,Denmark
568895,84849D,HOT BATHS SOAP HOLDER,3,2011-09-29 13:11:00,1.69,15356.0,United Kingdom
568909,85131D,BEADED CRYSTAL HEART PINK ON STICK,12,2011-09-29 13:38:00,1.25,16818.0,United Kingdom
568908,85170D,SET/6 PINK BIRD T-LIGHT CANDLES,6,2011-09-29 13:38:00,2.1,16653.0,United Kingdom
568947,35598D,PINK/WHITE CHRISTMAS TREE 60CM,24,2011-09-29 15:04:00,0.65,14696.0,United Kingdom
568947,79302M,"ART LIGHTS,FUNK MONKEY",6,2011-09-29 15:04:00,2.95,14696.0,United Kingdom
568950,47591D,PINK FAIRY CAKE CHILDRENS APRON,8,2011-09-29 15:25:00,1.95,12458.0,Switzerland
568950,POST,POSTAGE,2,2011-09-29 15:25:00,40.0,12458.0,Switzerland
568953,POST,POSTAGE,1,2011-09-29 15:31:00,18.0,12728.0,France
568988,85169D,PINK LOVE BIRD CANDLE,12,2011-09-29 16:38:00,1.25,12718.0,France
568988,POST,POSTAGE,2,2011-09-29 16:38:00,18.0,12718.0,France
568994,POST,POSTAGE,2,2011-09-29 16:52:00,18.0,12598.0,France
569001,POST,POSTAGE,1,2011-09-29 17:52:00,18.0,12703.0,Germany
569017,POST,POSTAGE,2,2011-09-30 09:22:00,18.0,13813.0,Germany
569018,POST,POSTAGE,1,2011-09-30 09:25:00,40.0,12676.0,Sweden
569027,84997D,CHILDRENS CUTLERY POLKADOT PINK,4,2011-09-30 10:19:00,4.15,13089.0,United Kingdom
569033,POST,POSTAGE,1,2011-09-30 10:40:00,6.0,15611.0,United Kingdom
569089,85032D,YULETIDE IMAGES GIFT WRAP SET,5,2011-09-30 12:03:00,0.65,13764.0,United Kingdom
569089,M,Manual,3,2011-09-30 12:03:00,1.0,13764.0,United Kingdom
569100,84997D,CHILDRENS CUTLERY POLKADOT PINK,1,2011-09-30 12:19:00,4.15,12748.0,United Kingdom
569105,82613D,METAL SIGN CUPCAKE SINGLE HOOK,3,2011-09-30 12:35:00,1.25,16729.0,United Kingdom
569120,POST,POSTAGE,2,2011-09-30 12:58:00,18.0,12583.0,France
569122,POST,POSTAGE,3,2011-09-30 13:06:00,18.0,12694.0,France
569133,35598D,PINK/WHITE CHRISTMAS TREE 60CM,24,2011-09-30 14:06:00,0.65,15185.0,United Kingdom
569133,35471D,SET OF 3 BIRD LIGHT PINK FEATHER ,24,2011-09-30 14:06:00,0.39,15185.0,United Kingdom
569134,46000M,POLYESTER FILLER PAD 45x45cm,12,2011-09-30 14:07:00,1.55,15411.0,United Kingdom
569136,79302M,"ART LIGHTS,FUNK MONKEY",1,2011-09-30 14:41:00,2.95,15834.0,United Kingdom
569210,84849D,HOT BATHS SOAP HOLDER,3,2011-10-02 11:41:00,1.69,13681.0,United Kingdom
569216,35471D,SET OF 3 BIRD LIGHT PINK FEATHER ,12,2011-10-02 12:41:00,0.39,15555.0,United Kingdom
569216,35598D,PINK/WHITE CHRISTMAS TREE 60CM,4,2011-10-02 12:41:00,0.65,15555.0,United Kingdom
569217,79191D,RETRO PLASTIC DAISY TRAY,1,2011-10-02 12:45:00,0.85,15579.0,United Kingdom
569219,85032D,YULETIDE IMAGES GIFT WRAP SET,2,2011-10-02 13:01:00,0.65,13558.0,United Kingdom
569220,72800D,4 BLUE DINNER CANDLES SILVER FLOCK,1,2011-10-02 13:26:00,2.55,16007.0,United Kingdom
569220,85032D,YULETIDE IMAGES GIFT WRAP SET,4,2011-10-02 13:26:00,0.65,16007.0,United Kingdom
569223,35471D,SET OF 3 BIRD LIGHT PINK FEATHER ,3,2011-10-02 13:49:00,0.39,16283.0,United Kingdom
569229,85130D,BEADED CRYSTAL HEART PINK LARGE,3,2011-10-02 14:56:00,0.79,14502.0,United Kingdom
569230,46000M,POLYESTER FILLER PAD 45x45cm,4,2011-10-02 15:07:00,1.55,16533.0,United Kingdom
569234,79302M,"ART LIGHTS,FUNK MONKEY",1,2011-10-02 15:33:00,2.95,17841.0,United Kingdom
569234,46000M,POLYESTER FILLER PAD 45x45cm,4,2011-10-02 15:33:00,1.55,17841.0,United Kingdom
569236,17012D,ORIGAMI ROSE INCENSE/CANDLE SET ,6,2011-10-02 15:49:00,0.85,14432.0,United Kingdom
569246,47591D,PINK FAIRY CAKE CHILDRENS APRON,1,2011-10-03 09:57:00,4.13,14096.0,United Kingdom
569246,85129D,BEADED CRYSTAL HEART PINK SMALL,1,2011-10-03 09:57:00,2.46,14096.0,United Kingdom
569246,DOT,DOTCOM POSTAGE,1,2011-10-03 09:57:00,490.25,14096.0,United Kingdom
569254,47591D,PINK FAIRY CAKE CHILDRENS APRON,1,2011-10-03 11:00:00,1.95,18116.0,United Kingdom
569262,47591D,PINK FAIRY CAKE CHILDRENS APRON,8,2011-10-03 11:36:00,1.95,14815.0,United Kingdom
569331,84997D,CHILDRENS CUTLERY POLKADOT PINK,4,2011-10-03 13:39:00,4.15,16875.0,United Kingdom
569332,POST,POSTAGE,2,2011-10-03 13:46:00,18.0,12637.0,France
569360,M,Manual,1,2011-10-03 14:59:00,9.95,14653.0,United Kingdom
569364,M,Manual,12,2011-10-03 15:10:00,1.0,13167.0,United Kingdom
569382,M,Manual,1,2011-10-03 16:44:00,3155.95,15502.0,United Kingdom
569389,M,Manual,1,2011-10-03 16:51:00,152.78,15502.0,United Kingdom
569389,M,Manual,1,2011-10-03 16:51:00,32.22,15502.0,United Kingdom
569389,M,Manual,1,2011-10-03 16:51:00,120.0,15502.0,United Kingdom
569402,POST,POSTAGE,1,2011-10-04 09:00:00,18.0,12413.0,France
569408,85032D,YULETIDE IMAGES GIFT WRAP SET,36,2011-10-04 09:26:00,0.65,13881.0,United Kingdom
569424,15044D,RED PAPER PARASOL,1,2011-10-04 10:49:00,2.95,15529.0,United Kingdom
569457,85170D,SET/6 PINK BIRD T-LIGHT CANDLES,1,2011-10-04 11:29:00,2.1,14606.0,United Kingdom
569496,POST,POSTAGE,2,2011-10-04 13:45:00,15.0,12395.0,Belgium
569521,47591D,PINK FAIRY CAKE CHILDRENS APRON,3,2011-10-04 14:33:00,1.95,16474.0,United Kingdom
569522,84997D,CHILDRENS CUTLERY POLKADOT PINK,72,2011-10-04 14:41:00,3.75,12664.0,Finland
569522,POST,POSTAGE,1,2011-10-04 14:41:00,40.0,12664.0,Finland
569530,M,Manual,12,2011-10-04 14:58:00,0.08,17957.0,United Kingdom
569533,M,Manual,1,2011-10-04 15:21:00,7.95,16374.0,United Kingdom
569562,POST,POSTAGE,3,2011-10-05 09:43:00,18.0,12720.0,Germany
569563,POST,POSTAGE,8,2011-10-05 09:46:00,18.0,12481.0,Germany
569568,84997D,CHILDRENS CUTLERY POLKADOT PINK,4,2011-10-05 09:57:00,4.15,12700.0,France
569568,47591D,PINK FAIRY CAKE CHILDRENS APRON,8,2011-10-05 09:57:00,1.95,12700.0,France
569568,POST,POSTAGE,5,2011-10-05 09:57:00,18.0,12700.0,France
569632,90129D,AMBER GLASS TASSLE BAG CHARM,6,2011-10-05 11:57:00,2.95,13808.0,United Kingdom
569632,46000M,POLYESTER FILLER PAD 45x45cm,12,2011-10-05 11:57:00,1.55,13808.0,United Kingdom
569639,POST,POSTAGE,1,2011-10-05 12:24:00,240.0,12471.0,Germany
569653,47310M,SMALL POP BOX FUNKY MONKEY,12,2011-10-05 12:52:00,1.25,12451.0,Switzerland
569653,84997D,CHILDRENS CUTLERY POLKADOT PINK,8,2011-10-05 12:52:00,4.15,12451.0,Switzerland
569665,46775D,SUNSET COLOUR CHUNKY KNITTED THROW,1,2011-10-05 13:34:00,16.95,12789.0,Netherlands
569665,POST,POSTAGE,1,2011-10-05 13:34:00,15.0,12789.0,Netherlands
569671,47591D,PINK FAIRY CAKE CHILDRENS APRON,8,2011-10-05 13:54:00,1.95,16020.0,United Kingdom
569686,POST,POSTAGE,2,2011-10-05 14:50:00,18.0,12719.0,France
569693,90201D,GREEN ENAMEL FLOWER RING,1,2011-10-05 15:18:00,2.95,17837.0,United Kingdom
569693,90200D,PINK SWEETHEART BRACELET,1,2011-10-05 15:18:00,4.25,17837.0,United Kingdom
569693,46000M,POLYESTER FILLER PAD 45x45cm,10,2011-10-05 15:18:00,1.55,17837.0,United Kingdom
569714,47310M,SMALL POP BOX FUNKY MONKEY,5,2011-10-05 17:28:00,1.25,18033.0,United Kingdom
569719,POST,POSTAGE,8,2011-10-06 09:10:00,15.0,14646.0,Netherlands
569721,POST,POSTAGE,1,2011-10-06 09:28:00,18.0,12628.0,Germany
569727,POST,POSTAGE,2,2011-10-06 09:37:00,18.0,12500.0,Germany
569735,POST,POSTAGE,2,2011-10-06 10:34:00,15.0,14646.0,Netherlands
569767,84997D,CHILDRENS CUTLERY POLKADOT PINK,4,2011-10-06 11:24:00,4.15,14849.0,United Kingdom
569767,47591D,PINK FAIRY CAKE CHILDRENS APRON,8,2011-10-06 11:24:00,1.95,14849.0,United Kingdom
569789,35471D,SET OF 3 BIRD LIGHT PINK FEATHER ,2,2011-10-06 11:41:00,0.39,16924.0,United Kingdom
569790,85130D,BEADED CRYSTAL HEART PINK LARGE,4,2011-10-06 11:42:00,0.79,15910.0,United Kingdom
569815,47591D,PINK FAIRY CAKE CHILDRENS APRON,60,2011-10-06 11:53:00,1.65,15838.0,United Kingdom
569832,35471D,SET OF 3 BIRD LIGHT PINK FEATHER ,24,2011-10-06 12:51:00,0.39,15315.0,United Kingdom
569843,85032D,YULETIDE IMAGES GIFT WRAP SET,1,2011-10-06 13:29:00,0.65,14449.0,United Kingdom
569843,85032D,YULETIDE IMAGES GIFT WRAP SET,5,2011-10-06 13:29:00,0.65,14449.0,United Kingdom
569843,85071D,CHARLIE+LOLA MY ROOM DOOR SIGN,2,2011-10-06 13:29:00,0.39,14449.0,United Kingdom
569844,POST,POSTAGE,7,2011-10-06 13:30:00,18.0,12626.0,Germany
569858,84997D,CHILDRENS CUTLERY POLKADOT PINK,72,2011-10-06 14:33:00,3.75,12939.0,United Kingdom
569861,POST,POSTAGE,3,2011-10-06 14:37:00,18.0,13816.0,Germany
569860,POST,POSTAGE,1,2011-10-06 14:37:00,18.0,13812.0,Germany
569866,M,Manual,2,2011-10-06 14:50:00,1.25,12757.0,Portugal
569867,POST,POSTAGE,2,2011-10-06 14:54:00,18.0,12569.0,Germany
569893,84997D,CHILDRENS CUTLERY POLKADOT PINK,4,2011-10-06 15:51:00,4.15,12627.0,Germany
569893,POST,POSTAGE,6,2011-10-06 15:51:00,18.0,12627.0,Germany
569897,84849D,HOT BATHS SOAP HOLDER,2,2011-10-06 16:01:00,1.69,17813.0,United Kingdom
569901,M,Manual,1,2011-10-06 16:20:00,1.25,12923.0,United Kingdom
569904,POST,POSTAGE,3,2011-10-06 16:27:00,15.0,13023.0,United Kingdom
569907,POST,POSTAGE,1,2011-10-06 16:41:00,18.0,12569.0,Germany
569932,35471D,SET OF 3 BIRD LIGHT PINK FEATHER ,24,2011-10-06 17:51:00,0.39,18221.0,United Kingdom
569943,85232D,SET/3 DECOUPAGE STACKING TINS,1,2011-10-06 18:08:00,4.95,14592.0,United Kingdom
569983,90162D,ANT SILVER PURPLE BOUDICCA RING,3,2011-10-06 19:49:00,2.95,17231.0,United Kingdom
569983,46000M,POLYESTER FILLER PAD 45x45cm,12,2011-10-06 19:49:00,1.55,17231.0,United Kingdom
569997,POST,POSTAGE,9,2011-10-07 08:08:00,18.0,12394.0,Denmark
569998,POST,POSTAGE,2,2011-10-07 08:12:00,28.0,12540.0,Spain
570000,85232D,SET/3 DECOUPAGE STACKING TINS,3,2011-10-07 08:55:00,4.95,12420.0,Cyprus
570007,POST,POSTAGE,3,2011-10-07 09:26:00,18.0,12519.0,Germany
570020,POST,POSTAGE,1,2011-10-07 10:18:00,18.0,12684.0,France
570021,46000M,POLYESTER FILLER PAD 45x45cm,2,2011-10-07 10:20:00,1.55,17841.0,United Kingdom
570026,POST,POSTAGE,1,2011-10-07 10:37:00,40.0,12781.0,Czech Republic
570049,84997D,CHILDRENS CUTLERY POLKADOT PINK,6,2011-10-07 10:55:00,4.15,17228.0,United Kingdom
570082,POST,POSTAGE,7,2011-10-07 11:19:00,18.0,12524.0,Germany
570095,POST,POSTAGE,2,2011-10-07 11:57:00,18.0,12528.0,Germany
570103,47591D,PINK FAIRY CAKE CHILDRENS APRON,1,2011-10-07 12:18:00,1.95,15719.0,United Kingdom
570108,47591D,PINK FAIRY CAKE CHILDRENS APRON,8,2011-10-07 12:25:00,1.95,13004.0,United Kingdom
570115,47591D,PINK FAIRY CAKE CHILDRENS APRON,50,2011-10-07 12:37:00,1.65,13798.0,United Kingdom
570116,47591D,PINK FAIRY CAKE CHILDRENS APRON,2,2011-10-07 12:38:00,1.95,12856.0,United Kingdom
570126,47591D,PINK FAIRY CAKE CHILDRENS APRON,1,2011-10-07 13:16:00,1.95,16910.0,United Kingdom
570127,84997D,CHILDRENS CUTLERY POLKADOT PINK,6,2011-10-07 13:17:00,4.15,16900.0,United Kingdom
570189,POST,POSTAGE,1,2011-10-07 15:15:00,18.0,12492.0,Germany
570190,84997D,CHILDRENS CUTLERY POLKADOT PINK,4,2011-10-07 15:18:00,4.15,13456.0,United Kingdom
570191,POST,POSTAGE,1,2011-10-07 15:23:00,15.0,12778.0,Netherlands
570197,35471D,SET OF 3 BIRD LIGHT PINK FEATHER ,5,2011-10-07 15:45:00,0.39,13755.0,United Kingdom
570197,82613D,METAL SIGN CUPCAKE SINGLE HOOK,1,2011-10-07 15:45:00,1.25,13755.0,United Kingdom
570228,46000M,POLYESTER FILLER PAD 45x45cm,7,2011-10-09 13:28:00,1.55,15821.0,United Kingdom
570231,37489D,PINK/GREEN FLOWER DESIGN BIG MUG,1,2011-10-09 13:44:00,0.39,16685.0,United Kingdom
570231,37489D,PINK/GREEN FLOWER DESIGN BIG MUG,2,2011-10-09 13:44:00,0.39,16685.0,United Kingdom
570234,46000M,POLYESTER FILLER PAD 45x45cm,4,2011-10-09 14:22:00,1.55,17790.0,United Kingdom
570240,46000M,POLYESTER FILLER PAD 45x45cm,3,2011-10-09 15:17:00,1.55,13212.0,United Kingdom
570241,35471D,SET OF 3 BIRD LIGHT PINK FEATHER ,3,2011-10-09 15:24:00,0.39,14801.0,United Kingdom
570241,90177D,DROP DIAMANTE EARRINGS PURPLE,1,2011-10-09 15:24:00,2.95,14801.0,United Kingdom
570241,90001D,ANTIQUE OLIVE GREEN FLOWER EARRINGS,1,2011-10-09 15:24:00,4.25,14801.0,United Kingdom
570241,90176D,DIAMANTE NECKLACE PURPLE,1,2011-10-09 15:24:00,7.5,14801.0,United Kingdom
570241,90199D,5 STRAND GLASS NECKLACE AMBER,1,2011-10-09 15:24:00,6.35,14801.0,United Kingdom
570246,35471D,SET OF 3 BIRD LIGHT PINK FEATHER ,12,2011-10-09 16:22:00,0.39,16921.0,United Kingdom
570246,84997D,CHILDRENS CUTLERY POLKADOT PINK,1,2011-10-09 16:22:00,4.15,16921.0,United Kingdom
570267,POST,POSTAGE,1,2011-10-10 10:13:00,18.0,12682.0,France
570333,M,Manual,6,2011-10-10 12:19:00,0.39,18126.0,United Kingdom
570409,POST,POSTAGE,2,2011-10-10 13:03:00,18.0,12682.0,France
570410,79063D,"RETRO PILL BOX , REVOLUTIONARY",1,2011-10-10 13:04:00,0.19,16776.0,United Kingdom
570412,90161D,ANT COPPER PINK BOUDICCA BRACELET,8,2011-10-10 13:12:00,4.95,16385.0,United Kingdom
570420,84849D,HOT BATHS SOAP HOLDER,3,2011-10-10 13:33:00,1.69,17841.0,United Kingdom
570446,POST,POSTAGE,2,2011-10-10 14:49:00,15.0,12431.0,Belgium
570448,M,Manual,3,2011-10-10 14:55:00,1.0,13224.0,United Kingdom
570452,POST,POSTAGE,2,2011-10-10 15:15:00,18.0,12427.0,Germany
570479,47591D,PINK FAIRY CAKE CHILDRENS APRON,4,2011-10-10 16:58:00,1.95,17589.0,United Kingdom
570479,M,Manual,1,2011-10-10 16:58:00,1.25,17589.0,United Kingdom
570479,84997D,CHILDRENS CUTLERY POLKADOT PINK,5,2011-10-10 16:58:00,4.15,17589.0,United Kingdom
570488,35598D,PINK/WHITE CHRISTMAS TREE 60CM,2,2011-10-10 17:12:00,2.46,14096.0,United Kingdom
570488,35599D,PINK AND WHITE CHRISTMAS TREE 120CM,2,2011-10-10 17:12:00,5.79,14096.0,United Kingdom
570488,47310M,SMALL POP BOX FUNKY MONKEY,2,2011-10-10 17:12:00,1.63,14096.0,United Kingdom
570488,47310M,SMALL POP BOX FUNKY MONKEY,1,2011-10-10 17:12:00,3.29,14096.0,United Kingdom
570488,84997D,CHILDRENS CUTLERY POLKADOT PINK,1,2011-10-10 17:12:00,8.29,14096.0,United Kingdom
570488,85131D,BEADED CRYSTAL HEART PINK ON STICK,3,2011-10-10 17:12:00,0.83,14096.0,United Kingdom
570488,85170D,SET/6 PINK BIRD T-LIGHT CANDLES,1,2011-10-10 17:12:00,4.13,14096.0,United Kingdom
570488,DOT,DOTCOM POSTAGE,1,2011-10-10 17:12:00,635.01,14096.0,United Kingdom
570499,84997D,CHILDRENS CUTLERY POLKADOT PINK,4,2011-10-11 09:19:00,4.15,12772.0,Portugal
570499,POST,POSTAGE,5,2011-10-11 09:19:00,28.0,12772.0,Portugal
570521,17012D,ORIGAMI ROSE INCENSE/CANDLE SET ,24,2011-10-11 10:43:00,0.85,12371.0,Switzerland
570593,90000D,COPPER/OLIVE GREEN FLOWER NECKLACE,2,2011-10-11 11:38:00,5.95,18180.0,United Kingdom
570598,84997D,CHILDRENS CUTLERY POLKADOT PINK,4,2011-10-11 11:55:00,4.15,14175.0,United Kingdom
570637,POST,POSTAGE,2,2011-10-11 12:34:00,18.0,12530.0,Germany
570640,POST,POSTAGE,2,2011-10-11 12:38:00,18.0,12474.0,Germany
570659,90200D,PINK SWEETHEART BRACELET,24,2011-10-11 14:17:00,3.75,16120.0,United Kingdom
570660,15044D,RED PAPER PARASOL,72,2011-10-11 14:18:00,2.55,14866.0,United Kingdom
570666,POST,POSTAGE,1,2011-10-11 14:24:00,18.0,13919.0,Denmark
570667,POST,POSTAGE,2,2011-10-11 14:33:00,15.0,12362.0,Belgium
570672,85170D,SET/6 PINK BIRD T-LIGHT CANDLES,6,2011-10-11 14:52:00,2.1,12536.0,France
570673,84997D,CHILDRENS CUTLERY POLKADOT PINK,4,2011-10-11 14:54:00,4.15,15351.0,United Kingdom
570681,POST,POSTAGE,1,2011-10-11 15:45:00,6.0,12381.0,Norway
570685,72800D,4 BLUE DINNER CANDLES SILVER FLOCK,1,2011-10-11 16:25:00,2.55,13208.0,United Kingdom
570685,72801D,4 SKY BLUE DINNER CANDLES,2,2011-10-11 16:25:00,1.25,13208.0,United Kingdom
570685,M,Manual,18,2011-10-11 16:25:00,1.0,13208.0,United Kingdom
570693,47591D,PINK FAIRY CAKE CHILDRENS APRON,1,2011-10-11 16:50:00,1.95,16161.0,United Kingdom
570703,47591D,PINK FAIRY CAKE CHILDRENS APRON,8,2011-10-12 09:50:00,1.95,14911.0,EIRE
570705,M,Manual,18,2011-10-12 09:54:00,0.36,13208.0,United Kingdom
570714,POST,POSTAGE,2,2011-10-12 10:20:00,40.0,13520.0,Switzerland
570718,POST,POSTAGE,2,2011-10-12 10:36:00,18.0,12518.0,Germany
570725,POST,POSTAGE,1,2011-10-12 11:30:00,4.5,12381.0,Norway
570754,POST,POSTAGE,1,2011-10-12 11:40:00,18.0,12633.0,Germany
570769,POST,POSTAGE,2,2011-10-12 11:43:00,18.0,12664.0,Finland
570784,POST,POSTAGE,1,2011-10-12 11:49:00,18.0,12569.0,Germany
570791,35471D,SET OF 3 BIRD LIGHT PINK FEATHER ,2,2011-10-12 11:58:00,0.39,17346.0,United Kingdom
570793,POST,POSTAGE,8,2011-10-12 12:08:00,40.0,12444.0,Norway
570798,POST,POSTAGE,2,2011-10-12 12:30:00,18.0,12679.0,France
570818,46000M,POLYESTER FILLER PAD 45x45cm,2,2011-10-12 12:47:00,1.55,17841.0,United Kingdom
570818,85071D,CHARLIE+LOLA MY ROOM DOOR SIGN,1,2011-10-12 12:47:00,0.39,17841.0,United Kingdom
570823,POST,POSTAGE,1,2011-10-12 12:54:00,18.0,12691.0,France
570833,46000M,POLYESTER FILLER PAD 45x45cm,8,2011-10-12 13:30:00,1.55,14834.0,United Kingdom
570840,46000M,POLYESTER FILLER PAD 45x45cm,2,2011-10-12 14:10:00,1.55,13468.0,United Kingdom
570841,POST,POSTAGE,2,2011-10-12 14:18:00,18.0,12553.0,France
570842,47591D,PINK FAIRY CAKE CHILDRENS APRON,8,2011-10-12 14:21:00,1.95,17676.0,United Kingdom
570851,POST,POSTAGE,1,2011-10-12 14:46:00,18.0,12583.0,France
570862,46000M,POLYESTER FILLER PAD 45x45cm,12,2011-10-12 15:35:00,1.55,17528.0,United Kingdom
570875,POST,POSTAGE,4,2011-10-12 17:00:00,40.0,12667.0,Finland
570876,46000M,POLYESTER FILLER PAD 45x45cm,1,2011-10-12 17:19:00,1.55,16085.0,United Kingdom
570879,POST,POSTAGE,2,2011-10-13 08:42:00,18.0,12685.0,France
570881,POST,POSTAGE,2,2011-10-13 09:30:00,18.0,12498.0,Germany
570887,46000M,POLYESTER FILLER PAD 45x45cm,12,2011-10-13 10:25:00,1.55,17169.0,United Kingdom
570983,47591D,PINK FAIRY CAKE CHILDRENS APRON,8,2011-10-13 11:57:00,1.95,14963.0,United Kingdom
571028,47591D,PINK FAIRY CAKE CHILDRENS APRON,1,2011-10-13 12:21:00,1.95,16770.0,United Kingdom
571030,POST,POSTAGE,7,2011-10-13 12:26:00,15.0,12876.0,Belgium
571031,85130D,BEADED CRYSTAL HEART PINK LARGE,7,2011-10-13 12:30:00,0.79,15005.0,United Kingdom
571031,35471D,SET OF 3 BIRD LIGHT PINK FEATHER ,1,2011-10-13 12:30:00,0.39,15005.0,United Kingdom
571031,35471D,SET OF 3 BIRD LIGHT PINK FEATHER ,3,2011-10-13 12:30:00,0.39,15005.0,United Kingdom
571035,47591D,PINK FAIRY CAKE CHILDRENS APRON,8,2011-10-13 12:50:00,1.95,12446.0,RSA
571035,M,Manual,1,2011-10-13 12:50:00,0.0,12446.0,RSA
571038,84984D,ORIENTAL RED CUSHION COVER ,2,2011-10-13 12:58:00,4.65,15511.0,United Kingdom
571046,47591D,PINK FAIRY CAKE CHILDRENS APRON,1,2011-10-13 13:35:00,1.95,18096.0,United Kingdom
571053,84997D,CHILDRENS CUTLERY POLKADOT PINK,4,2011-10-13 13:53:00,4.15,12631.0,Finland
571053,POST,POSTAGE,4,2011-10-13 13:53:00,40.0,12631.0,Finland
571054,85130D,BEADED CRYSTAL HEART PINK LARGE,2,2011-10-13 13:58:00,0.79,14234.0,United Kingdom
571054,35471D,SET OF 3 BIRD LIGHT PINK FEATHER ,1,2011-10-13 13:58:00,0.39,14234.0,United Kingdom
571054,35471D,SET OF 3 BIRD LIGHT PINK FEATHER ,2,2011-10-13 13:58:00,0.39,14234.0,United Kingdom
571054,17012D,ORIGAMI ROSE INCENSE/CANDLE SET ,1,2011-10-13 13:58:00,0.85,14234.0,United Kingdom
571065,POST,POSTAGE,7,2011-10-13 14:59:00,18.0,12613.0,Germany
571080,46000M,POLYESTER FILLER PAD 45x45cm,12,2011-10-13 15:19:00,1.55,13719.0,United Kingdom
571081,46000M,POLYESTER FILLER PAD 45x45cm,4,2011-10-13 15:23:00,1.55,16775.0,United Kingdom
571106,M,Manual,1,2011-10-13 16:14:00,1.0,14976.0,United Kingdom
571111,POST,POSTAGE,1,2011-10-13 16:37:00,15.0,14976.0,United Kingdom
571158,47310M,SMALL POP BOX FUNKY MONKEY,1,2011-10-14 10:25:00,1.25,14606.0,United Kingdom
571179,M,Manual,1,2011-10-14 10:42:00,40.0,15482.0,United Kingdom
571187,84997D,CHILDRENS CUTLERY POLKADOT PINK,4,2011-10-14 11:39:00,4.15,12380.0,Belgium
571187,POST,POSTAGE,3,2011-10-14 11:39:00,18.0,12380.0,Belgium
571188,POST,POSTAGE,4,2011-10-14 11:42:00,28.0,12783.0,Portugal
571190,M,Manual,4,2011-10-14 11:43:00,0.12,17771.0,United Kingdom
571191,POST,POSTAGE,1,2011-10-14 11:44:00,15.0,17404.0,Sweden
571192,47591D,PINK FAIRY CAKE CHILDRENS APRON,8,2011-10-14 11:55:00,1.95,13050.0,United Kingdom
571212,47591D,PINK FAIRY CAKE CHILDRENS APRON,2,2011-10-14 12:53:00,1.95,12856.0,United Kingdom
571214,84997D,CHILDRENS CUTLERY POLKADOT PINK,2,2011-10-14 12:56:00,4.15,14390.0,United Kingdom
571215,POST,POSTAGE,3,2011-10-14 12:57:00,18.0,13810.0,Germany
571216,47591D,PINK FAIRY CAKE CHILDRENS APRON,2,2011-10-14 13:06:00,1.95,16081.0,United Kingdom
571223,M,Manual,1,2011-10-14 13:36:00,599.5,13810.0,Germany
571239,84997D,CHILDRENS CUTLERY POLKADOT PINK,4,2011-10-14 14:54:00,4.15,12744.0,Singapore
571240,POST,POSTAGE,2,2011-10-14 14:55:00,18.0,12562.0,France
571241,84926D,LA PALMIERA TILE COASTER,2,2011-10-14 14:58:00,0.29,14592.0,United Kingdom
571243,84997D,CHILDRENS CUTLERY POLKADOT PINK,4,2011-10-14 15:26:00,4.15,14595.0,United Kingdom
571281,79302M,"ART LIGHTS,FUNK MONKEY",22,2011-10-16 13:23:00,2.55,14088.0,United Kingdom
571283,46000M,POLYESTER FILLER PAD 45x45cm,4,2011-10-16 13:51:00,1.55,16533.0,United Kingdom
571283,84849D,HOT BATHS SOAP HOLDER,2,2011-10-16 13:51:00,1.69,16533.0,United Kingdom
571289,M,Manual,1,2011-10-16 15:27:00,0.39,15113.0,United Kingdom
571292,79302M,"ART LIGHTS,FUNK MONKEY",2,2011-10-16 15:45:00,2.95,15311.0,United Kingdom
571304,POST,POSTAGE,4,2011-10-17 09:37:00,18.0,12526.0,Germany
571308,POST,POSTAGE,3,2011-10-17 10:10:00,18.0,12475.0,Germany
571312,POST,POSTAGE,4,2011-10-17 10:42:00,18.0,12474.0,Germany
571324,M,Manual,1,2011-10-17 11:08:00,283.02,12783.0,Portugal
571326,M,Manual,1,2011-10-17 11:11:00,339.02,12783.0,Portugal
571328,84926D,LA PALMIERA TILE COASTER,24,2011-10-17 11:27:00,0.29,12473.0,Germany
571328,POST,POSTAGE,7,2011-10-17 11:27:00,18.0,12473.0,Germany
571372,47310M,SMALL POP BOX FUNKY MONKEY,2,2011-10-17 11:55:00,1.25,17201.0,United Kingdom
571410,46000M,POLYESTER FILLER PAD 45x45cm,4,2011-10-17 12:32:00,1.55,17527.0,United Kingdom
571441,85131D,BEADED CRYSTAL HEART PINK ON STICK,1,2011-10-17 13:31:00,0.83,14096.0,United Kingdom
571441,DOT,DOTCOM POSTAGE,1,2011-10-17 13:31:00,743.62,14096.0,United Kingdom
571445,POST,POSTAGE,2,2011-10-17 13:44:00,18.0,12463.0,Belgium
571457,17107D,FLOWER FAIRY 5 DRAWER LINERS,6,2011-10-17 14:01:00,2.55,12963.0,United Kingdom
571465,M,Manual,1,2011-10-17 14:29:00,0.85,14830.0,United Kingdom
571475,35471D,SET OF 3 BIRD LIGHT PINK FEATHER ,1,2011-10-17 14:42:00,0.39,15033.0,United Kingdom
571475,35471D,SET OF 3 BIRD LIGHT PINK FEATHER ,2,2011-10-17 14:42:00,0.39,15033.0,United Kingdom
571476,47591D,PINK FAIRY CAKE CHILDRENS APRON,5,2011-10-17 14:51:00,1.95,13546.0,United Kingdom
571556,POST,POSTAGE,2,2011-10-18 09:24:00,18.0,12662.0,Germany
571559,84997D,CHILDRENS CUTLERY POLKADOT PINK,4,2011-10-18 09:32:00,4.15,14911.0,EIRE
571641,35598D,PINK/WHITE CHRISTMAS TREE 60CM,24,2011-10-18 12:07:00,0.65,17135.0,United Kingdom
571653,85071D,CHARLIE+LOLA MY ROOM DOOR SIGN,24,2011-10-18 12:17:00,0.39,14298.0,United Kingdom
571653,79302M,"ART LIGHTS,FUNK MONKEY",12,2011-10-18 12:17:00,2.55,14298.0,United Kingdom
571655,47310M,SMALL POP BOX FUNKY MONKEY,5,2011-10-18 12:18:00,1.25,14688.0,United Kingdom
571658,POST,POSTAGE,3,2011-10-18 12:48:00,18.0,12621.0,Germany
571665,POST,POSTAGE,3,2011-10-18 12:59:00,28.0,12540.0,Spain
571671,47591D,PINK FAIRY CAKE CHILDRENS APRON,6,2011-10-18 13:15:00,1.95,16940.0,United Kingdom
571681,17012D,ORIGAMI ROSE INCENSE/CANDLE SET ,24,2011-10-18 13:44:00,0.85,16734.0,United Kingdom
571682,84849D,HOT BATHS SOAP HOLDER,3,2011-10-18 14:00:00,1.69,14179.0,United Kingdom
571697,POST,POSTAGE,3,2011-10-18 14:49:00,15.0,12759.0,Netherlands
571705,POST,POSTAGE,3,2011-10-18 15:22:00,40.0,12360.0,Austria
571724,POST,POSTAGE,3,2011-10-19 08:20:00,18.0,12572.0,Germany
571725,35598D,PINK/WHITE CHRISTMAS TREE 60CM,24,2011-10-19 08:32:00,0.65,13491.0,United Kingdom
571729,POST,POSTAGE,1,2011-10-19 09:43:00,18.0,12500.0,Germany
571747,84968D,SET OF 16 VINTAGE RED CUTLERY,1,2011-10-19 10:59:00,12.75,13849.0,United Kingdom
571751,M,Manual,1,2011-10-19 11:18:00,3949.32,12744.0,Singapore
571751,M,Manual,1,2011-10-19 11:18:00,2118.74,12744.0,Singapore
571824,POST,POSTAGE,6,2011-10-19 11:49:00,18.0,12472.0,Germany
571840,84997D,CHILDRENS CUTLERY POLKADOT PINK,4,2011-10-19 12:16:00,4.15,13590.0,United Kingdom
571841,47591D,PINK FAIRY CAKE CHILDRENS APRON,6,2011-10-19 12:21:00,1.95,17625.0,United Kingdom
571851,POST,POSTAGE,4,2011-10-19 13:02:00,28.0,12596.0,Spain
571883,M,Manual,6,2011-10-19 13:58:00,0.39,14704.0,United Kingdom
571898,47591D,PINK FAIRY CAKE CHILDRENS APRON,8,2011-10-19 14:20:00,1.95,13247.0,United Kingdom
571900,BANK CHARGES,Bank Charges,1,2011-10-19 14:26:00,15.0,13263.0,United Kingdom
571904,POST,POSTAGE,1,2011-10-19 14:41:00,18.0,12522.0,Germany
571905,79302M,"ART LIGHTS,FUNK MONKEY",6,2011-10-19 14:51:00,2.95,12370.0,Cyprus
571909,90129D,AMBER GLASS TASSLE BAG CHARM,2,2011-10-19 15:08:00,2.95,15006.0,United Kingdom
571909,90200D,PINK SWEETHEART BRACELET,2,2011-10-19 15:08:00,4.25,15006.0,United Kingdom
571909,17012D,ORIGAMI ROSE INCENSE/CANDLE SET ,1,2011-10-19 15:08:00,0.85,15006.0,United Kingdom
571909,M,Manual,1,2011-10-19 15:08:00,4.95,15006.0,United Kingdom
571923,POST,POSTAGE,2,2011-10-19 16:24:00,18.0,12685.0,France
571937,35471D,SET OF 3 BIRD LIGHT PINK FEATHER ,24,2011-10-20 09:28:00,0.39,14911.0,EIRE
571937,46000M,POLYESTER FILLER PAD 45x45cm,12,2011-10-20 09:28:00,1.55,14911.0,EIRE
571965,84997D,CHILDRENS CUTLERY POLKADOT PINK,2,2011-10-20 10:41:00,4.15,17238.0,United Kingdom
571965,84997D,CHILDRENS CUTLERY POLKADOT PINK,1,2011-10-20 10:41:00,4.15,17238.0,United Kingdom
572025,35599D,PINK AND WHITE CHRISTMAS TREE 120CM,6,2011-10-20 11:30:00,1.95,17651.0,United Kingdom
572033,84997D,CHILDRENS CUTLERY POLKADOT PINK,4,2011-10-20 11:58:00,4.15,14447.0,United Kingdom
572035,84997D,CHILDRENS CUTLERY POLKADOT PINK,72,2011-10-20 12:03:00,3.75,14646.0,Netherlands
572045,35599D,PINK AND WHITE CHRISTMAS TREE 120CM,3,2011-10-20 12:11:00,1.95,14527.0,United Kingdom
572045,47591D,PINK FAIRY CAKE CHILDRENS APRON,1,2011-10-20 12:11:00,1.95,14527.0,United Kingdom
572050,85170D,SET/6 PINK BIRD T-LIGHT CANDLES,2,2011-10-20 12:23:00,2.1,17346.0,United Kingdom
572054,POST,POSTAGE,2,2011-10-20 12:31:00,18.0,12642.0,Germany
572055,84968D,SET OF 16 VINTAGE RED CUTLERY,1,2011-10-20 12:34:00,12.75,17346.0,United Kingdom
572056,POST,POSTAGE,1,2011-10-20 12:40:00,35.0,17402.0,United Kingdom
572058,85130D,BEADED CRYSTAL HEART PINK LARGE,6,2011-10-20 12:43:00,0.79,18252.0,United Kingdom
572060,POST,POSTAGE,1,2011-10-20 12:52:00,18.0,12569.0,Germany
572061,POST,POSTAGE,2,2011-10-20 12:53:00,18.0,12474.0,Germany
572063,90214D,"LETTER ""D"" BLING KEY RING",1,2011-10-20 12:57:00,1.25,14606.0,United Kingdom
572068,84997D,CHILDRENS CUTLERY POLKADOT PINK,4,2011-10-20 13:20:00,4.15,13159.0,United Kingdom
572087,POST,POSTAGE,6,2011-10-20 14:30:00,18.0,12683.0,France
572096,17012D,ORIGAMI ROSE INCENSE/CANDLE SET ,1,2011-10-20 15:20:00,0.85,16813.0,United Kingdom
572103,M,Manual,1,2011-10-20 15:57:00,1.25,17571.0,United Kingdom
572129,17107D,FLOWER FAIRY 5 DRAWER LINERS,6,2011-10-21 09:25:00,2.55,17528.0,United Kingdom
572133,POST,POSTAGE,2,2011-10-21 10:11:00,18.0,12407.0,Belgium
572184,84997D,CHILDRENS CUTLERY POLKADOT PINK,40,2011-10-21 10:51:00,4.15,12403.0,Denmark
572184,POST,POSTAGE,2,2011-10-21 10:51:00,18.0,12403.0,Denmark
572194,79030D,TUMBLER BAROQUE,6,2011-10-21 11:43:00,0.39,17832.0,United Kingdom
572194,37489D,PINK/GREEN FLOWER DESIGN BIG MUG,2,2011-10-21 11:43:00,0.39,17832.0,United Kingdom
572194,85071D,CHARLIE+LOLA MY ROOM DOOR SIGN,2,2011-10-21 11:43:00,0.39,17832.0,United Kingdom
572216,85071D,CHARLIE+LOLA MY ROOM DOOR SIGN,2,2011-10-21 12:56:00,0.39,16015.0,United Kingdom
572216,47591D,PINK FAIRY CAKE CHILDRENS APRON,2,2011-10-21 12:56:00,1.95,16015.0,United Kingdom
572219,35471D,SET OF 3 BIRD LIGHT PINK FEATHER ,4,2011-10-21 13:17:00,0.39,17463.0,United Kingdom
572233,POST,POSTAGE,7,2011-10-21 14:41:00,15.0,14646.0,Netherlands
572241,POST,POSTAGE,1,2011-10-21 15:20:00,18.0,12712.0,Germany
572283,47591D,PINK FAIRY CAKE CHILDRENS APRON,2,2011-10-23 11:42:00,1.95,15000.0,United Kingdom
572293,M,Manual,1,2011-10-23 13:02:00,50.0,12748.0,United Kingdom
572294,47591D,PINK FAIRY CAKE CHILDRENS APRON,6,2011-10-23 13:10:00,1.95,13471.0,United Kingdom
572302,85071D,CHARLIE+LOLA MY ROOM DOOR SIGN,1,2011-10-23 14:47:00,0.39,15427.0,United Kingdom
572302,85071D,CHARLIE+LOLA MY ROOM DOOR SIGN,3,2011-10-23 14:47:00,0.39,15427.0,United Kingdom
572302,84997D,CHILDRENS CUTLERY POLKADOT PINK,2,2011-10-23 14:47:00,4.15,15427.0,United Kingdom
572309,17012D,ORIGAMI ROSE INCENSE/CANDLE SET ,3,2011-10-23 15:29:00,0.85,14432.0,United Kingdom
572309,90142D,MOP PENDANT SHELL NECKLACE,3,2011-10-23 15:29:00,4.95,14432.0,United Kingdom
572311,46000M,POLYESTER FILLER PAD 45x45cm,4,2011-10-23 15:45:00,1.55,14035.0,United Kingdom
572314,15044D,RED PAPER PARASOL,5,2011-10-23 15:59:00,2.95,17111.0,United Kingdom
572316,M,Manual,1,2011-10-23 16:13:00,0.38,17836.0,United Kingdom
572330,82613D,METAL SIGN CUPCAKE SINGLE HOOK,1,2011-10-24 10:17:00,1.25,16426.0,United Kingdom
572344,M,Manual,456,2011-10-24 10:43:00,1.5,14607.0,United Kingdom
572344,M,Manual,48,2011-10-24 10:43:00,1.5,14607.0,United Kingdom
572423,M,Manual,1,2011-10-24 12:02:00,464.9,16742.0,United Kingdom
572442,POST,POSTAGE,2,2011-10-24 12:09:00,28.0,12546.0,Spain
572447,47591D,PINK FAIRY CAKE CHILDRENS APRON,1,2011-10-24 12:25:00,1.95,17811.0,United Kingdom
572484,84997D,CHILDRENS CUTLERY POLKADOT PINK,2,2011-10-24 13:50:00,4.15,17220.0,United Kingdom
572517,17107D,FLOWER FAIRY 5 DRAWER LINERS,3,2011-10-24 14:47:00,2.55,15068.0,United Kingdom
572528,17107D,FLOWER FAIRY 5 DRAWER LINERS,2,2011-10-24 15:43:00,2.55,13176.0,United Kingdom
572528,47591D,PINK FAIRY CAKE CHILDRENS APRON,2,2011-10-24 15:43:00,1.95,13176.0,United Kingdom
572552,84569D,PACK 6 HEART/ICE-CREAM PATCHES,2,2011-10-24 17:07:00,2.46,14096.0,United Kingdom
572552,85131D,BEADED CRYSTAL HEART PINK ON STICK,11,2011-10-24 17:07:00,0.83,14096.0,United Kingdom
572552,85170D,SET/6 PINK BIRD T-LIGHT CANDLES,1,2011-10-24 17:07:00,4.13,14096.0,United Kingdom
572552,DOT,DOTCOM POSTAGE,1,2011-10-24 17:07:00,638.3,14096.0,United Kingdom
572560,POST,POSTAGE,8,2011-10-25 08:45:00,18.0,12476.0,Germany
572567,84997D,CHILDRENS CUTLERY POLKADOT PINK,4,2011-10-25 10:27:00,4.15,12398.0,Switzerland
572567,POST,POSTAGE,5,2011-10-25 10:27:00,40.0,12398.0,Switzerland
572653,84997D,CHILDRENS CUTLERY POLKADOT PINK,2,2011-10-25 12:12:00,4.15,15861.0,United Kingdom
572653,47591D,PINK FAIRY CAKE CHILDRENS APRON,5,2011-10-25 12:12:00,1.95,15861.0,United Kingdom
572656,M,Manual,288,2011-10-25 12:22:00,1.5,14607.0,United Kingdom
572660,84997D,CHILDRENS CUTLERY POLKADOT PINK,1,2011-10-25 12:30:00,4.15,14527.0,United Kingdom
572668,85169D,PINK LOVE BIRD CANDLE,1,2011-10-25 13:07:00,1.25,18045.0,United Kingdom
572669,85071D,CHARLIE+LOLA MY ROOM DOOR SIGN,8,2011-10-25 13:10:00,0.39,16549.0,United Kingdom
572669,47591D,PINK FAIRY CAKE CHILDRENS APRON,2,2011-10-25 13:10:00,1.95,16549.0,United Kingdom
572681,47591D,PINK FAIRY CAKE CHILDRENS APRON,8,2011-10-25 13:51:00,1.95,13510.0,United Kingdom
572682,M,Manual,72,2011-10-25 13:52:00,0.39,17928.0,United Kingdom
572688,85071D,CHARLIE+LOLA MY ROOM DOOR SIGN,24,2011-10-25 14:09:00,0.39,13028.0,United Kingdom
572696,M,Manual,1,2011-10-25 14:23:00,250.0,17857.0,United Kingdom
572703,17107D,FLOWER FAIRY 5 DRAWER LINERS,2,2011-10-25 14:35:00,2.55,16110.0,United Kingdom
572755,72801D,4 SKY BLUE DINNER CANDLES,2,2011-10-25 17:31:00,1.25,13601.0,United Kingdom
572770,POST,POSTAGE,9,2011-10-26 10:16:00,40.0,12371.0,Switzerland
572832,M,Manual,1,2011-10-26 11:40:00,1.0,16454.0,United Kingdom
572865,46000M,POLYESTER FILLER PAD 45x45cm,6,2011-10-26 13:01:00,1.55,17841.0,United Kingdom
572865,72801D,4 SKY BLUE DINNER CANDLES,3,2011-10-26 13:01:00,1.25,17841.0,United Kingdom
572882,46000M,POLYESTER FILLER PAD 45x45cm,2,2011-10-26 13:36:00,1.55,18226.0,United Kingdom
572882,84997D,CHILDRENS CUTLERY POLKADOT PINK,4,2011-10-26 13:36:00,4.15,18226.0,United Kingdom
572886,46000M,POLYESTER FILLER PAD 45x45cm,5,2011-10-26 13:46:00,1.55,12448.0,Spain
572886,POST,POSTAGE,3,2011-10-26 13:46:00,28.0,12448.0,Spain
572887,POST,POSTAGE,4,2011-10-26 13:47:00,15.0,12362.0,Belgium
572893,35471D,SET OF 3 BIRD LIGHT PINK FEATHER ,24,2011-10-26 14:36:00,0.39,18059.0,United Kingdom
572894,POST,POSTAGE,1,2011-10-26 14:39:00,18.0,12569.0,Germany
572895,POST,POSTAGE,1,2011-10-26 14:39:00,18.0,12569.0,Germany
572896,POST,POSTAGE,4,2011-10-26 14:41:00,40.0,12456.0,Switzerland
572905,84997D,CHILDRENS CUTLERY POLKADOT PINK,3,2011-10-26 15:39:00,4.15,14690.0,United Kingdom
572907,47591D,PINK FAIRY CAKE CHILDRENS APRON,8,2011-10-26 15:44:00,1.95,12827.0,United Kingdom
572909,46000M,POLYESTER FILLER PAD 45x45cm,2,2011-10-26 15:48:00,1.55,15821.0,United Kingdom
572913,85071D,CHARLIE+LOLA MY ROOM DOOR SIGN,5,2011-10-26 16:21:00,0.39,15993.0,United Kingdom
572934,POST,POSTAGE,4,2011-10-27 10:18:00,40.0,12610.0,Italy
572964,POST,POSTAGE,3,2011-10-27 10:41:00,40.0,12630.0,Finland
572986,POST,POSTAGE,3,2011-10-27 10:51:00,18.0,12681.0,France
572992,POST,POSTAGE,2,2011-10-27 10:57:00,18.0,12681.0,France
573029,47310M,SMALL POP BOX FUNKY MONKEY,1,2011-10-27 13:33:00,1.25,14971.0,United Kingdom
573029,17107D,FLOWER FAIRY 5 DRAWER LINERS,2,2011-10-27 13:33:00,2.55,14971.0,United Kingdom
573029,85071D,CHARLIE+LOLA MY ROOM DOOR SIGN,3,2011-10-27 13:33:00,0.39,14971.0,United Kingdom
573035,85232D,SET/3 DECOUPAGE STACKING TINS,24,2011-10-27 13:43:00,4.25,12433.0,Norway
573036,POST,POSTAGE,2,2011-10-27 13:44:00,18.0,12437.0,France
573038,35471D,SET OF 3 BIRD LIGHT PINK FEATHER ,2,2011-10-27 13:48:00,0.39,17545.0,United Kingdom
573076,84997D,CHILDRENS CUTLERY POLKADOT PINK,4,2011-10-27 14:05:00,4.15,13488.0,United Kingdom
573077,M,Manual,1,2011-10-27 14:13:00,4161.06,12536.0,France
573080,M,Manual,1,2011-10-27 14:20:00,4161.06,12536.0,France
573100,46000M,POLYESTER FILLER PAD 45x45cm,12,2011-10-27 14:49:00,1.55,17528.0,United Kingdom
573102,90200D,PINK SWEETHEART BRACELET,3,2011-10-27 14:52:00,4.25,13266.0,United Kingdom
573102,90210D,PURPLE ACRYLIC FACETED BANGLE,10,2011-10-27 14:52:00,1.0,13266.0,United Kingdom
573106,POST,POSTAGE,1,2011-10-27 15:05:00,18.0,12626.0,Germany
573108,POST,POSTAGE,1,2011-10-27 15:09:00,40.0,12430.0,Norway
573122,47591D,PINK FAIRY CAKE CHILDRENS APRON,2,2011-10-27 16:23:00,1.95,14357.0,United Kingdom
573124,84997D,CHILDRENS CUTLERY POLKADOT PINK,8,2011-10-27 16:24:00,4.15,13654.0,United Kingdom
573136,POST,POSTAGE,2,2011-10-27 17:00:00,18.0,12709.0,Germany
573138,84997D,CHILDRENS CUTLERY POLKADOT PINK,3,2011-10-27 17:22:00,4.15,15023.0,United Kingdom
573150,47591D,PINK FAIRY CAKE CHILDRENS APRON,3,2011-10-27 20:07:00,1.95,15014.0,United Kingdom
573153,POST,POSTAGE,3,2011-10-28 07:39:00,145.0,12678.0,France
573153,84997D,CHILDRENS CUTLERY POLKADOT PINK,48,2011-10-28 07:39:00,4.15,12678.0,France
573173,POST,POSTAGE,4,2011-10-28 10:10:00,15.0,12362.0,Belgium
573245,72800D,4 BLUE DINNER CANDLES SILVER FLOCK,1,2011-10-28 12:08:00,2.55,17841.0,United Kingdom
573264,84997D,CHILDRENS CUTLERY POLKADOT PINK,1,2011-10-28 12:36:00,4.15,14415.0,United Kingdom
573280,79302M,"ART LIGHTS,FUNK MONKEY",6,2011-10-28 13:42:00,2.95,14221.0,United Kingdom
573284,POST,POSTAGE,1,2011-10-28 14:27:00,18.0,13812.0,Germany
573289,POST,POSTAGE,4,2011-10-28 14:44:00,18.0,12705.0,Germany
573300,47591D,PINK FAIRY CAKE CHILDRENS APRON,2,2011-10-28 16:10:00,1.95,16049.0,United Kingdom
573300,35471D,SET OF 3 BIRD LIGHT PINK FEATHER ,7,2011-10-28 16:10:00,0.39,16049.0,United Kingdom
573311,M,Manual,8,2011-10-28 16:45:00,0.39,14071.0,United Kingdom
573311,47591D,PINK FAIRY CAKE CHILDRENS APRON,1,2011-10-28 16:45:00,1.95,14071.0,United Kingdom
573311,84926D,LA PALMIERA TILE COASTER,4,2011-10-28 16:45:00,0.29,14071.0,United Kingdom
573328,46000M,POLYESTER FILLER PAD 45x45cm,12,2011-10-30 11:09:00,1.55,16601.0,United Kingdom
573328,M,Manual,3,2011-10-30 11:09:00,0.39,16601.0,United Kingdom
573330,47591D,PINK FAIRY CAKE CHILDRENS APRON,1,2011-10-30 11:22:00,1.95,16923.0,United Kingdom
573333,84997D,CHILDRENS CUTLERY POLKADOT PINK,4,2011-10-30 11:34:00,4.15,12483.0,Sweden
573333,POST,POSTAGE,2,2011-10-30 11:34:00,40.0,12483.0,Sweden
573338,84997D,CHILDRENS CUTLERY POLKADOT PINK,3,2011-10-30 11:47:00,4.15,14546.0,United Kingdom
573340,M,Manual,3,2011-10-30 11:55:00,0.79,14159.0,United Kingdom
573340,47591D,PINK FAIRY CAKE CHILDRENS APRON,1,2011-10-30 11:55:00,1.95,14159.0,United Kingdom
573343,90200D,PINK SWEETHEART BRACELET,1,2011-10-30 11:59:00,4.25,13566.0,United Kingdom
573345,M,Manual,25,2011-10-30 12:14:00,0.2,17609.0,United Kingdom
573346,79190D,RETRO PLASTIC DAISY TRAY,1,2011-10-30 12:18:00,0.42,17255.0,United Kingdom
573362,POST,POSTAGE,10,2011-10-30 13:06:00,28.0,12597.0,Spain
573373,47591D,PINK FAIRY CAKE CHILDRENS APRON,2,2011-10-30 13:37:00,1.95,14684.0,United Kingdom
573381,35471D,SET OF 3 BIRD LIGHT PINK FEATHER ,1,2011-10-30 14:05:00,0.39,17590.0,United Kingdom
573388,17012D,ORIGAMI ROSE INCENSE/CANDLE SET ,24,2011-10-30 14:44:00,0.85,14895.0,United Kingdom
573401,POST,POSTAGE,2,2011-10-30 15:43:00,15.0,12364.0,Belgium
573402,POST,POSTAGE,1,2011-10-30 15:44:00,18.0,12494.0,France
573415,47591D,PINK FAIRY CAKE CHILDRENS APRON,3,2011-10-30 16:17:00,1.95,13607.0,United Kingdom
573415,90162D,ANT SILVER PURPLE BOUDICCA RING,1,2011-10-30 16:17:00,2.95,13607.0,United Kingdom
573417,POST,POSTAGE,1,2011-10-31 08:56:00,18.0,12581.0,Germany
573430,POST,POSTAGE,3,2011-10-31 10:38:00,18.0,13813.0,Germany
573496,46000M,POLYESTER FILLER PAD 45x45cm,3,2011-10-31 11:59:00,1.55,17841.0,United Kingdom
573501,17107D,FLOWER FAIRY 5 DRAWER LINERS,4,2011-10-31 12:02:00,2.55,18055.0,United Kingdom
573508,84968D,SET OF 16 VINTAGE RED CUTLERY,1,2011-10-31 12:11:00,12.75,12552.0,Italy
573548,16169M,WRAP DAISY CARPET ,25,2011-10-31 13:22:00,0.42,13680.0,United Kingdom
573551,84997D,CHILDRENS CUTLERY POLKADOT PINK,3,2011-10-31 13:35:00,4.15,15044.0,United Kingdom
573576,85131D,BEADED CRYSTAL HEART PINK ON STICK,11,2011-10-31 14:09:00,0.83,14096.0,United Kingdom
573576,85170D,SET/6 PINK BIRD T-LIGHT CANDLES,1,2011-10-31 14:09:00,4.13,14096.0,United Kingdom
573576,DOT,DOTCOM POSTAGE,1,2011-10-31 14:09:00,901.58,14096.0,United Kingdom
573576,47591D,PINK FAIRY CAKE CHILDRENS APRON,3,2011-10-31 14:09:00,4.13,14096.0,United Kingdom
573576,84926D,LA PALMIERA TILE COASTER,1,2011-10-31 14:09:00,2.46,14096.0,United Kingdom
573579,47591D,PINK FAIRY CAKE CHILDRENS APRON,3,2011-10-31 14:19:00,1.95,15033.0,United Kingdom
573581,85232D,SET/3 DECOUPAGE STACKING TINS,3,2011-10-31 14:22:00,4.95,14911.0,EIRE
573584,46000M,POLYESTER FILLER PAD 45x45cm,12,2011-10-31 14:36:00,1.55,16705.0,United Kingdom
573584,84997D,CHILDRENS CUTLERY POLKADOT PINK,8,2011-10-31 14:36:00,4.15,16705.0,United Kingdom
573586,BANK CHARGES,Bank Charges,1,2011-10-31 14:48:00,15.0,14704.0,United Kingdom
573588,POST,POSTAGE,1,2011-10-31 15:01:00,40.0,12588.0,Finland
573629,POST,POSTAGE,1,2011-10-31 15:30:00,18.0,12522.0,Germany
573656,POST,POSTAGE,3,2011-10-31 16:02:00,15.0,12417.0,Belgium
573768,POST,POSTAGE,3,2011-11-01 10:02:00,40.0,12552.0,Italy
573780,85071D,CHARLIE+LOLA MY ROOM DOOR SIGN,24,2011-11-01 11:12:00,0.39,17503.0,United Kingdom
573829,47591D,PINK FAIRY CAKE CHILDRENS APRON,8,2011-11-01 11:35:00,1.95,16830.0,United Kingdom
573867,84997D,CHILDRENS CUTLERY POLKADOT PINK,8,2011-11-01 12:12:00,4.15,12674.0,France
573867,POST,POSTAGE,2,2011-11-01 12:12:00,18.0,12674.0,France
573868,POST,POSTAGE,2,2011-11-01 12:18:00,18.0,12491.0,France
573874,46000M,POLYESTER FILLER PAD 45x45cm,1,2011-11-01 12:45:00,1.55,13868.0,United Kingdom
573891,POST,POSTAGE,5,2011-11-01 13:56:00,18.0,12682.0,France
573897,35471D,SET OF 3 BIRD LIGHT PINK FEATHER ,12,2011-11-01 14:29:00,0.39,16729.0,United Kingdom
573904,84849D,HOT BATHS SOAP HOLDER,1,2011-11-01 14:54:00,1.69,14505.0,United Kingdom
573904,35471D,SET OF 3 BIRD LIGHT PINK FEATHER ,3,2011-11-01 14:54:00,0.39,14505.0,United Kingdom
573905,84997D,CHILDRENS CUTLERY POLKADOT PINK,1,2011-11-01 15:06:00,4.15,16971.0,United Kingdom
573921,47591D,PINK FAIRY CAKE CHILDRENS APRON,8,2011-11-02 08:44:00,1.95,16352.0,United Kingdom
574015,46000M,POLYESTER FILLER PAD 45x45cm,19,2011-11-02 12:03:00,1.55,15576.0,United Kingdom
574034,46000M,POLYESTER FILLER PAD 45x45cm,1,2011-11-02 12:45:00,1.55,17841.0,United Kingdom
574034,85170D,SET/6 PINK BIRD T-LIGHT CANDLES,2,2011-11-02 12:45:00,2.1,17841.0,United Kingdom
574062,84997D,CHILDRENS CUTLERY POLKADOT PINK,8,2011-11-02 14:30:00,4.15,17675.0,United Kingdom
574063,85071D,CHARLIE+LOLA MY ROOM DOOR SIGN,1,2011-11-02 14:31:00,0.39,13271.0,United Kingdom
574064,47591D,PINK FAIRY CAKE CHILDRENS APRON,24,2011-11-02 14:35:00,1.95,17434.0,United Kingdom
574068,POST,POSTAGE,3,2011-11-02 14:51:00,18.0,12490.0,France
574071,POST,POSTAGE,1,2011-11-02 14:57:00,18.0,12654.0,Germany
574096,35471D,SET OF 3 BIRD LIGHT PINK FEATHER ,24,2011-11-03 09:55:00,0.39,13599.0,United Kingdom
574097,POST,POSTAGE,5,2011-11-03 09:56:00,18.0,12471.0,Germany
574104,POST,POSTAGE,3,2011-11-03 10:45:00,18.0,12615.0,France
574149,90176D,DIAMANTE NECKLACE PURPLE,2,2011-11-03 11:29:00,7.5,13709.0,United Kingdom
574170,35471D,SET OF 3 BIRD LIGHT PINK FEATHER ,6,2011-11-03 11:43:00,0.39,16221.0,United Kingdom
574252,POST,POSTAGE,2,2011-11-03 13:24:00,18.0,12437.0,France
574252,M,Manual,1,2011-11-03 13:24:00,0.0,12437.0,France
574255,POST,POSTAGE,1,2011-11-03 13:44:00,18.0,12569.0,Germany
574265,47591D,PINK FAIRY CAKE CHILDRENS APRON,8,2011-11-03 14:17:00,1.95,15605.0,United Kingdom
574275,POST,POSTAGE,2,2011-11-03 14:37:00,40.0,12352.0,Norway
574277,M,Manual,832,2011-11-03 14:42:00,0.25,17857.0,United Kingdom
574301,POST,POSTAGE,2,2011-11-03 16:15:00,28.0,12544.0,Spain
574308,84997D,CHILDRENS CUTLERY POLKADOT PINK,4,2011-11-03 16:45:00,4.15,16409.0,United Kingdom
574310,85232D,SET/3 DECOUPAGE STACKING TINS,6,2011-11-03 16:56:00,4.95,13467.0,United Kingdom
574310,47591D,PINK FAIRY CAKE CHILDRENS APRON,6,2011-11-03 16:56:00,1.95,13467.0,United Kingdom
574317,35471D,SET OF 3 BIRD LIGHT PINK FEATHER ,12,2011-11-03 18:49:00,0.39,17078.0,United Kingdom
574317,M,Manual,6,2011-11-03 18:49:00,0.39,17078.0,United Kingdom
574323,85170D,SET/6 PINK BIRD T-LIGHT CANDLES,2,2011-11-03 19:50:00,2.1,16438.0,United Kingdom
574326,79190D,RETRO PLASTIC DAISY TRAY,15,2011-11-04 08:29:00,0.42,14913.0,United Kingdom
574328,85232D,SET/3 DECOUPAGE STACKING TINS,6,2011-11-04 09:05:00,4.95,13081.0,United Kingdom
574329,POST,POSTAGE,4,2011-11-04 09:07:00,15.0,12362.0,Belgium
574332,84997D,CHILDRENS CUTLERY POLKADOT PINK,72,2011-11-04 09:24:00,3.75,12664.0,Finland
574332,POST,POSTAGE,3,2011-11-04 09:24:00,18.0,12664.0,Finland
574336,POST,POSTAGE,6,2011-11-04 09:52:00,15.0,12397.0,Belgium
574393,84997D,CHILDRENS CUTLERY POLKADOT PINK,4,2011-11-04 11:06:00,4.15,13313.0,United Kingdom
574442,POST,POSTAGE,5,2011-11-04 11:40:00,40.0,12704.0,Finland
574444,47591D,PINK FAIRY CAKE CHILDRENS APRON,2,2011-11-04 11:41:00,1.95,18122.0,United Kingdom
574474,M,Manual,4,2011-11-04 12:05:00,0.85,17979.0,United Kingdom
574474,35471D,SET OF 3 BIRD LIGHT PINK FEATHER ,1,2011-11-04 12:05:00,0.39,17979.0,United Kingdom
574506,M,Manual,1,2011-11-04 13:24:00,3.95,12577.0,France
574546,BANK CHARGES,Bank Charges,1,2011-11-04 14:59:00,15.0,13651.0,United Kingdom
574573,35471D,SET OF 3 BIRD LIGHT PINK FEATHER ,1,2011-11-04 16:35:00,0.39,14592.0,United Kingdom
574575,85071D,CHARLIE+LOLA MY ROOM DOOR SIGN,3,2011-11-04 17:03:00,0.39,14971.0,United Kingdom
574653,POST,POSTAGE,2,2011-11-06 11:30:00,18.0,12619.0,Germany
574670,84997D,CHILDRENS CUTLERY POLKADOT PINK,1,2011-11-06 12:20:00,4.15,12838.0,United Kingdom
574671,35471D,SET OF 3 BIRD LIGHT PINK FEATHER ,5,2011-11-06 12:23:00,0.39,16744.0,United Kingdom
574671,35471D,SET OF 3 BIRD LIGHT PINK FEATHER ,1,2011-11-06 12:23:00,0.39,16744.0,United Kingdom
574679,POST,POSTAGE,3,2011-11-06 12:38:00,18.0,12645.0,Germany
574682,47591D,PINK FAIRY CAKE CHILDRENS APRON,3,2011-11-06 12:44:00,1.95,14963.0,United Kingdom
574686,35471D,SET OF 3 BIRD LIGHT PINK FEATHER ,1,2011-11-06 13:00:00,0.39,17608.0,United Kingdom
574690,35471D,SET OF 3 BIRD LIGHT PINK FEATHER ,24,2011-11-06 13:11:00,0.39,12638.0,Sweden
574690,POST,POSTAGE,4,2011-11-06 13:11:00,40.0,12638.0,Sweden
574692,72800D,4 BLUE DINNER CANDLES SILVER FLOCK,4,2011-11-06 13:28:00,2.55,16771.0,United Kingdom
574694,POST,POSTAGE,2,2011-11-06 13:36:00,40.0,12381.0,Norway
574696,85232D,SET/3 DECOUPAGE STACKING TINS,2,2011-11-06 13:40:00,4.95,13634.0,United Kingdom
574700,47591D,PINK FAIRY CAKE CHILDRENS APRON,2,2011-11-06 13:53:00,1.95,16033.0,United Kingdom
574713,POST,POSTAGE,1,2011-11-06 14:26:00,18.0,12628.0,Germany
574720,47591D,PINK FAIRY CAKE CHILDRENS APRON,2,2011-11-06 14:39:00,1.95,14547.0,United Kingdom
574722,M,Manual,16,2011-11-06 14:45:00,0.19,14502.0,United Kingdom
574722,85129D,BEADED CRYSTAL HEART PINK SMALL,6,2011-11-06 14:45:00,1.25,14502.0,United Kingdom
574726,35471D,SET OF 3 BIRD LIGHT PINK FEATHER ,1,2011-11-06 14:56:00,0.39,14664.0,United Kingdom
574726,85130D,BEADED CRYSTAL HEART PINK LARGE,2,2011-11-06 14:56:00,0.79,14664.0,United Kingdom
574740,35598D,PINK/WHITE CHRISTMAS TREE 60CM,24,2011-11-06 16:07:00,0.65,12357.0,Switzerland
574740,35599D,PINK AND WHITE CHRISTMAS TREE 120CM,24,2011-11-06 16:07:00,1.95,12357.0,Switzerland
574741,85232D,SET/3 DECOUPAGE STACKING TINS,1,2011-11-06 16:13:00,4.95,15993.0,United Kingdom
574741,M,Manual,6,2011-11-06 16:13:00,1.45,15993.0,United Kingdom
574741,46000M,POLYESTER FILLER PAD 45x45cm,8,2011-11-06 16:13:00,1.55,15993.0,United Kingdom
574741,84849D,HOT BATHS SOAP HOLDER,1,2011-11-06 16:13:00,1.69,15993.0,United Kingdom
574741,35471D,SET OF 3 BIRD LIGHT PINK FEATHER ,11,2011-11-06 16:13:00,0.39,15993.0,United Kingdom
574743,47310M,SMALL POP BOX FUNKY MONKEY,3,2011-11-06 16:14:00,1.25,15351.0,United Kingdom
574826,47591D,PINK FAIRY CAKE CHILDRENS APRON,2,2011-11-07 10:58:00,1.95,15870.0,United Kingdom
574838,POST,POSTAGE,5,2011-11-07 11:37:00,28.0,12484.0,Spain
574840,90003D,CRYSTAL PAIR HEART HAIR SLIDES,1,2011-11-07 11:41:00,3.75,12748.0,United Kingdom
574844,POST,POSTAGE,1,2011-11-07 11:57:00,28.0,12783.0,Portugal
574862,POST,POSTAGE,5,2011-11-07 12:27:00,15.0,12408.0,Belgium
574869,POST,POSTAGE,1,2011-11-07 12:44:00,18.0,12708.0,Germany
574885,POST,POSTAGE,1,2011-11-07 14:01:00,18.0,12472.0,Germany
574907,85232D,SET/3 DECOUPAGE STACKING TINS,6,2011-11-07 15:33:00,4.95,17043.0,United Kingdom
574914,35471D,SET OF 3 BIRD LIGHT PINK FEATHER ,1,2011-11-07 16:16:00,0.39,17109.0,United Kingdom
574914,35471D,SET OF 3 BIRD LIGHT PINK FEATHER ,9,2011-11-07 16:16:00,0.39,17109.0,United Kingdom
574914,84849D,HOT BATHS SOAP HOLDER,2,2011-11-07 16:16:00,1.69,17109.0,United Kingdom
574943,17012D,ORIGAMI ROSE INCENSE/CANDLE SET ,24,2011-11-08 07:52:00,0.85,13026.0,United Kingdom
574958,16168M,FUNKY MONKEY GIFT BAG MEDIUM,24,2011-11-08 10:00:00,0.42,14050.0,United Kingdom
574994,84984D,ORIENTAL RED CUSHION COVER ,6,2011-11-08 11:03:00,4.65,17870.0,United Kingdom
575034,M,Manual,1,2011-11-08 11:38:00,7.95,15573.0,United Kingdom
575034,35598D,PINK/WHITE CHRISTMAS TREE 60CM,1,2011-11-08 11:38:00,0.65,15573.0,United Kingdom
575039,47591D,PINK FAIRY CAKE CHILDRENS APRON,5,2011-11-08 11:53:00,1.95,15005.0,United Kingdom
575043,M,Manual,1,2011-11-08 12:06:00,4.95,13047.0,United Kingdom
575049,POST,POSTAGE,3,2011-11-08 12:13:00,18.0,12721.0,France
575059,M,Manual,30,2011-11-08 12:25:00,0.39,14071.0,United Kingdom
575067,POST,POSTAGE,2,2011-11-08 12:45:00,18.0,12583.0,France
575072,47591D,PINK FAIRY CAKE CHILDRENS APRON,8,2011-11-08 13:10:00,1.95,14560.0,United Kingdom
575074,84849D,HOT BATHS SOAP HOLDER,4,2011-11-08 13:11:00,1.69,15356.0,United Kingdom
575117,17012D,ORIGAMI ROSE INCENSE/CANDLE SET ,1,2011-11-08 14:22:00,0.85,12748.0,United Kingdom
575128,84926D,LA PALMIERA TILE COASTER,24,2011-11-08 14:27:00,0.29,16837.0,United Kingdom
575144,POST,POSTAGE,3,2011-11-08 15:38:00,28.0,12540.0,Spain
575151,POST,POSTAGE,1,2011-11-08 16:12:00,15.0,12395.0,Belgium
575154,POST,POSTAGE,2,2011-11-08 16:15:00,18.0,12395.0,Belgium
575167,46775D,SUNSET COLOUR CHUNKY KNITTED THROW,1,2011-11-08 17:09:00,16.95,15153.0,United Kingdom
575187,16169M,WRAP DAISY CARPET ,25,2011-11-09 09:06:00,0.42,16759.0,United Kingdom
575193,47591D,PINK FAIRY CAKE CHILDRENS APRON,8,2011-11-09 09:34:00,1.95,12681.0,France
575193,85232D,SET/3 DECOUPAGE STACKING TINS,3,2011-11-09 09:34:00,4.95,12681.0,France
575193,POST,POSTAGE,5,2011-11-09 09:34:00,18.0,12681.0,France
575199,47591D,PINK FAIRY CAKE CHILDRENS APRON,8,2011-11-09 09:48:00,1.95,12921.0,United Kingdom
575199,84997D,CHILDRENS CUTLERY POLKADOT PINK,8,2011-11-09 09:48:00,4.15,12921.0,United Kingdom
575206,79302M,"ART LIGHTS,FUNK MONKEY",20,2011-11-09 10:26:00,2.55,14298.0,United Kingdom
575269,46775D,SUNSET COLOUR CHUNKY KNITTED THROW,1,2011-11-09 12:08:00,16.95,17865.0,United Kingdom
575304,M,Manual,1,2011-11-09 12:38:00,1.25,17841.0,United Kingdom
575304,46000M,POLYESTER FILLER PAD 45x45cm,4,2011-11-09 12:38:00,1.55,17841.0,United Kingdom
575318,35471D,SET OF 3 BIRD LIGHT PINK FEATHER ,24,2011-11-09 13:17:00,0.39,14921.0,United Kingdom
575326,POST,POSTAGE,2,2011-11-09 13:47:00,18.0,12532.0,France
575328,M,Manual,1200,2011-11-09 13:48:00,0.25,17857.0,United Kingdom
575352,POST,POSTAGE,3,2011-11-09 14:56:00,18.0,12504.0,Germany
575360,47591D,PINK FAIRY CAKE CHILDRENS APRON,8,2011-11-09 14:59:00,1.95,16516.0,United Kingdom
575392,35471D,SET OF 3 BIRD LIGHT PINK FEATHER ,24,2011-11-09 15:42:00,0.39,14234.0,United Kingdom
575481,85071D,CHARLIE+LOLA MY ROOM DOOR SIGN,5,2011-11-09 16:28:00,0.39,15679.0,United Kingdom
575481,35471D,SET OF 3 BIRD LIGHT PINK FEATHER ,5,2011-11-09 16:28:00,0.39,15679.0,United Kingdom
575481,17012D,ORIGAMI ROSE INCENSE/CANDLE SET ,4,2011-11-09 16:28:00,0.85,15679.0,United Kingdom
575481,15044D,RED PAPER PARASOL,2,2011-11-09 16:28:00,2.95,15679.0,United Kingdom
575487,47591D,PINK FAIRY CAKE CHILDRENS APRON,8,2011-11-09 17:11:00,1.95,15450.0,United Kingdom
575487,82613D,METAL SIGN CUPCAKE SINGLE HOOK,8,2011-11-09 17:11:00,1.25,15450.0,United Kingdom
575491,85071D,CHARLIE+LOLA MY ROOM DOOR SIGN,3,2011-11-09 17:47:00,0.39,15531.0,United Kingdom
575491,84569D,PACK 6 HEART/ICE-CREAM PATCHES,12,2011-11-09 17:47:00,1.25,15531.0,United Kingdom
575498,POST,POSTAGE,1,2011-11-10 09:52:00,18.0,12708.0,Germany
575514,POST,POSTAGE,3,2011-11-10 10:40:00,28.0,12541.0,Spain
575516,46000M,POLYESTER FILLER PAD 45x45cm,24,2011-11-10 10:45:00,1.55,17340.0,United Kingdom
575516,84997D,CHILDRENS CUTLERY POLKADOT PINK,4,2011-11-10 10:45:00,4.15,17340.0,United Kingdom
575516,47591D,PINK FAIRY CAKE CHILDRENS APRON,8,2011-11-10 10:45:00,1.95,17340.0,United Kingdom
575519,POST,POSTAGE,2,2011-11-10 10:53:00,18.0,12682.0,France
575581,POST,POSTAGE,1,2011-11-10 11:53:00,18.0,12659.0,France
575584,POST,POSTAGE,1,2011-11-10 11:55:00,18.0,12682.0,France
575602,84849D,HOT BATHS SOAP HOLDER,2,2011-11-10 12:27:00,1.69,17059.0,United Kingdom
575602,84997D,CHILDRENS CUTLERY POLKADOT PINK,1,2011-11-10 12:27:00,4.15,17059.0,United Kingdom
575607,84926D,LA PALMIERA TILE COASTER,1,2011-11-10 12:37:00,2.46,14096.0,United Kingdom
575607,85131D,BEADED CRYSTAL HEART PINK ON STICK,11,2011-11-10 12:37:00,0.83,14096.0,United Kingdom
575607,85170D,SET/6 PINK BIRD T-LIGHT CANDLES,2,2011-11-10 12:37:00,4.13,14096.0,United Kingdom
575607,DOT,DOTCOM POSTAGE,1,2011-11-10 12:37:00,908.16,14096.0,United Kingdom
575624,47591D,PINK FAIRY CAKE CHILDRENS APRON,8,2011-11-10 13:18:00,1.95,18217.0,United Kingdom
575624,85232D,SET/3 DECOUPAGE STACKING TINS,3,2011-11-10 13:18:00,4.95,18217.0,United Kingdom
575627,35471D,SET OF 3 BIRD LIGHT PINK FEATHER ,24,2011-11-10 13:28:00,0.39,17977.0,United Kingdom
575629,POST,POSTAGE,1,2011-11-10 13:34:00,18.0,12599.0,France
575634,90210D,PURPLE ACRYLIC FACETED BANGLE,10,2011-11-10 13:44:00,1.0,13266.0,United Kingdom
575632,M,Manual,1,2011-11-10 13:44:00,40.46,12473.0,Germany
575632,M,Manual,1,2011-11-10 13:44:00,424.06,12473.0,Germany
575632,M,Manual,1,2011-11-10 13:44:00,549.34,12473.0,Germany
575636,M,Manual,1,2011-11-10 13:46:00,40.46,12473.0,Germany
575659,35599D,PINK AND WHITE CHRISTMAS TREE 120CM,6,2011-11-10 14:35:00,1.95,13576.0,United Kingdom
575660,85169D,PINK LOVE BIRD CANDLE,12,2011-11-10 14:38:00,1.25,15297.0,United Kingdom
575671,POST,POSTAGE,3,2011-11-10 15:03:00,18.0,12670.0,France
575678,35471D,SET OF 3 BIRD LIGHT PINK FEATHER ,24,2011-11-10 15:23:00,0.39,16169.0,United Kingdom
575698,35471D,SET OF 3 BIRD LIGHT PINK FEATHER ,24,2011-11-10 16:51:00,0.39,16094.0,United Kingdom
575706,47591D,PINK FAIRY CAKE CHILDRENS APRON,2,2011-11-10 17:13:00,1.95,14713.0,United Kingdom
575709,POST,POSTAGE,2,2011-11-10 17:27:00,15.0,14646.0,Netherlands
575713,POST,POSTAGE,2,2011-11-10 17:49:00,18.0,13817.0,Germany
575726,35471D,SET OF 3 BIRD LIGHT PINK FEATHER ,3,2011-11-10 19:12:00,0.39,16791.0,United Kingdom
575728,79030D,TUMBLER BAROQUE,12,2011-11-10 19:40:00,0.39,14911.0,EIRE
575732,POST,POSTAGE,2,2011-11-11 08:19:00,18.0,12712.0,Germany
575733,POST,POSTAGE,1,2011-11-11 08:33:00,18.0,13810.0,Germany
575734,POST,POSTAGE,2,2011-11-11 08:39:00,40.0,12384.0,Switzerland
575736,POST,POSTAGE,1,2011-11-11 08:47:00,40.0,12697.0,Sweden
575737,47591D,PINK FAIRY CAKE CHILDRENS APRON,16,2011-11-11 08:59:00,1.95,14789.0,United Kingdom
575744,46000M,POLYESTER FILLER PAD 45x45cm,8,2011-11-11 10:03:00,1.55,14035.0,United Kingdom
575747,47591D,PINK FAIRY CAKE CHILDRENS APRON,8,2011-11-11 10:19:00,1.95,12589.0,France
575747,POST,POSTAGE,3,2011-11-11 10:19:00,18.0,12589.0,France
575750,35599D,PINK AND WHITE CHRISTMAS TREE 120CM,6,2011-11-11 10:29:00,1.95,12600.0,Germany
575750,POST,POSTAGE,3,2011-11-11 10:29:00,18.0,12600.0,Germany
575766,47591D,PINK FAIRY CAKE CHILDRENS APRON,1,2011-11-11 11:06:00,1.95,12856.0,United Kingdom
575767,84569D,PACK 6 HEART/ICE-CREAM PATCHES,4,2011-11-11 11:11:00,1.25,17348.0,United Kingdom
575787,POST,POSTAGE,3,2011-11-11 11:18:00,18.0,12518.0,Germany
575837,47591D,PINK FAIRY CAKE CHILDRENS APRON,1,2011-11-11 11:37:00,1.95,12748.0,United Kingdom
575837,85071D,CHARLIE+LOLA MY ROOM DOOR SIGN,5,2011-11-11 11:37:00,0.39,12748.0,United Kingdom
575843,84997D,CHILDRENS CUTLERY POLKADOT PINK,1,2011-11-11 12:02:00,4.15,14446.0,United Kingdom
575846,84569D,PACK 6 HEART/ICE-CREAM PATCHES,1,2011-11-11 12:07:00,1.25,17364.0,United Kingdom
575845,POST,POSTAGE,1,2011-11-11 12:07:00,18.0,12598.0,France
575848,M,Manual,1,2011-11-11 12:10:00,10.0,14178.0,United Kingdom
575856,35471D,SET OF 3 BIRD LIGHT PINK FEATHER ,2,2011-11-11 12:28:00,0.39,16386.0,United Kingdom
575856,47310M,SMALL POP BOX FUNKY MONKEY,2,2011-11-11 12:28:00,1.25,16386.0,United Kingdom
575880,POST,POSTAGE,3,2011-11-11 13:35:00,18.0,12726.0,France
575885,35599D,PINK AND WHITE CHRISTMAS TREE 120CM,6,2011-11-11 13:46:00,1.95,16460.0,United Kingdom
575884,POST,POSTAGE,3,2011-11-11 13:46:00,18.0,12685.0,France
575888,POST,POSTAGE,3,2011-11-11 14:04:00,18.0,12517.0,Germany
575896,47310M,SMALL POP BOX FUNKY MONKEY,6,2011-11-11 14:52:00,1.25,12480.0,Germany
575896,POST,POSTAGE,8,2011-11-11 14:52:00,18.0,12480.0,Germany
575902,84997D,CHILDRENS CUTLERY POLKADOT PINK,4,2011-11-11 15:20:00,4.15,15544.0,United Kingdom
575903,35598D,PINK/WHITE CHRISTMAS TREE 60CM,24,2011-11-11 15:24:00,0.65,13557.0,United Kingdom
575904,M,Manual,1,2011-11-11 15:28:00,7.95,18014.0,United Kingdom
575905,84926D,LA PALMIERA TILE COASTER,24,2011-11-11 15:49:00,0.29,13732.0,United Kingdom
575916,POST,POSTAGE,1,2011-11-11 16:49:00,18.0,12691.0,France
575936,47591D,PINK FAIRY CAKE CHILDRENS APRON,11,2011-11-13 11:21:00,1.95,17041.0,United Kingdom
575937,47591D,PINK FAIRY CAKE CHILDRENS APRON,8,2011-11-13 11:24:00,1.95,12935.0,United Kingdom
575941,17012D,ORIGAMI ROSE INCENSE/CANDLE SET ,3,2011-11-13 11:39:00,0.85,16438.0,United Kingdom
575943,47591D,PINK FAIRY CAKE CHILDRENS APRON,2,2011-11-13 11:44:00,1.95,17920.0,United Kingdom
575952,M,Manual,1,2011-11-13 11:55:00,0.29,16015.0,United Kingdom
575957,35471D,SET OF 3 BIRD LIGHT PINK FEATHER ,2,2011-11-13 12:19:00,0.39,13170.0,United Kingdom
575957,35471D,SET OF 3 BIRD LIGHT PINK FEATHER ,3,2011-11-13 12:19:00,0.39,13170.0,United Kingdom
575977,72800D,4 BLUE DINNER CANDLES SILVER FLOCK,1,2011-11-13 13:27:00,2.55,17287.0,United Kingdom
575982,47591D,PINK FAIRY CAKE CHILDRENS APRON,50,2011-11-13 13:42:00,1.65,13798.0,United Kingdom
576014,16162M,THE KING GIFT BAG 25x24x12cm,2,2011-11-13 14:29:00,0.42,17218.0,United Kingdom
576051,47591D,PINK FAIRY CAKE CHILDRENS APRON,8,2011-11-13 14:45:00,1.95,14911.0,EIRE
576053,84849D,HOT BATHS SOAP HOLDER,4,2011-11-13 14:53:00,1.69,16726.0,United Kingdom
576057,47591D,PINK FAIRY CAKE CHILDRENS APRON,6,2011-11-13 15:05:00,1.95,15861.0,United Kingdom
576061,15044D,RED PAPER PARASOL,4,2011-11-13 15:29:00,2.95,13146.0,United Kingdom
576062,79190D,RETRO PLASTIC DAISY TRAY,5,2011-11-13 15:30:00,0.42,12867.0,United Kingdom
576065,47591D,PINK FAIRY CAKE CHILDRENS APRON,6,2011-11-13 15:42:00,1.95,15005.0,United Kingdom
576073,35471D,SET OF 3 BIRD LIGHT PINK FEATHER ,5,2011-11-13 16:13:00,0.39,16930.0,United Kingdom
576075,47591D,PINK FAIRY CAKE CHILDRENS APRON,4,2011-11-13 16:16:00,1.95,15861.0,United Kingdom
576075,47310M,SMALL POP BOX FUNKY MONKEY,6,2011-11-13 16:16:00,1.25,15861.0,United Kingdom
576078,17012D,ORIGAMI ROSE INCENSE/CANDLE SET ,12,2011-11-13 16:22:00,0.85,14432.0,United Kingdom
576078,85170D,SET/6 PINK BIRD T-LIGHT CANDLES,1,2011-11-13 16:22:00,2.1,14432.0,United Kingdom
576078,85169D,PINK LOVE BIRD CANDLE,1,2011-11-13 16:22:00,1.25,14432.0,United Kingdom
576078,85130D,BEADED CRYSTAL HEART PINK LARGE,1,2011-11-13 16:22:00,0.79,14432.0,United Kingdom
576082,POST,POSTAGE,2,2011-11-14 08:22:00,40.0,12428.0,Finland
576087,POST,POSTAGE,4,2011-11-14 08:31:00,18.0,12689.0,France
576091,90214D,"LETTER ""D"" BLING KEY RING",6,2011-11-14 09:00:00,1.25,16779.0,United Kingdom
576091,90214M,"LETTER ""M"" BLING KEY RING",6,2011-11-14 09:00:00,1.25,16779.0,United Kingdom
576112,84997D,CHILDRENS CUTLERY POLKADOT PINK,4,2011-11-14 10:34:00,4.15,14902.0,United Kingdom
576172,46000M,POLYESTER FILLER PAD 45x45cm,24,2011-11-14 11:00:00,1.55,15482.0,United Kingdom
576176,84997D,CHILDRENS CUTLERY POLKADOT PINK,4,2011-11-14 11:04:00,4.15,16936.0,United Kingdom
576187,35471D,SET OF 3 BIRD LIGHT PINK FEATHER ,6,2011-11-14 11:25:00,0.39,17228.0,United Kingdom
576189,47591D,PINK FAIRY CAKE CHILDRENS APRON,2,2011-11-14 11:33:00,1.95,14684.0,United Kingdom
576201,85170D,SET/6 PINK BIRD T-LIGHT CANDLES,2,2011-11-14 12:18:00,2.1,14606.0,United Kingdom
576212,85071D,CHARLIE+LOLA MY ROOM DOOR SIGN,2,2011-11-14 12:45:00,0.39,18082.0,United Kingdom
576213,M,Manual,1,2011-11-14 12:47:00,1.25,18117.0,United Kingdom
576219,47591D,PINK FAIRY CAKE CHILDRENS APRON,120,2011-11-14 12:58:00,1.65,15838.0,United Kingdom
576219,84997D,CHILDRENS CUTLERY POLKADOT PINK,24,2011-11-14 12:58:00,3.75,15838.0,United Kingdom
576222,POST,POSTAGE,2,2011-11-14 13:02:00,18.0,12490.0,France
576228,47591D,PINK FAIRY CAKE CHILDRENS APRON,2,2011-11-14 13:12:00,1.95,15033.0,United Kingdom
576236,35471D,SET OF 3 BIRD LIGHT PINK FEATHER ,5,2011-11-14 13:31:00,0.39,13755.0,United Kingdom
576236,85071D,CHARLIE+LOLA MY ROOM DOOR SIGN,6,2011-11-14 13:31:00,0.39,13755.0,United Kingdom
576245,POST,POSTAGE,3,2011-11-14 13:40:00,18.0,12553.0,France
576249,47591D,PINK FAIRY CAKE CHILDRENS APRON,5,2011-11-14 13:47:00,1.95,17811.0,United Kingdom
576255,85071D,CHARLIE+LOLA MY ROOM DOOR SIGN,2,2011-11-14 14:09:00,0.39,15993.0,United Kingdom
576269,POST,POSTAGE,2,2011-11-14 14:23:00,28.0,12762.0,Portugal
576274,17107D,FLOWER FAIRY 5 DRAWER LINERS,1,2011-11-14 14:24:00,2.55,17793.0,United Kingdom
576321,85071D,CHARLIE+LOLA MY ROOM DOOR SIGN,1,2011-11-14 14:59:00,0.39,14953.0,United Kingdom
576322,POST,POSTAGE,2,2011-11-14 15:03:00,18.0,12642.0,Germany
576326,47310M,SMALL POP BOX FUNKY MONKEY,1,2011-11-14 15:18:00,1.25,16504.0,United Kingdom
576326,47591D,PINK FAIRY CAKE CHILDRENS APRON,1,2011-11-14 15:18:00,1.95,16504.0,United Kingdom
576327,POST,POSTAGE,2,2011-11-14 15:19:00,18.0,12476.0,Germany
576339,47310M,SMALL POP BOX FUNKY MONKEY,1,2011-11-14 15:27:00,1.63,14096.0,United Kingdom
576339,47591D,PINK FAIRY CAKE CHILDRENS APRON,1,2011-11-14 15:27:00,4.13,14096.0,United Kingdom
576339,84968D,SET OF 16 VINTAGE RED CUTLERY,1,2011-11-14 15:27:00,24.96,14096.0,United Kingdom
576339,84997D,CHILDRENS CUTLERY POLKADOT PINK,1,2011-11-14 15:27:00,8.29,14096.0,United Kingdom
576339,85129D,BEADED CRYSTAL HEART PINK SMALL,1,2011-11-14 15:27:00,2.46,14096.0,United Kingdom
576339,85170D,SET/6 PINK BIRD T-LIGHT CANDLES,2,2011-11-14 15:27:00,4.13,14096.0,United Kingdom
576339,DOT,DOTCOM POSTAGE,1,2011-11-14 15:27:00,1500.36,14096.0,United Kingdom
576345,46775D,SUNSET COLOUR CHUNKY KNITTED THROW,2,2011-11-14 15:37:00,16.95,12374.0,Austria
576345,POST,POSTAGE,3,2011-11-14 15:37:00,40.0,12374.0,Austria
576349,M,Manual,1,2011-11-14 15:41:00,2.1,16519.0,United Kingdom
576373,POST,POSTAGE,4,2011-11-15 08:43:00,18.0,12640.0,France
576389,M,Manual,1,2011-11-15 10:05:00,850.5,12748.0,United Kingdom
576390,POST,POSTAGE,1,2011-11-15 10:13:00,18.0,12569.0,Germany
576399,POST,POSTAGE,2,2011-11-15 10:50:00,18.0,12684.0,France
576518,85071D,CHARLIE+LOLA MY ROOM DOOR SIGN,6,2011-11-15 12:25:00,0.39,16361.0,United Kingdom
576519,POST,POSTAGE,1,2011-11-15 12:25:00,40.0,12676.0,Sweden
576538,47591D,PINK FAIRY CAKE CHILDRENS APRON,10,2011-11-15 12:42:00,1.95,14725.0,United Kingdom
576538,72800D,4 BLUE DINNER CANDLES SILVER FLOCK,2,2011-11-15 12:42:00,2.55,14725.0,United Kingdom
576553,M,Manual,6,2011-11-15 12:57:00,2.55,14666.0,United Kingdom
576571,17012D,ORIGAMI ROSE INCENSE/CANDLE SET ,24,2011-11-15 13:48:00,0.85,12950.0,United Kingdom
576592,47591D,PINK FAIRY CAKE CHILDRENS APRON,2,2011-11-15 14:47:00,1.95,13614.0,United Kingdom
576603,47591D,PINK FAIRY CAKE CHILDRENS APRON,8,2011-11-15 15:22:00,1.95,14911.0,EIRE
576607,POST,POSTAGE,4,2011-11-15 15:42:00,18.0,12474.0,Germany
576609,35471D,SET OF 3 BIRD LIGHT PINK FEATHER ,2,2011-11-15 16:08:00,0.39,15556.0,United Kingdom
576629,POST,POSTAGE,3,2011-11-16 08:37:00,18.0,12621.0,Germany
576630,POST,POSTAGE,1,2011-11-16 08:38:00,18.0,13816.0,Germany
576653,84849D,HOT BATHS SOAP HOLDER,72,2011-11-16 10:45:00,1.69,14156.0,EIRE
576657,POST,POSTAGE,3,2011-11-16 11:03:00,18.0,12720.0,Germany
576664,POST,POSTAGE,1,2011-11-16 11:41:00,15.0,14646.0,Netherlands
576667,17107D,FLOWER FAIRY 5 DRAWER LINERS,6,2011-11-16 11:48:00,2.55,12963.0,United Kingdom
576667,85232D,SET/3 DECOUPAGE STACKING TINS,3,2011-11-16 11:48:00,4.95,12963.0,United Kingdom
576669,POST,POSTAGE,1,2011-11-16 11:52:00,18.0,12640.0,France
576704,84997D,CHILDRENS CUTLERY POLKADOT PINK,1,2011-11-16 12:29:00,4.15,14527.0,United Kingdom
576770,46000M,POLYESTER FILLER PAD 45x45cm,2,2011-11-16 13:16:00,1.55,13926.0,United Kingdom
576779,47591D,PINK FAIRY CAKE CHILDRENS APRON,6,2011-11-16 13:25:00,1.95,14554.0,United Kingdom
576784,79191D,RETRO PLASTIC DAISY TRAY,6,2011-11-16 13:40:00,0.85,16204.0,United Kingdom
576787,POST,POSTAGE,4,2011-11-16 13:54:00,18.0,13815.0,Germany
576789,POST,POSTAGE,1,2011-11-16 13:56:00,18.0,12569.0,Germany
576790,POST,POSTAGE,1,2011-11-16 13:59:00,18.0,12569.0,Germany
576830,85170D,SET/6 PINK BIRD T-LIGHT CANDLES,1,2011-11-16 14:54:00,2.1,14898.0,United Kingdom
576842,35471D,SET OF 3 BIRD LIGHT PINK FEATHER ,24,2011-11-16 15:31:00,0.39,13599.0,United Kingdom
576844,46000M,POLYESTER FILLER PAD 45x45cm,8,2011-11-16 15:33:00,1.55,16713.0,United Kingdom
576848,85071D,CHARLIE+LOLA MY ROOM DOOR SIGN,4,2011-11-16 15:38:00,0.39,15051.0,United Kingdom
576864,16169M,WRAP DAISY CARPET ,25,2011-11-16 16:06:00,0.42,12748.0,United Kingdom
576863,POST,POSTAGE,2,2011-11-16 16:06:00,18.0,12626.0,Germany
576869,POST,POSTAGE,1,2011-11-16 16:20:00,18.0,12500.0,Germany
576876,35471D,SET OF 3 BIRD LIGHT PINK FEATHER ,6,2011-11-16 16:42:00,0.39,16804.0,United Kingdom
576890,POST,POSTAGE,2,2011-11-16 17:25:00,18.0,12662.0,Germany
576893,POST,POSTAGE,1,2011-11-17 08:29:00,18.0,12481.0,Germany
576894,POST,POSTAGE,2,2011-11-17 08:35:00,18.0,12681.0,France
576897,POST,POSTAGE,7,2011-11-17 08:41:00,65.0,17828.0,Malta
576899,85232D,SET/3 DECOUPAGE STACKING TINS,3,2011-11-17 08:49:00,4.95,14911.0,EIRE
576907,POST,POSTAGE,1,2011-11-17 09:34:00,40.0,12610.0,Italy
576909,POST,POSTAGE,8,2011-11-17 09:49:00,18.0,12471.0,Germany
576910,35598D,PINK/WHITE CHRISTMAS TREE 60CM,24,2011-11-17 09:51:00,0.65,12477.0,Germany
576927,84997D,CHILDRENS CUTLERY POLKADOT PINK,4,2011-11-17 11:02:00,4.15,12567.0,France
576927,POST,POSTAGE,6,2011-11-17 11:02:00,18.0,12567.0,France
576933,47591D,PINK FAIRY CAKE CHILDRENS APRON,4,2011-11-17 11:29:00,1.95,15529.0,United Kingdom
576941,POST,POSTAGE,5,2011-11-17 11:34:00,18.0,12562.0,France
577010,16168M,FUNKY MONKEY GIFT BAG MEDIUM,4,2011-11-17 12:11:00,0.42,15506.0,United Kingdom
577024,84926D,LA PALMIERA TILE COASTER,8,2011-11-17 12:47:00,0.29,14704.0,United Kingdom
577024,17107D,FLOWER FAIRY 5 DRAWER LINERS,1,2011-11-17 12:47:00,2.55,14704.0,United Kingdom
577027,35599D,PINK AND WHITE CHRISTMAS TREE 120CM,24,2011-11-17 12:56:00,1.95,12647.0,Germany
577027,POST,POSTAGE,5,2011-11-17 12:56:00,18.0,12647.0,Germany
577029,47591D,PINK FAIRY CAKE CHILDRENS APRON,2,2011-11-17 12:59:00,1.95,15563.0,United Kingdom
577029,M,Manual,30,2011-11-17 12:59:00,1.0,15563.0,United Kingdom
577034,35599D,PINK AND WHITE CHRISTMAS TREE 120CM,1,2011-11-17 13:16:00,1.95,12847.0,United Kingdom
577039,85232D,SET/3 DECOUPAGE STACKING TINS,6,2011-11-17 13:30:00,4.95,12539.0,Spain
577046,POST,POSTAGE,7,2011-11-17 13:46:00,18.0,12449.0,Belgium
577048,47591D,PINK FAIRY CAKE CHILDRENS APRON,8,2011-11-17 13:50:00,1.95,13247.0,United Kingdom
577050,15044D,RED PAPER PARASOL,6,2011-11-17 13:59:00,2.95,14191.0,United Kingdom
577051,17012D,ORIGAMI ROSE INCENSE/CANDLE SET ,1,2011-11-17 14:02:00,0.85,14034.0,United Kingdom
577056,90160D,PINK BOUDICCA LARGE BRACELET,10,2011-11-17 14:24:00,6.95,17985.0,United Kingdom
577058,85232D,SET/3 DECOUPAGE STACKING TINS,1,2011-11-17 14:29:00,4.95,18122.0,United Kingdom
577058,M,Manual,2,2011-11-17 14:29:00,0.29,18122.0,United Kingdom
577058,82613D,METAL SIGN CUPCAKE SINGLE HOOK,1,2011-11-17 14:29:00,1.25,18122.0,United Kingdom
577062,82613D,METAL SIGN CUPCAKE SINGLE HOOK,8,2011-11-17 14:40:00,1.25,18221.0,United Kingdom
577067,POST,POSTAGE,2,2011-11-17 14:49:00,40.0,12704.0,Finland
577068,M,Manual,30,2011-11-17 14:50:00,0.3,15563.0,United Kingdom
577087,POST,POSTAGE,2,2011-11-17 15:55:00,15.0,12464.0,Belgium
577095,35471D,SET OF 3 BIRD LIGHT PINK FEATHER ,2,2011-11-17 16:39:00,0.39,15867.0,United Kingdom
577106,84997D,CHILDRENS CUTLERY POLKADOT PINK,1,2011-11-17 17:18:00,4.15,14456.0,United Kingdom
577121,POST,POSTAGE,4,2011-11-17 18:29:00,18.0,12681.0,France
577125,POST,POSTAGE,2,2011-11-17 18:43:00,28.0,12445.0,Spain
577126,84997D,CHILDRENS CUTLERY POLKADOT PINK,12,2011-11-17 19:22:00,4.15,12406.0,Denmark
577135,POST,POSTAGE,2,2011-11-18 08:56:00,18.0,12427.0,Germany
577148,79302M,"ART LIGHTS,FUNK MONKEY",6,2011-11-18 09:43:00,2.95,13941.0,United Kingdom
577152,84997D,CHILDRENS CUTLERY POLKADOT PINK,8,2011-11-18 09:53:00,4.15,14277.0,France
577152,POST,POSTAGE,2,2011-11-18 09:53:00,18.0,14277.0,France
577168,POST,POSTAGE,7,2011-11-18 10:42:00,18.0,12603.0,Germany
577168,M,Manual,1,2011-11-18 10:42:00,0.0,12603.0,Germany
577174,84997D,CHILDRENS CUTLERY POLKADOT PINK,1,2011-11-18 10:58:00,4.15,17841.0,United Kingdom
577174,47591D,PINK FAIRY CAKE CHILDRENS APRON,1,2011-11-18 10:58:00,1.95,17841.0,United Kingdom
577175,47591D,PINK FAIRY CAKE CHILDRENS APRON,8,2011-11-18 10:58:00,1.95,14849.0,United Kingdom
577178,POST,POSTAGE,1,2011-11-18 11:10:00,40.0,12618.0,Italy
577180,POST,POSTAGE,8,2011-11-18 11:27:00,18.0,12380.0,Belgium
577286,85170D,SET/6 PINK BIRD T-LIGHT CANDLES,1,2011-11-18 12:39:00,2.1,14606.0,United Kingdom
577295,POST,POSTAGE,3,2011-11-18 12:46:00,18.0,12682.0,France
577296,35471D,SET OF 3 BIRD LIGHT PINK FEATHER ,2,2011-11-18 12:47:00,0.39,17286.0,United Kingdom
577297,35598D,PINK/WHITE CHRISTMAS TREE 60CM,2,2011-11-18 12:48:00,0.65,14593.0,United Kingdom
577299,POST,POSTAGE,1,2011-11-18 12:52:00,18.0,12498.0,Germany
577303,84997D,CHILDRENS CUTLERY POLKADOT PINK,3,2011-11-18 13:02:00,4.15,14390.0,United Kingdom
577314,85232D,SET/3 DECOUPAGE STACKING TINS,3,2011-11-18 13:23:00,4.95,12444.0,Norway
577314,POST,POSTAGE,6,2011-11-18 13:23:00,40.0,12444.0,Norway
577315,90026D,GLASS BEAD HOOP NECKLACE AMETHYST,1,2011-11-18 13:25:00,8.5,17811.0,United Kingdom
577316,84997D,CHILDRENS CUTLERY POLKADOT PINK,4,2011-11-18 13:30:00,4.15,12578.0,Italy
577316,47591D,PINK FAIRY CAKE CHILDRENS APRON,8,2011-11-18 13:30:00,1.95,12578.0,Italy
577316,POST,POSTAGE,7,2011-11-18 13:30:00,28.0,12578.0,Italy
577326,POST,POSTAGE,2,2011-11-18 14:08:00,15.0,14646.0,Netherlands
577344,POST,POSTAGE,1,2011-11-18 15:14:00,18.0,12437.0,France
577406,POST,POSTAGE,1,2011-11-20 10:36:00,18.0,12702.0,Germany
577411,47310M,SMALL POP BOX FUNKY MONKEY,4,2011-11-20 11:00:00,1.25,17387.0,United Kingdom
577438,47591D,PINK FAIRY CAKE CHILDRENS APRON,3,2011-11-20 11:09:00,1.95,18118.0,United Kingdom
577474,POST,POSTAGE,3,2011-11-20 11:30:00,18.0,12778.0,Netherlands
577476,POST,POSTAGE,3,2011-11-20 11:31:00,28.0,12540.0,Spain
577483,85071D,CHARLIE+LOLA MY ROOM DOOR SIGN,1,2011-11-20 11:50:00,0.39,14502.0,United Kingdom
577493,35471D,SET OF 3 BIRD LIGHT PINK FEATHER ,3,2011-11-20 12:13:00,0.39,17323.0,United Kingdom
577495,17107D,FLOWER FAIRY 5 DRAWER LINERS,1,2011-11-20 12:20:00,2.55,14704.0,United Kingdom
577503,84997D,CHILDRENS CUTLERY POLKADOT PINK,2,2011-11-20 12:34:00,4.15,18110.0,United Kingdom
577503,72800D,4 BLUE DINNER CANDLES SILVER FLOCK,1,2011-11-20 12:34:00,2.55,18110.0,United Kingdom
577504,84849D,HOT BATHS SOAP HOLDER,2,2011-11-20 12:36:00,1.69,14159.0,United Kingdom
577504,47310M,SMALL POP BOX FUNKY MONKEY,1,2011-11-20 12:36:00,1.25,14159.0,United Kingdom
577504,47591D,PINK FAIRY CAKE CHILDRENS APRON,1,2011-11-20 12:36:00,1.95,14159.0,United Kingdom
577504,84849D,HOT BATHS SOAP HOLDER,1,2011-11-20 12:36:00,1.69,14159.0,United Kingdom
577506,17107D,FLOWER FAIRY 5 DRAWER LINERS,3,2011-11-20 12:40:00,2.55,13212.0,United Kingdom
577506,85071D,CHARLIE+LOLA MY ROOM DOOR SIGN,1,2011-11-20 12:40:00,0.39,13212.0,United Kingdom
577507,35598D,PINK/WHITE CHRISTMAS TREE 60CM,1,2011-11-20 12:42:00,0.65,14710.0,United Kingdom
577523,POST,POSTAGE,1,2011-11-20 13:33:00,28.0,12597.0,Spain
577526,84997D,CHILDRENS CUTLERY POLKADOT PINK,8,2011-11-20 13:39:00,4.15,16513.0,United Kingdom
577532,17012D,ORIGAMI ROSE INCENSE/CANDLE SET ,3,2011-11-20 14:01:00,0.85,16666.0,United Kingdom
577532,37489D,PINK/GREEN FLOWER DESIGN BIG MUG,3,2011-11-20 14:01:00,0.39,16666.0,United Kingdom
577532,35471D,SET OF 3 BIRD LIGHT PINK FEATHER ,1,2011-11-20 14:01:00,0.39,16666.0,United Kingdom
577551,POST,POSTAGE,2,2011-11-20 15:21:00,15.0,12395.0,Belgium
577557,79191D,RETRO PLASTIC DAISY TRAY,1,2011-11-20 15:36:00,0.85,15426.0,United Kingdom
577572,46000M,POLYESTER FILLER PAD 45x45cm,4,2011-11-20 15:48:00,1.55,17384.0,United Kingdom
577595,85071D,CHARLIE+LOLA MY ROOM DOOR SIGN,2,2011-11-20 16:12:00,0.39,16399.0,United Kingdom
577600,84997D,CHILDRENS CUTLERY POLKADOT PINK,8,2011-11-21 08:28:00,4.15,14447.0,United Kingdom
577606,POST,POSTAGE,3,2011-11-21 09:11:00,28.0,12462.0,Spain
577609,POST,POSTAGE,1,2011-11-21 09:51:00,300.0,12349.0,Italy
577615,POST,POSTAGE,3,2011-11-21 10:22:00,18.0,12658.0,Germany
577618,POST,POSTAGE,4,2011-11-21 10:27:00,28.0,12795.0,Portugal
577646,35471D,SET OF 3 BIRD LIGHT PINK FEATHER ,24,2011-11-21 10:39:00,0.39,13189.0,United Kingdom
577687,POST,POSTAGE,3,2011-11-21 11:16:00,18.0,12583.0,France
577691,84997D,CHILDRENS CUTLERY POLKADOT PINK,2,2011-11-21 11:34:00,4.15,14587.0,United Kingdom
577695,M,Manual,1,2011-11-21 11:55:00,0.42,15645.0,United Kingdom
577695,37489D,PINK/GREEN FLOWER DESIGN BIG MUG,4,2011-11-21 11:55:00,0.39,15645.0,United Kingdom
577696,84997D,CHILDRENS CUTLERY POLKADOT PINK,1,2011-11-21 11:57:00,4.15,16406.0,United Kingdom
577696,M,Manual,1,2011-11-21 11:57:00,0.0,16406.0,United Kingdom
577696,35471D,SET OF 3 BIRD LIGHT PINK FEATHER ,1,2011-11-21 11:57:00,0.39,16406.0,United Kingdom
577698,47591D,PINK FAIRY CAKE CHILDRENS APRON,3,2011-11-21 12:05:00,1.95,14963.0,United Kingdom
577711,84997D,CHILDRENS CUTLERY POLKADOT PINK,2,2011-11-21 12:17:00,4.15,15527.0,United Kingdom
577723,35471D,SET OF 3 BIRD LIGHT PINK FEATHER ,6,2011-11-21 12:36:00,0.39,16713.0,United Kingdom
577740,47591D,PINK FAIRY CAKE CHILDRENS APRON,8,2011-11-21 13:36:00,1.95,17625.0,United Kingdom
577770,47591D,PINK FAIRY CAKE CHILDRENS APRON,8,2011-11-21 15:33:00,1.95,13282.0,United Kingdom
577773,M,Manual,3,2011-11-21 15:57:00,2.55,16712.0,United Kingdom
577801,35471D,SET OF 3 BIRD LIGHT PINK FEATHER ,48,2011-11-21 17:04:00,0.39,17629.0,United Kingdom
577834,46000M,POLYESTER FILLER PAD 45x45cm,12,2011-11-22 10:21:00,1.55,17528.0,United Kingdom
577855,85232D,SET/3 DECOUPAGE STACKING TINS,1,2011-11-22 11:18:00,4.95,15877.0,United Kingdom
577856,POST,POSTAGE,4,2011-11-22 11:19:00,18.0,12490.0,France
577880,35471D,SET OF 3 BIRD LIGHT PINK FEATHER ,24,2011-11-22 11:37:00,0.39,14515.0,United Kingdom
577893,M,Manual,1,2011-11-22 11:47:00,1.25,17073.0,United Kingdom
577906,M,Manual,76,2011-11-22 11:51:00,0.29,13268.0,United Kingdom
577938,M,Manual,2,2011-11-22 12:07:00,1.25,15525.0,United Kingdom
577951,35471D,SET OF 3 BIRD LIGHT PINK FEATHER ,5,2011-11-22 12:09:00,0.39,17238.0,United Kingdom
578008,84997D,CHILDRENS CUTLERY POLKADOT PINK,1,2011-11-22 12:47:00,4.15,14657.0,United Kingdom
578008,47591D,PINK FAIRY CAKE CHILDRENS APRON,8,2011-11-22 12:47:00,1.95,14657.0,United Kingdom
578017,M,Manual,1,2011-11-22 13:07:00,1.5,13569.0,United Kingdom
578026,47591D,PINK FAIRY CAKE CHILDRENS APRON,8,2011-11-22 13:29:00,1.95,17659.0,United Kingdom
578033,POST,POSTAGE,4,2011-11-22 13:42:00,18.0,12656.0,France
578034,POST,POSTAGE,5,2011-11-22 13:47:00,15.0,14646.0,Netherlands
578036,M,Manual,2,2011-11-22 14:04:00,0.08,16474.0,United Kingdom
578040,84849D,HOT BATHS SOAP HOLDER,3,2011-11-22 14:21:00,1.69,13322.0,United Kingdom
578041,M,Manual,3,2011-11-22 14:23:00,1.25,17338.0,United Kingdom
578043,POST,POSTAGE,2,2011-11-22 14:39:00,18.0,12474.0,Germany
578045,79063D,"RETRO PILL BOX , REVOLUTIONARY",1,2011-11-22 14:43:00,0.19,17297.0,United Kingdom
578060,M,Manual,1600,2011-11-22 15:22:00,0.25,17857.0,United Kingdom
578063,47591D,PINK FAIRY CAKE CHILDRENS APRON,8,2011-11-22 15:36:00,1.95,16929.0,United Kingdom
578074,M,Manual,1,2011-11-22 16:06:00,1.25,17590.0,United Kingdom
578074,47591D,PINK FAIRY CAKE CHILDRENS APRON,1,2011-11-22 16:06:00,1.95,17590.0,United Kingdom
578082,POST,POSTAGE,1,2011-11-22 16:33:00,15.0,12775.0,Netherlands
578084,POST,POSTAGE,2,2011-11-22 16:34:00,15.0,12465.0,Belgium
578089,POST,POSTAGE,4,2011-11-22 17:02:00,40.0,12483.0,Sweden
578099,POST,POSTAGE,2,2011-11-23 08:05:00,1.0,12452.0,Switzerland
578114,47591D,PINK FAIRY CAKE CHILDRENS APRON,8,2011-11-23 09:41:00,1.95,16185.0,United Kingdom
578115,35471D,SET OF 3 BIRD LIGHT PINK FEATHER ,24,2011-11-23 09:44:00,0.39,16600.0,United Kingdom
578117,47591D,PINK FAIRY CAKE CHILDRENS APRON,8,2011-11-23 10:01:00,1.95,14334.0,United Kingdom
578123,POST,POSTAGE,2,2011-11-23 10:28:00,40.0,12452.0,Switzerland
578125,35471D,SET OF 3 BIRD LIGHT PINK FEATHER ,48,2011-11-23 10:31:00,0.39,17511.0,United Kingdom
578126,POST,POSTAGE,1,2011-11-23 10:32:00,4.95,16900.0,United Kingdom
578140,47591D,PINK FAIRY CAKE CHILDRENS APRON,50,2011-11-23 10:58:00,1.65,14646.0,Netherlands
578147,47310M,SMALL POP BOX FUNKY MONKEY,2,2011-11-23 11:09:00,1.25,12748.0,United Kingdom
578155,47591D,PINK FAIRY CAKE CHILDRENS APRON,4,2011-11-23 11:32:00,1.95,12748.0,United Kingdom
578171,84997D,CHILDRENS CUTLERY POLKADOT PINK,8,2011-11-23 11:36:00,4.15,17685.0,United Kingdom
578231,84997D,CHILDRENS CUTLERY POLKADOT PINK,2,2011-11-23 12:05:00,4.15,14527.0,United Kingdom
578231,47591D,PINK FAIRY CAKE CHILDRENS APRON,2,2011-11-23 12:05:00,1.95,14527.0,United Kingdom
578233,47591D,PINK FAIRY CAKE CHILDRENS APRON,6,2011-11-23 12:20:00,1.95,14049.0,United Kingdom
578250,84997D,CHILDRENS CUTLERY POLKADOT PINK,1,2011-11-23 12:43:00,4.15,15901.0,United Kingdom
578270,47310M,SMALL POP BOX FUNKY MONKEY,1,2011-11-23 13:39:00,1.63,14096.0,United Kingdom
578270,47591D,PINK FAIRY CAKE CHILDRENS APRON,3,2011-11-23 13:39:00,4.13,14096.0,United Kingdom
578270,84997D,CHILDRENS CUTLERY POLKADOT PINK,1,2011-11-23 13:39:00,8.29,14096.0,United Kingdom
578270,85129D,BEADED CRYSTAL HEART PINK SMALL,1,2011-11-23 13:39:00,2.46,14096.0,United Kingdom
578270,DOT,DOTCOM POSTAGE,1,2011-11-23 13:39:00,1270.06,14096.0,United Kingdom
578289,35471D,SET OF 3 BIRD LIGHT PINK FEATHER ,12,2011-11-23 14:07:00,0.39,17841.0,United Kingdom
578295,POST,POSTAGE,2,2011-11-23 14:39:00,18.0,12569.0,Germany
578298,POST,POSTAGE,3,2011-11-23 14:52:00,18.0,12619.0,Germany
578300,84997D,CHILDRENS CUTLERY POLKADOT PINK,72,2011-11-23 15:02:00,3.75,12664.0,Finland
578300,POST,POSTAGE,1,2011-11-23 15:02:00,40.0,12664.0,Finland
578305,79302M,"ART LIGHTS,FUNK MONKEY",32,2011-11-23 15:44:00,2.55,14088.0,United Kingdom
578307,47591D,PINK FAIRY CAKE CHILDRENS APRON,4,2011-11-23 15:53:00,1.95,17290.0,United Kingdom
578321,84997D,CHILDRENS CUTLERY POLKADOT PINK,360,2011-11-23 16:59:00,3.75,12557.0,Spain
578333,POST,POSTAGE,2,2011-11-24 08:50:00,18.0,12471.0,Germany
578339,POST,POSTAGE,1,2011-11-24 09:07:00,28.0,12421.0,Spain
578348,POST,POSTAGE,2,2011-11-24 09:34:00,18.0,12494.0,France
578357,17012D,ORIGAMI ROSE INCENSE/CANDLE SET ,18,2011-11-24 10:24:00,0.85,17228.0,United Kingdom
578357,35471D,SET OF 3 BIRD LIGHT PINK FEATHER ,36,2011-11-24 10:24:00,0.39,17228.0,United Kingdom
578400,15044D,RED PAPER PARASOL,1,2011-11-24 11:52:00,2.95,12748.0,United Kingdom
578425,POST,POSTAGE,4,2011-11-24 12:01:00,18.0,12705.0,Germany
578463,POST,POSTAGE,2,2011-11-24 12:30:00,28.0,12757.0,Portugal
578469,POST,POSTAGE,4,2011-11-24 12:36:00,18.0,12471.0,Germany
578472,POST,POSTAGE,9,2011-11-24 12:40:00,18.0,12476.0,Germany
578485,84997D,CHILDRENS CUTLERY POLKADOT PINK,8,2011-11-24 12:52:00,4.15,12921.0,United Kingdom
578509,POST,POSTAGE,1,2011-11-24 13:17:00,18.0,12705.0,Germany
578522,47591D,PINK FAIRY CAKE CHILDRENS APRON,1,2011-11-24 14:09:00,1.95,17254.0,United Kingdom
578523,79302M,"ART LIGHTS,FUNK MONKEY",2,2011-11-24 14:10:00,2.95,15311.0,United Kingdom
578531,17012D,ORIGAMI ROSE INCENSE/CANDLE SET ,1,2011-11-24 14:40:00,0.85,17364.0,United Kingdom
578548,35471D,SET OF 3 BIRD LIGHT PINK FEATHER ,5,2011-11-24 15:02:00,0.39,17345.0,United Kingdom
578548,35471D,SET OF 3 BIRD LIGHT PINK FEATHER ,12,2011-11-24 15:02:00,0.39,17345.0,United Kingdom
578547,POST,POSTAGE,3,2011-11-24 15:02:00,18.0,12720.0,Germany
578661,84997D,CHILDRENS CUTLERY POLKADOT PINK,4,2011-11-24 16:46:00,4.15,18188.0,United Kingdom
578662,84997D,CHILDRENS CUTLERY POLKADOT PINK,2,2011-11-24 16:51:00,4.15,17516.0,United Kingdom
578666,47591D,PINK FAIRY CAKE CHILDRENS APRON,8,2011-11-24 17:06:00,1.95,17727.0,United Kingdom
578678,46000M,POLYESTER FILLER PAD 45x45cm,2,2011-11-24 19:59:00,1.55,17841.0,United Kingdom
578678,35599D,PINK AND WHITE CHRISTMAS TREE 120CM,1,2011-11-24 19:59:00,1.95,17841.0,United Kingdom
578696,84997D,CHILDRENS CUTLERY POLKADOT PINK,8,2011-11-25 10:02:00,4.15,13985.0,United Kingdom
578698,POST,POSTAGE,2,2011-11-25 10:20:00,18.0,12620.0,France
578699,47591D,PINK FAIRY CAKE CHILDRENS APRON,8,2011-11-25 10:22:00,1.95,13113.0,United Kingdom
578736,POST,POSTAGE,8,2011-11-25 11:33:00,18.0,12681.0,France
578757,M,Manual,2,2011-11-25 11:41:00,0.85,12748.0,United Kingdom
578781,17107D,FLOWER FAIRY 5 DRAWER LINERS,1,2011-11-25 11:54:00,2.55,15872.0,United Kingdom
578781,84997D,CHILDRENS CUTLERY POLKADOT PINK,1,2011-11-25 11:54:00,4.15,15872.0,United Kingdom
578781,35471D,SET OF 3 BIRD LIGHT PINK FEATHER ,1,2011-11-25 11:54:00,0.39,15872.0,United Kingdom
578783,47310M,SMALL POP BOX FUNKY MONKEY,5,2011-11-25 11:58:00,1.25,12748.0,United Kingdom
578795,35471D,SET OF 3 BIRD LIGHT PINK FEATHER ,12,2011-11-25 12:29:00,0.39,17243.0,United Kingdom
578804,35471D,SET OF 3 BIRD LIGHT PINK FEATHER ,24,2011-11-25 12:57:00,0.39,17557.0,United Kingdom
578808,15044D,RED PAPER PARASOL,3,2011-11-25 13:23:00,2.95,16327.0,United Kingdom
578808,47591D,PINK FAIRY CAKE CHILDRENS APRON,2,2011-11-25 13:23:00,1.95,16327.0,United Kingdom
578811,47591D,PINK FAIRY CAKE CHILDRENS APRON,8,2011-11-25 13:28:00,1.95,12438.0,Norway
578811,POST,POSTAGE,8,2011-11-25 13:28:00,40.0,12438.0,Norway
578814,47591D,PINK FAIRY CAKE CHILDRENS APRON,6,2011-11-25 13:40:00,1.95,12748.0,United Kingdom
578818,47591D,PINK FAIRY CAKE CHILDRENS APRON,1,2011-11-25 13:47:00,1.95,17920.0,United Kingdom
578835,POST,POSTAGE,1,2011-11-25 15:44:00,18.0,12682.0,France
578843,17107D,FLOWER FAIRY 5 DRAWER LINERS,2,2011-11-25 16:13:00,2.55,17813.0,United Kingdom
578850,35471D,SET OF 3 BIRD LIGHT PINK FEATHER ,12,2011-11-27 10:47:00,0.39,13571.0,United Kingdom
578852,46000M,POLYESTER FILLER PAD 45x45cm,3,2011-11-27 11:12:00,1.55,17841.0,United Kingdom
578929,35471D,SET OF 3 BIRD LIGHT PINK FEATHER ,4,2011-11-27 12:31:00,0.39,13064.0,United Kingdom
578935,47310M,SMALL POP BOX FUNKY MONKEY,1,2011-11-27 12:52:00,1.25,15351.0,United Kingdom
578941,16162M,THE KING GIFT BAG 25x24x12cm,2,2011-11-27 13:26:00,0.42,16024.0,United Kingdom
578941,M,Manual,6,2011-11-27 13:26:00,0.39,16024.0,United Kingdom
578941,M,Manual,14,2011-11-27 13:26:00,0.21,16024.0,United Kingdom
578941,15044D,RED PAPER PARASOL,1,2011-11-27 13:26:00,2.95,16024.0,United Kingdom
578944,85071D,CHARLIE+LOLA MY ROOM DOOR SIGN,1,2011-11-27 13:41:00,0.39,16005.0,United Kingdom
578954,79063D,"RETRO PILL BOX , REVOLUTIONARY",1,2011-11-27 15:02:00,0.19,15054.0,United Kingdom
578954,17012D,ORIGAMI ROSE INCENSE/CANDLE SET ,3,2011-11-27 15:02:00,0.85,15054.0,United Kingdom
578977,90082D,DIAMANTE BOW BROOCH BLACK COLOUR,1,2011-11-27 15:18:00,6.35,17231.0,United Kingdom
578977,46000M,POLYESTER FILLER PAD 45x45cm,2,2011-11-27 15:18:00,1.55,17231.0,United Kingdom
578994,47591D,PINK FAIRY CAKE CHILDRENS APRON,8,2011-11-27 15:44:00,1.95,14911.0,EIRE
578996,M,Manual,1,2011-11-27 16:02:00,1.0,13991.0,United Kingdom
578996,47591D,PINK FAIRY CAKE CHILDRENS APRON,3,2011-11-27 16:02:00,1.95,13991.0,United Kingdom
578998,79063D,"RETRO PILL BOX , REVOLUTIONARY",1,2011-11-27 16:05:00,0.19,15436.0,United Kingdom
579002,47591D,PINK FAIRY CAKE CHILDRENS APRON,1,2011-11-27 16:27:00,1.95,14093.0,United Kingdom
579062,35599D,PINK AND WHITE CHRISTMAS TREE 120CM,12,2011-11-28 10:29:00,1.95,17651.0,United Kingdom
579089,47591D,PINK FAIRY CAKE CHILDRENS APRON,1,2011-11-28 10:46:00,1.95,17920.0,United Kingdom
579089,35598D,PINK/WHITE CHRISTMAS TREE 60CM,1,2011-11-28 10:46:00,0.65,17920.0,United Kingdom
579091,79302M,"ART LIGHTS,FUNK MONKEY",6,2011-11-28 10:49:00,2.95,14893.0,United Kingdom
579093,15044D,RED PAPER PARASOL,6,2011-11-28 10:54:00,2.95,13081.0,United Kingdom
579094,POST,POSTAGE,8,2011-11-28 10:56:00,18.0,12668.0,Germany
579102,85232D,SET/3 DECOUPAGE STACKING TINS,3,2011-11-28 11:33:00,4.95,14911.0,EIRE
579106,46000M,POLYESTER FILLER PAD 45x45cm,6,2011-11-28 11:42:00,1.55,16705.0,United Kingdom
579125,35471D,SET OF 3 BIRD LIGHT PINK FEATHER ,24,2011-11-28 12:19:00,0.39,14215.0,United Kingdom
579126,47591D,PINK FAIRY CAKE CHILDRENS APRON,50,2011-11-28 12:19:00,1.65,13798.0,United Kingdom
579137,BANK CHARGES,Bank Charges,1,2011-11-28 12:51:00,15.0,14704.0,United Kingdom
579153,POST,POSTAGE,1,2011-11-28 13:26:00,18.0,12660.0,France
579152,POST,POSTAGE,3,2011-11-28 13:26:00,18.0,12479.0,Germany
579155,72800D,4 BLUE DINNER CANDLES SILVER FLOCK,1,2011-11-28 13:37:00,2.55,18101.0,United Kingdom
579173,35471D,SET OF 3 BIRD LIGHT PINK FEATHER ,2,2011-11-28 14:37:00,0.39,17359.0,United Kingdom
579190,POST,POSTAGE,4,2011-11-28 15:35:00,18.0,12657.0,France
579193,POST,POSTAGE,4,2011-11-28 15:47:00,18.0,12657.0,France
579196,47310M,SMALL POP BOX FUNKY MONKEY,1,2011-11-28 15:54:00,1.63,14096.0,United Kingdom
579196,47591D,PINK FAIRY CAKE CHILDRENS APRON,2,2011-11-28 15:54:00,4.13,14096.0,United Kingdom
579196,85129D,BEADED CRYSTAL HEART PINK SMALL,1,2011-11-28 15:54:00,2.46,14096.0,United Kingdom
579196,85170D,SET/6 PINK BIRD T-LIGHT CANDLES,1,2011-11-28 15:54:00,4.13,14096.0,United Kingdom
579196,DOT,DOTCOM POSTAGE,1,2011-11-28 15:54:00,1526.76,14096.0,United Kingdom
579196,15044D,RED PAPER PARASOL,1,2011-11-28 15:54:00,5.79,14096.0,United Kingdom
579259,POST,POSTAGE,1,2011-11-29 08:40:00,40.0,12451.0,Switzerland
579264,35471D,SET OF 3 BIRD LIGHT PINK FEATHER ,24,2011-11-29 09:15:00,0.39,13599.0,United Kingdom
579274,46000M,POLYESTER FILLER PAD 45x45cm,4,2011-11-29 10:01:00,1.55,13467.0,United Kingdom
579276,POST,POSTAGE,1,2011-11-29 10:10:00,18.0,12654.0,Germany
579281,POST,POSTAGE,1,2011-11-29 10:36:00,40.0,12375.0,Finland
579301,84997D,CHILDRENS CUTLERY POLKADOT PINK,1,2011-11-29 11:32:00,4.15,18118.0,United Kingdom
579301,85071D,CHARLIE+LOLA MY ROOM DOOR SIGN,2,2011-11-29 11:32:00,0.39,18118.0,United Kingdom
579345,POST,POSTAGE,4,2011-11-29 11:46:00,18.0,12727.0,France
579387,84997D,CHILDRENS CUTLERY POLKADOT PINK,2,2011-11-29 12:06:00,4.15,14452.0,United Kingdom
579393,85169D,PINK LOVE BIRD CANDLE,12,2011-11-29 12:07:00,1.25,12627.0,Germany
579393,POST,POSTAGE,3,2011-11-29 12:07:00,18.0,12627.0,Germany
579399,47591D,PINK FAIRY CAKE CHILDRENS APRON,1,2011-11-29 12:09:00,1.95,13137.0,United Kingdom
579416,POST,POSTAGE,5,2011-11-29 13:00:00,18.0,12471.0,Germany
579441,POST,POSTAGE,4,2011-11-29 13:33:00,15.0,12464.0,Belgium
579446,17012D,ORIGAMI ROSE INCENSE/CANDLE SET ,24,2011-11-29 13:43:00,0.85,14121.0,United Kingdom
579447,84997D,CHILDRENS CUTLERY POLKADOT PINK,4,2011-11-29 13:46:00,4.15,14390.0,United Kingdom
579456,35471D,SET OF 3 BIRD LIGHT PINK FEATHER ,1,2011-11-29 14:20:00,0.39,13428.0,United Kingdom
579468,46000M,POLYESTER FILLER PAD 45x45cm,6,2011-11-29 14:58:00,1.55,14711.0,United Kingdom
579472,35471D,SET OF 3 BIRD LIGHT PINK FEATHER ,2,2011-11-29 15:09:00,0.39,13521.0,United Kingdom
579472,47591D,PINK FAIRY CAKE CHILDRENS APRON,1,2011-11-29 15:09:00,1.95,13521.0,United Kingdom
579492,POST,POSTAGE,3,2011-11-29 15:23:00,18.0,12670.0,France
579516,47591D,PINK FAIRY CAKE CHILDRENS APRON,1,2011-11-29 17:52:00,1.95,17841.0,United Kingdom
579528,POST,POSTAGE,1,2011-11-30 08:44:00,15.0,12787.0,Netherlands
579529,POST,POSTAGE,3,2011-11-30 08:50:00,18.0,12488.0,France
579529,47591D,PINK FAIRY CAKE CHILDRENS APRON,8,2011-11-30 08:50:00,1.95,12488.0,France
579536,47310M,SMALL POP BOX FUNKY MONKEY,6,2011-11-30 09:53:00,1.25,12957.0,United Kingdom
579550,POST,POSTAGE,3,2011-11-30 10:48:00,40.0,12630.0,Finland
579553,17012D,ORIGAMI ROSE INCENSE/CANDLE SET ,24,2011-11-30 10:54:00,0.85,14156.0,EIRE
579555,85071D,CHARLIE+LOLA MY ROOM DOOR SIGN,5,2011-11-30 11:08:00,0.39,16241.0,United Kingdom
579629,47591D,PINK FAIRY CAKE CHILDRENS APRON,2,2011-11-30 12:16:00,1.95,14963.0,United Kingdom
579673,47591D,PINK FAIRY CAKE CHILDRENS APRON,2,2011-11-30 12:59:00,1.95,18283.0,United Kingdom
579690,35471D,SET OF 3 BIRD LIGHT PINK FEATHER ,2,2011-11-30 14:03:00,0.39,15060.0,United Kingdom
579708,POST,POSTAGE,4,2011-11-30 14:16:00,18.0,12682.0,France
579711,17012D,ORIGAMI ROSE INCENSE/CANDLE SET ,2,2011-11-30 14:17:00,0.85,15060.0,United Kingdom
579711,M,Manual,1,2011-11-30 14:17:00,1.25,15060.0,United Kingdom
579711,35471D,SET OF 3 BIRD LIGHT PINK FEATHER ,2,2011-11-30 14:17:00,0.39,15060.0,United Kingdom
579747,47591D,PINK FAIRY CAKE CHILDRENS APRON,8,2011-11-30 14:40:00,1.95,12528.0,Germany
579747,POST,POSTAGE,3,2011-11-30 14:40:00,18.0,12528.0,Germany
579786,POST,POSTAGE,2,2011-11-30 15:31:00,18.0,12524.0,Germany
579790,POST,POSTAGE,2,2011-11-30 15:38:00,28.0,12784.0,Portugal
579792,84997D,CHILDRENS CUTLERY POLKADOT PINK,8,2011-11-30 15:43:00,4.15,12714.0,France
579792,POST,POSTAGE,5,2011-11-30 15:43:00,18.0,12714.0,France
579870,POST,POSTAGE,2,2011-11-30 16:47:00,18.0,12437.0,France
579881,35471D,SET OF 3 BIRD LIGHT PINK FEATHER ,24,2011-11-30 17:22:00,0.39,12429.0,Denmark
579901,POST,POSTAGE,3,2011-12-01 08:35:00,18.0,12569.0,Germany
579927,POST,POSTAGE,3,2011-12-01 09:20:00,18.0,12572.0,Germany
579940,84997D,CHILDRENS CUTLERY POLKADOT PINK,4,2011-12-01 10:20:00,4.15,16938.0,United Kingdom
579946,35471D,SET OF 3 BIRD LIGHT PINK FEATHER ,12,2011-12-01 10:44:00,0.39,15993.0,United Kingdom
580027,M,Manual,1,2011-12-01 12:01:00,10.0,14178.0,United Kingdom
580028,46000M,POLYESTER FILLER PAD 45x45cm,2,2011-12-01 12:11:00,1.55,13890.0,United Kingdom
580043,84997D,CHILDRENS CUTLERY POLKADOT PINK,2,2011-12-01 12:25:00,4.15,14527.0,United Kingdom
580048,85071D,CHARLIE+LOLA MY ROOM DOOR SIGN,1,2011-12-01 12:53:00,0.39,12748.0,United Kingdom
580054,M,Manual,8,2011-12-01 13:08:00,0.08,18122.0,United Kingdom
580054,47591D,PINK FAIRY CAKE CHILDRENS APRON,3,2011-12-01 13:08:00,1.95,18122.0,United Kingdom
580119,47591D,PINK FAIRY CAKE CHILDRENS APRON,1,2011-12-01 16:37:00,1.95,17920.0,United Kingdom
580120,POST,POSTAGE,1,2011-12-01 16:38:00,18.0,12553.0,France
580123,84997D,CHILDRENS CUTLERY POLKADOT PINK,72,2011-12-01 17:07:00,3.75,12664.0,Finland
580123,POST,POSTAGE,2,2011-12-01 17:07:00,40.0,12664.0,Finland
580126,POST,POSTAGE,3,2011-12-01 17:20:00,18.0,12562.0,France
580129,84997D,CHILDRENS CUTLERY POLKADOT PINK,4,2011-12-01 18:03:00,4.15,17426.0,United Kingdom
580136,84849D,HOT BATHS SOAP HOLDER,2,2011-12-01 19:42:00,1.69,17841.0,United Kingdom
580137,85232D,SET/3 DECOUPAGE STACKING TINS,2,2011-12-01 19:54:00,4.95,17566.0,United Kingdom
580144,POST,POSTAGE,1,2011-12-02 09:53:00,18.0,12684.0,France
580152,16169M,WRAP DAISY CARPET ,25,2011-12-02 10:22:00,0.42,12364.0,Belgium
580152,POST,POSTAGE,1,2011-12-02 10:22:00,15.0,12364.0,Belgium
580153,POST,POSTAGE,5,2011-12-02 10:23:00,28.0,12762.0,Portugal
580154,POST,POSTAGE,1,2011-12-02 10:24:00,18.0,12569.0,Germany
580160,POST,POSTAGE,7,2011-12-02 10:47:00,18.0,12700.0,France
580163,47591D,PINK FAIRY CAKE CHILDRENS APRON,8,2011-12-02 11:12:00,1.95,12828.0,United Kingdom
580163,46775D,SUNSET COLOUR CHUNKY KNITTED THROW,1,2011-12-02 11:12:00,16.95,12828.0,United Kingdom
580208,46000M,POLYESTER FILLER PAD 45x45cm,4,2011-12-02 12:07:00,1.55,13468.0,United Kingdom
580256,47310M,SMALL POP BOX FUNKY MONKEY,25,2011-12-02 12:24:00,1.25,14688.0,United Kingdom
580260,35471D,SET OF 3 BIRD LIGHT PINK FEATHER ,6,2011-12-02 12:36:00,0.39,14085.0,United Kingdom
580265,POST,POSTAGE,1,2011-12-02 12:47:00,40.0,12587.0,Finland
580272,85130D,BEADED CRYSTAL HEART PINK LARGE,3,2011-12-02 12:52:00,0.79,15547.0,United Kingdom
580281,POST,POSTAGE,1,2011-12-02 13:15:00,40.0,12704.0,Finland
580300,46000M,POLYESTER FILLER PAD 45x45cm,9,2011-12-02 14:02:00,1.55,14085.0,United Kingdom
580304,84997D,CHILDRENS CUTLERY POLKADOT PINK,4,2011-12-02 14:25:00,4.15,18055.0,United Kingdom
580305,84968D,SET OF 16 VINTAGE RED CUTLERY,1,2011-12-02 14:26:00,12.75,12970.0,United Kingdom
580311,47591D,PINK FAIRY CAKE CHILDRENS APRON,8,2011-12-02 14:48:00,1.95,18245.0,United Kingdom
580357,79190D,RETRO PLASTIC DAISY TRAY,15,2011-12-02 16:07:00,0.42,15856.0,United Kingdom
580360,90161D,ANT COPPER PINK BOUDICCA BRACELET,3,2011-12-02 16:14:00,4.95,14493.0,United Kingdom
580393,17012D,ORIGAMI ROSE INCENSE/CANDLE SET ,2,2011-12-04 10:51:00,0.85,16438.0,United Kingdom
580395,35599D,PINK AND WHITE CHRISTMAS TREE 120CM,1,2011-12-04 10:56:00,2.95,17629.0,United Kingdom
580399,47591D,PINK FAIRY CAKE CHILDRENS APRON,3,2011-12-04 11:45:00,1.95,13471.0,United Kingdom
580432,35598D,PINK/WHITE CHRISTMAS TREE 60CM,48,2011-12-04 12:14:00,0.65,13153.0,United Kingdom
580432,35599D,PINK AND WHITE CHRISTMAS TREE 120CM,40,2011-12-04 12:14:00,2.95,13153.0,United Kingdom
580468,17012D,ORIGAMI ROSE INCENSE/CANDLE SET ,1,2011-12-04 12:31:00,0.85,12748.0,United Kingdom
580509,POST,POSTAGE,2,2011-12-04 13:45:00,18.0,12719.0,France
580511,POST,POSTAGE,4,2011-12-04 13:54:00,18.0,12560.0,Germany
580512,POST,POSTAGE,2,2011-12-04 13:55:00,18.0,12673.0,Germany
580520,35471D,SET OF 3 BIRD LIGHT PINK FEATHER ,4,2011-12-04 14:55:00,0.39,13521.0,United Kingdom
580527,85071D,CHARLIE+LOLA MY ROOM DOOR SIGN,1,2011-12-04 15:19:00,0.39,13736.0,United Kingdom
580527,84997D,CHILDRENS CUTLERY POLKADOT PINK,1,2011-12-04 15:19:00,4.15,13736.0,United Kingdom
580531,POST,POSTAGE,1,2011-12-04 15:47:00,18.0,12569.0,Germany
580534,POST,POSTAGE,1,2011-12-04 16:02:00,18.0,12724.0,France
580536,POST,POSTAGE,3,2011-12-04 16:07:00,18.0,12490.0,France
580545,POST,POSTAGE,1,2011-12-05 09:16:00,28.0,12782.0,Portugal
580548,POST,POSTAGE,1,2011-12-05 09:41:00,18.0,12569.0,Germany
580553,84997D,CHILDRENS CUTLERY POLKADOT PINK,8,2011-12-05 10:14:00,4.15,12646.0,USA
580595,17012D,ORIGAMI ROSE INCENSE/CANDLE SET ,24,2011-12-05 10:38:00,0.85,14194.0,United Kingdom
580596,46775D,SUNSET COLOUR CHUNKY KNITTED THROW,1,2011-12-05 11:01:00,16.95,15392.0,United Kingdom
580611,M,Manual,1,2011-12-05 11:49:00,0.85,12748.0,United Kingdom
580632,79302M,"ART LIGHTS,FUNK MONKEY",2,2011-12-05 12:16:00,2.95,16360.0,United Kingdom
580635,90161D,ANT COPPER PINK BOUDICCA BRACELET,3,2011-12-05 12:30:00,4.95,14649.0,United Kingdom
580635,90200D,PINK SWEETHEART BRACELET,12,2011-12-05 12:30:00,4.25,14649.0,United Kingdom
580638,POST,POSTAGE,1,2011-12-05 12:44:00,40.0,12381.0,Norway
580639,17012D,ORIGAMI ROSE INCENSE/CANDLE SET ,1,2011-12-05 12:46:00,0.85,17254.0,United Kingdom
580639,37489D,PINK/GREEN FLOWER DESIGN BIG MUG,2,2011-12-05 12:46:00,0.39,17254.0,United Kingdom
580645,M,Manual,1,2011-12-05 13:11:00,219.5,17857.0,United Kingdom
580646,M,Manual,800,2011-12-05 13:13:00,0.25,17857.0,United Kingdom
580648,POST,POSTAGE,1,2011-12-05 13:15:00,18.0,12628.0,Germany
580654,35471D,SET OF 3 BIRD LIGHT PINK FEATHER ,3,2011-12-05 13:37:00,0.39,15854.0,United Kingdom
580678,85130D,BEADED CRYSTAL HEART PINK LARGE,4,2011-12-05 14:49:00,0.79,18015.0,United Kingdom
580678,47591D,PINK FAIRY CAKE CHILDRENS APRON,1,2011-12-05 14:49:00,1.95,18015.0,United Kingdom
580680,84997D,CHILDRENS CUTLERY POLKADOT PINK,4,2011-12-05 14:51:00,4.15,13001.0,United Kingdom
580689,46000M,POLYESTER FILLER PAD 45x45cm,10,2011-12-05 15:43:00,1.55,12994.0,United Kingdom
580691,90214M,"LETTER ""M"" BLING KEY RING",12,2011-12-05 15:48:00,0.29,13790.0,United Kingdom
580691,90214D,"LETTER ""D"" BLING KEY RING",12,2011-12-05 15:48:00,0.29,13790.0,United Kingdom
580692,17107D,FLOWER FAIRY 5 DRAWER LINERS,5,2011-12-05 15:51:00,2.55,13173.0,United Kingdom
580693,85131D,BEADED CRYSTAL HEART PINK ON STICK,12,2011-12-05 15:59:00,1.25,15690.0,United Kingdom
580695,15044D,RED PAPER PARASOL,2,2011-12-05 16:03:00,2.95,13230.0,United Kingdom
580705,84997D,CHILDRENS CUTLERY POLKADOT PINK,4,2011-12-05 16:28:00,4.15,12683.0,France
580705,POST,POSTAGE,5,2011-12-05 16:28:00,1.0,12683.0,France
580706,POST,POSTAGE,5,2011-12-05 16:31:00,17.0,12683.0,France
580716,POST,POSTAGE,1,2011-12-05 16:48:00,18.0,12367.0,Denmark
580727,47310M,SMALL POP BOX FUNKY MONKEY,3,2011-12-05 17:17:00,1.63,14096.0,United Kingdom
580727,47591D,PINK FAIRY CAKE CHILDRENS APRON,1,2011-12-05 17:17:00,4.13,14096.0,United Kingdom
580727,84926D,LA PALMIERA TILE COASTER,1,2011-12-05 17:17:00,2.46,14096.0,United Kingdom
580727,84997D,CHILDRENS CUTLERY POLKADOT PINK,2,2011-12-05 17:17:00,8.29,14096.0,United Kingdom
580727,85129D,BEADED CRYSTAL HEART PINK SMALL,21,2011-12-05 17:17:00,2.46,14096.0,United Kingdom
580727,85170D,SET/6 PINK BIRD T-LIGHT CANDLES,3,2011-12-05 17:17:00,4.13,14096.0,United Kingdom
580727,DOT,DOTCOM POSTAGE,1,2011-12-05 17:17:00,1599.26,14096.0,United Kingdom
580734,POST,POSTAGE,4,2011-12-06 08:46:00,28.0,12766.0,Portugal
580736,POST,POSTAGE,2,2011-12-06 08:55:00,18.0,12716.0,France
580744,47591D,PINK FAIRY CAKE CHILDRENS APRON,50,2011-12-06 09:31:00,1.65,13694.0,United Kingdom
580752,POST,POSTAGE,3,2011-12-06 09:56:00,45.0,12478.0,Greece
580753,POST,POSTAGE,3,2011-12-06 10:00:00,18.0,12682.0,France
580756,POST,POSTAGE,1,2011-12-06 10:19:00,18.0,12723.0,France
580876,84926D,LA PALMIERA TILE COASTER,4,2011-12-06 12:12:00,0.29,14071.0,United Kingdom
580876,85071D,CHARLIE+LOLA MY ROOM DOOR SIGN,1,2011-12-06 12:12:00,0.39,14071.0,United Kingdom
580884,M,Manual,1,2011-12-06 12:21:00,0.85,15907.0,United Kingdom
580903,84997D,CHILDRENS CUTLERY POLKADOT PINK,2,2011-12-06 12:56:00,4.15,14606.0,United Kingdom
580904,47310M,SMALL POP BOX FUNKY MONKEY,2,2011-12-06 12:59:00,1.25,15311.0,United Kingdom
580904,79302M,"ART LIGHTS,FUNK MONKEY",2,2011-12-06 12:59:00,2.95,15311.0,United Kingdom
580907,47591D,PINK FAIRY CAKE CHILDRENS APRON,8,2011-12-06 13:13:00,1.95,13507.0,United Kingdom
580955,POST,POSTAGE,1,2011-12-06 14:22:00,28.0,12442.0,Spain
580956,M,Manual,4,2011-12-06 14:23:00,1.25,17841.0,United Kingdom
580956,82613D,METAL SIGN CUPCAKE SINGLE HOOK,1,2011-12-06 14:23:00,1.25,17841.0,United Kingdom
580965,POST,POSTAGE,3,2011-12-06 14:52:00,15.0,12417.0,Belgium
580979,84997D,CHILDRENS CUTLERY POLKADOT PINK,4,2011-12-06 15:40:00,4.15,12362.0,Belgium
580979,POST,POSTAGE,3,2011-12-06 15:40:00,18.0,12362.0,Belgium
580986,POST,POSTAGE,4,2011-12-06 16:34:00,18.0,12650.0,France
580997,84997D,CHILDRENS CUTLERY POLKADOT PINK,3,2011-12-06 17:23:00,4.15,15023.0,United Kingdom
581000,POST,POSTAGE,5,2011-12-07 08:03:00,18.0,12720.0,Germany
581001,POST,POSTAGE,3,2011-12-07 08:07:00,18.0,12583.0,France
581019,84926D,LA PALMIERA TILE COASTER,24,2011-12-07 10:11:00,0.29,14794.0,United Kingdom
581114,84968D,SET OF 16 VINTAGE RED CUTLERY,1,2011-12-07 12:19:00,12.75,14527.0,United Kingdom
581127,BANK CHARGES,Bank Charges,1,2011-12-07 12:45:00,15.0,16271.0,United Kingdom
581134,35471D,SET OF 3 BIRD LIGHT PINK FEATHER ,3,2011-12-07 13:12:00,0.39,16368.0,United Kingdom
581136,79302M,"ART LIGHTS,FUNK MONKEY",20,2011-12-07 13:16:00,2.55,18273.0,United Kingdom
581150,46000M,POLYESTER FILLER PAD 45x45cm,1,2011-12-07 14:12:00,1.55,17266.0,United Kingdom
581149,85130D,BEADED CRYSTAL HEART PINK LARGE,1,2011-12-07 14:12:00,0.79,15471.0,United Kingdom
581166,84997D,CHILDRENS CUTLERY POLKADOT PINK,1,2011-12-07 14:43:00,4.15,15525.0,United Kingdom
581171,POST,POSTAGE,2,2011-12-07 15:02:00,18.0,12615.0,France
581179,POST,POSTAGE,1,2011-12-07 15:43:00,240.0,12471.0,Germany
581182,POST,POSTAGE,4,2011-12-07 15:56:00,28.0,12783.0,Portugal
581184,POST,POSTAGE,2,2011-12-07 16:24:00,18.0,12569.0,Germany
581183,POST,POSTAGE,4,2011-12-07 16:24:00,18.0,12569.0,Germany
581191,90161D,ANT COPPER PINK BOUDICCA BRACELET,2,2011-12-07 16:56:00,4.95,17449.0,United Kingdom
581191,90200D,PINK SWEETHEART BRACELET,3,2011-12-07 16:56:00,4.25,17449.0,United Kingdom
581193,85232D,SET/3 DECOUPAGE STACKING TINS,1,2011-12-07 17:05:00,4.95,17097.0,Spain
581232,POST,POSTAGE,4,2011-12-08 10:26:00,40.0,12358.0,Austria
581266,POST,POSTAGE,5,2011-12-08 11:25:00,18.0,12621.0,Germany
581279,POST,POSTAGE,3,2011-12-08 11:35:00,18.0,12437.0,France
581325,84997D,CHILDRENS CUTLERY POLKADOT PINK,1,2011-12-08 11:53:00,4.15,15877.0,United Kingdom
581334,35471D,SET OF 3 BIRD LIGHT PINK FEATHER ,24,2011-12-08 12:07:00,0.39,17841.0,United Kingdom
581378,17012D,ORIGAMI ROSE INCENSE/CANDLE SET ,6,2011-12-08 12:50:00,0.85,17673.0,United Kingdom
581401,90214D,"LETTER ""D"" BLING KEY RING",12,2011-12-08 13:43:00,0.29,17644.0,United Kingdom
581403,47591D,PINK FAIRY CAKE CHILDRENS APRON,8,2011-12-08 13:46:00,1.95,13510.0,United Kingdom
581405,M,Manual,3,2011-12-08 13:50:00,0.42,13521.0,United Kingdom
581433,79302M,"ART LIGHTS,FUNK MONKEY",6,2011-12-08 15:54:00,2.95,14911.0,EIRE
581437,16168M,FUNKY MONKEY GIFT BAG MEDIUM,24,2011-12-08 16:22:00,0.42,14621.0,United Kingdom
581467,72801D,4 SKY BLUE DINNER CANDLES,3,2011-12-08 19:24:00,1.25,13077.0,United Kingdom
581478,84997D,CHILDRENS CUTLERY POLKADOT PINK,4,2011-12-09 08:59:00,4.15,17364.0,United Kingdom
581493,POST,POSTAGE,1,2011-12-09 10:10:00,15.0,12423.0,Belgium
581494,POST,POSTAGE,2,2011-12-09 10:13:00,18.0,12518.0,Germany
581514,35471D,SET OF 3 BIRD LIGHT PINK FEATHER ,12,2011-12-09 11:20:00,0.39,17754.0,United Kingdom
581538,79191D,RETRO PLASTIC DAISY TRAY,1,2011-12-09 11:34:00,0.85,14446.0,United Kingdom
581570,POST,POSTAGE,1,2011-12-09 11:59:00,18.0,12662.0,Germany
581574,POST,POSTAGE,2,2011-12-09 12:09:00,18.0,12526.0,Germany
581578,POST,POSTAGE,3,2011-12-09 12:16:00,18.0,12713.0,Germany
581578,84997D,CHILDRENS CUTLERY POLKADOT PINK,8,2011-12-09 12:16:00,4.15,12713.0,Germany
581587,POST,POSTAGE,1,2011-12-09 12:50:00,18.0,12680.0,France
