Customer ID,InvoiceDate,Recency
12346.0,2010-06-28 13:53:00,529
12347.0,2011-12-07 15:52:00,2
12348.0,2011-09-25 13:13:00,75
12349.0,2011-11-21 09:51:00,19
12350.0,2011-02-02 16:01:00,310
12351.0,2010-11-29 15:23:00,375
12352.0,2011-11-03 14:37:00,36
12353.0,2011-05-19 17:47:00,204
12354.0,2011-04-21 13:11:00,232
12355.0,2011-05-09 13:49:00,214
12356.0,2011-11-17 08:40:00,23
12357.0,2011-11-06 16:07:00,33
12358.0,2011-12-08 10:26:00,2
12359.0,2011-10-13 12:47:00,58
12360.0,2011-10-18 15:22:00,52
12361.0,2011-02-25 13:51:00,287
12362.0,2011-12-06 15:40:00,3
12363.0,2011-08-22 10:18:00,110
12364.0,2011-12-02 10:22:00,8
12365.0,2011-02-21 13:51:00,291
12366.0,2010-03-16 10:28:00,634
12367.0,2011-12-05 16:48:00,4
12368.0,2010-03-21 15:56:00,628
12369.0,2010-10-22 13:13:00,413
12370.0,2011-10-19 14:51:00,51
12371.0,2011-10-11 10:43:00,60
12372.0,2011-09-29 12:12:00,72
12373.0,2011-02-01 13:10:00,311
12374.0,2011-11-14 15:37:00,25
12375.0,2011-11-29 10:36:00,11
12376.0,2010-11-15 12:15:00,390
12377.0,2011-01-28 15:45:00,315
12378.0,2011-08-02 10:34:00,130
12379.0,2011-09-19 10:09:00,82
12380.0,2011-11-18 11:27:00,22
12381.0,2011-12-05 12:44:00,5
12383.0,2011-06-08 08:02:00,185
12384.0,2011-11-11 08:39:00,29
12385.0,2010-11-25 15:14:00,379
12386.0,2011-01-06 12:37:00,338
12387.0,2010-10-20 16:27:00,415
12388.0,2011-11-24 12:30:00,16
12389.0,2010-11-02 11:52:00,403
12390.0,2011-09-21 09:33:00,80
12391.0,2011-11-18 12:07:00,22
12392.0,2010-04-27 14:04:00,591
12393.0,2011-09-28 15:41:00,72
12394.0,2011-10-07 08:08:00,64
12395.0,2011-11-20 15:21:00,19
12396.0,2010-02-03 13:22:00,674
12397.0,2011-11-04 09:52:00,36
12398.0,2011-10-25 10:27:00,46
12399.0,2011-08-12 13:15:00,119
12400.0,2010-10-21 13:45:00,414
12401.0,2011-02-09 13:50:00,303
12402.0,2011-01-20 13:49:00,323
12403.0,2011-10-21 10:51:00,50
12405.0,2011-07-14 08:52:00,149
12406.0,2011-11-17 19:22:00,22
12407.0,2011-10-21 10:11:00,50
12408.0,2011-11-07 12:27:00,33
12409.0,2011-09-22 10:38:00,79
12410.0,2011-02-04 10:39:00,309
12411.0,2010-10-26 09:25:00,410
12412.0,2011-09-26 10:16:00,75
12413.0,2011-10-04 09:00:00,67
12414.0,2011-05-06 14:51:00,217
12415.0,2011-11-15 14:22:00,24
12416.0,2010-02-21 10:19:00,657
12417.0,2011-12-06 14:52:00,3
12418.0,2011-08-19 11:08:00,113
12419.0,2010-11-19 10:04:00,386
12420.0,2011-10-07 08:55:00,64
12421.0,2011-11-24 09:07:00,16
12422.0,2011-09-05 09:48:00,96
12423.0,2011-12-09 10:10:00,1
12424.0,2011-06-30 12:06:00,163
12425.0,2011-09-22 17:31:00,78
12426.0,2011-05-29 12:26:00,195
12427.0,2011-11-18 08:56:00,22
12428.0,2011-11-14 08:22:00,26
12429.0,2011-11-30 17:22:00,9
12430.0,2011-10-27 15:09:00,43
12431.0,2011-11-04 11:55:00,36
12432.0,2011-10-28 11:43:00,43
12433.0,2011-12-09 10:02:00,1
12434.0,2011-09-16 12:38:00,85
12435.0,2011-09-21 09:06:00,80
12436.0,2011-09-01 12:09:00,100
12437.0,2011-12-08 11:35:00,2
12438.0,2011-11-25 13:28:00,14
12439.0,2010-01-26 12:11:00,683
12440.0,2010-09-03 13:11:00,462
12441.0,2010-12-08 10:45:00,367
12442.0,2011-12-06 14:22:00,3
12443.0,2009-12-07 15:42:00,732
12444.0,2011-11-18 13:23:00,21
12445.0,2011-11-17 18:43:00,22
12446.0,2011-10-13 12:50:00,58
12447.0,2011-04-10 13:25:00,243
12448.0,2011-10-26 13:46:00,44
12449.0,2011-11-17 13:46:00,22
12450.0,2011-07-06 14:41:00,156
12451.0,2011-11-29 08:40:00,11
12452.0,2011-11-23 08:05:00,17
12453.0,2011-07-28 14:08:00,134
12454.0,2011-10-14 17:13:00,56
12455.0,2011-09-27 15:31:00,73
12456.0,2011-10-26 14:41:00,44
12457.0,2011-10-04 13:13:00,66
12458.0,2011-09-29 15:25:00,71
12459.0,2010-04-13 14:53:00,605
12460.0,2010-09-09 13:51:00,456
12461.0,2011-07-08 10:23:00,155
12462.0,2011-11-21 09:11:00,19
12463.0,2011-10-17 13:44:00,53
12464.0,2011-11-29 13:33:00,10
12465.0,2011-11-22 16:34:00,17
12467.0,2010-10-12 15:41:00,423
12468.0,2011-06-05 11:36:00,188
12469.0,2010-07-05 12:40:00,523
12470.0,2010-01-19 11:01:00,690
12471.0,2011-12-07 15:43:00,2
12472.0,2011-11-07 14:01:00,32
12473.0,2011-10-17 11:27:00,54
12474.0,2011-11-22 14:39:00,17
12475.0,2011-10-17 10:10:00,54
12476.0,2011-11-24 12:40:00,16
12477.0,2011-11-17 09:51:00,23
12478.0,2011-12-06 09:56:00,4
12479.0,2011-11-28 13:26:00,11
12480.0,2011-11-11 14:52:00,28
12481.0,2011-11-17 08:29:00,23
12482.0,2010-05-12 16:51:00,576
12483.0,2011-11-22 17:02:00,17
12484.0,2011-11-04 15:18:00,35
12485.0,2010-06-28 15:22:00,529
12486.0,2010-10-04 12:14:00,432
12487.0,2009-12-09 11:36:00,731
12488.0,2011-11-30 08:50:00,10
12489.0,2011-01-07 13:13:00,336
12490.0,2011-12-04 16:07:00,5
12491.0,2011-11-01 12:18:00,39
12492.0,2011-10-07 15:15:00,63
12493.0,2011-06-27 10:17:00,166
12494.0,2011-11-24 09:34:00,16
12495.0,2010-03-09 10:53:00,641
12496.0,2010-03-29 14:06:00,620
12497.0,2011-09-19 12:29:00,82
12498.0,2011-11-18 12:53:00,21
12499.0,2010-05-28 15:12:00,560
12500.0,2011-11-16 16:20:00,23
12501.0,2011-01-07 12:28:00,337
12502.0,2011-09-05 11:52:00,96
12503.0,2010-05-04 13:59:00,584
12504.0,2011-11-21 16:02:00,18
12505.0,2010-10-27 09:18:00,409
12506.0,2011-04-21 08:54:00,233
12507.0,2011-07-28 17:09:00,134
12508.0,2011-11-13 15:37:00,26
12509.0,2011-02-28 14:45:00,284
12510.0,2011-07-20 10:15:00,143
12511.0,2010-10-07 10:39:00,429
12512.0,2011-10-04 14:55:00,66
12513.0,2011-08-19 10:51:00,113
12514.0,2011-03-17 16:38:00,267
12515.0,2010-12-21 15:43:00,353
12516.0,2011-09-23 09:13:00,78
12517.0,2011-11-11 13:57:00,28
12518.0,2011-12-09 10:13:00,1
12519.0,2011-10-07 09:26:00,64
12520.0,2011-09-21 15:23:00,79
12521.0,2011-07-20 10:51:00,143
12522.0,2011-10-31 15:30:00,39
12523.0,2011-11-20 12:55:00,19
12524.0,2011-11-30 15:31:00,9
12525.0,2010-07-29 16:08:00,498
12526.0,2011-12-09 12:09:00,1
12527.0,2011-09-19 11:55:00,82
12528.0,2011-11-30 14:40:00,9
12529.0,2010-06-29 13:10:00,528
12530.0,2011-10-11 12:34:00,60
12531.0,2011-11-25 11:12:00,15
12532.0,2011-11-09 13:47:00,30
12533.0,2010-03-22 10:56:00,628
12534.0,2011-08-01 10:26:00,131
12535.0,2011-09-09 08:48:00,92
12536.0,2011-10-11 14:52:00,59
12537.0,2010-10-27 08:36:00,409
12538.0,2011-11-10 17:16:00,29
12539.0,2011-11-17 13:30:00,22
12540.0,2011-11-20 11:31:00,20
12541.0,2011-11-10 10:40:00,30
12542.0,2010-08-12 19:12:00,484
12543.0,2010-09-17 15:51:00,448
12544.0,2011-11-03 16:15:00,36
12545.0,2011-09-25 13:39:00,75
12546.0,2011-10-24 12:09:00,47
12547.0,2011-05-26 12:38:00,198
12548.0,2011-06-26 15:35:00,166
12549.0,2010-05-13 12:05:00,576
12550.0,2011-09-21 14:35:00,79
12551.0,2010-12-17 11:23:00,358
12552.0,2011-10-31 12:11:00,40
12553.0,2011-12-01 16:38:00,8
12554.0,2010-09-17 12:29:00,449
12556.0,2011-10-20 13:06:00,50
12557.0,2011-11-23 16:59:00,16
12558.0,2011-12-02 10:41:00,8
12559.0,2011-02-02 09:49:00,311
12560.0,2011-12-04 13:54:00,5
12561.0,2011-02-10 11:39:00,303
12562.0,2011-12-01 17:20:00,8
12563.0,2010-10-27 09:52:00,409
12564.0,2011-03-23 14:55:00,261
12565.0,2011-02-24 10:34:00,289
12566.0,2011-09-14 14:30:00,86
12567.0,2011-11-17 11:02:00,23
12568.0,2010-03-05 09:15:00,645
12569.0,2011-12-07 16:24:00,2
12571.0,2011-10-31 10:19:00,40
12572.0,2011-12-01 09:20:00,9
12573.0,2011-04-26 15:52:00,227
12574.0,2011-01-28 09:20:00,316
12575.0,2010-09-08 13:09:00,457
12576.0,2011-11-04 10:11:00,36
12577.0,2011-11-04 13:24:00,35
12578.0,2011-11-18 13:30:00,21
12579.0,2011-09-22 17:15:00,78
12580.0,2011-04-07 10:24:00,247
12581.0,2011-10-31 08:56:00,40
12582.0,2011-04-15 08:45:00,239
12583.0,2011-12-07 08:07:00,3
12584.0,2011-12-06 09:35:00,4
12585.0,2011-04-19 13:39:00,234
12586.0,2011-11-22 16:24:00,17
12587.0,2011-12-02 12:47:00,8
12588.0,2011-10-31 15:01:00,39
12589.0,2011-11-11 10:19:00,29
12590.0,2011-05-12 14:46:00,211
12591.0,2011-01-26 14:35:00,317
12592.0,2011-09-08 15:04:00,92
12593.0,2011-08-23 12:43:00,109
12594.0,2011-11-02 12:20:00,38
12595.0,2010-07-23 09:10:00,505
12596.0,2011-10-19 13:02:00,51
12597.0,2011-11-20 13:33:00,19
12598.0,2011-11-30 12:18:00,10
12599.0,2011-11-10 13:34:00,29
12600.0,2011-11-11 10:29:00,29
12601.0,2011-06-03 10:17:00,190
12602.0,2011-10-12 11:22:00,59
12603.0,2011-11-18 10:42:00,22
12604.0,2011-09-21 14:08:00,79
12605.0,2010-11-28 14:18:00,376
12607.0,2011-10-10 16:06:00,60
12608.0,2010-10-31 10:49:00,405
12609.0,2011-09-22 16:34:00,78
12610.0,2011-11-17 09:34:00,23
12611.0,2011-10-18 13:12:00,52
12612.0,2011-09-26 15:35:00,74
12613.0,2011-10-13 14:59:00,57
12614.0,2011-03-07 10:22:00,278
12615.0,2011-12-07 15:02:00,2
12616.0,2011-09-05 15:17:00,95
12617.0,2011-11-10 14:39:00,29
12618.0,2011-11-18 11:10:00,22
12619.0,2011-11-23 14:52:00,16
12620.0,2011-11-25 10:20:00,15
12621.0,2011-12-08 11:25:00,2
12622.0,2011-04-21 16:39:00,232
12623.0,2011-03-08 13:50:00,276
12624.0,2011-08-25 15:04:00,106
12625.0,2011-05-12 09:54:00,212
12626.0,2011-11-16 16:06:00,23
12627.0,2011-11-29 12:07:00,11
12628.0,2011-12-05 13:15:00,4
12629.0,2010-11-19 09:18:00,386
12630.0,2011-11-30 10:48:00,10
12631.0,2011-10-13 13:53:00,57
12632.0,2010-07-07 09:39:00,521
12633.0,2011-10-12 11:40:00,59
12634.0,2010-06-09 15:41:00,548
12635.0,2011-09-11 11:04:00,90
12637.0,2011-10-03 13:46:00,67
12638.0,2011-11-06 13:11:00,33
12639.0,2011-04-15 12:48:00,239
12640.0,2011-11-16 11:52:00,24
12641.0,2011-08-16 13:26:00,115
12642.0,2011-11-14 15:03:00,25
12643.0,2011-08-03 12:56:00,128
12644.0,2011-08-02 10:33:00,130
12645.0,2011-11-06 12:38:00,34
12646.0,2011-12-05 10:14:00,5
12647.0,2011-11-17 12:56:00,22
12648.0,2011-07-08 11:55:00,155
12649.0,2011-08-24 14:41:00,107
12650.0,2011-12-06 16:34:00,3
12651.0,2011-01-09 12:46:00,335
12652.0,2011-01-12 15:00:00,331
12653.0,2011-07-14 10:41:00,149
12654.0,2011-11-29 10:10:00,11
12655.0,2010-10-12 09:17:00,424
12656.0,2011-11-22 13:42:00,17
12657.0,2011-11-28 15:47:00,11
12658.0,2011-11-21 10:22:00,19
12659.0,2011-11-10 11:53:00,30
12660.0,2011-11-28 13:26:00,11
12661.0,2010-09-29 16:46:00,436
12662.0,2011-12-09 11:59:00,1
12663.0,2010-03-25 09:40:00,625
12664.0,2011-12-01 17:07:00,8
12665.0,2011-01-19 08:34:00,325
12666.0,2010-11-10 16:40:00,394
12667.0,2011-10-12 17:00:00,58
12668.0,2011-11-28 10:56:00,12
12669.0,2011-07-12 09:54:00,151
12670.0,2011-11-29 15:23:00,10
12671.0,2010-04-12 16:30:00,606
12672.0,2011-01-14 09:20:00,330
12673.0,2011-12-04 13:55:00,5
12674.0,2011-11-01 12:12:00,39
12675.0,2010-06-04 09:49:00,554
12676.0,2011-11-15 12:25:00,25
12677.0,2010-06-02 14:30:00,555
12678.0,2011-10-28 13:04:00,42
12679.0,2011-10-12 12:30:00,59
12680.0,2011-12-09 12:50:00,1
12681.0,2011-11-25 11:33:00,15
12682.0,2011-12-06 10:00:00,4
12683.0,2011-12-05 16:28:00,4
12684.0,2011-12-02 09:53:00,8
12685.0,2011-11-11 13:46:00,28
12686.0,2010-12-03 09:51:00,372
12687.0,2010-08-16 12:12:00,481
12688.0,2011-08-18 08:49:00,114
12689.0,2011-11-14 08:31:00,26
12690.0,2011-05-18 09:09:00,206
12691.0,2011-11-11 16:49:00,28
12692.0,2010-03-12 14:02:00,637
12693.0,2011-08-04 17:51:00,127
12694.0,2011-09-30 13:06:00,70
12695.0,2011-12-02 13:22:00,7
12696.0,2010-10-01 10:43:00,435
12697.0,2011-11-11 08:47:00,29
12698.0,2010-04-28 15:51:00,590
12699.0,2010-10-18 12:07:00,418
12700.0,2011-12-02 10:47:00,8
12701.0,2011-09-21 10:47:00,80
12702.0,2011-11-20 10:36:00,20
12703.0,2011-09-29 17:52:00,71
12704.0,2011-12-02 13:15:00,7
12705.0,2011-11-24 13:17:00,15
12707.0,2011-02-21 08:38:00,292
12708.0,2011-11-10 09:52:00,30
12709.0,2011-11-24 15:38:00,15
12710.0,2011-09-04 12:00:00,97
12711.0,2010-04-07 11:59:00,612
12712.0,2011-11-11 08:19:00,29
12713.0,2011-12-09 12:16:00,1
12714.0,2011-11-30 15:43:00,9
12715.0,2011-08-25 15:22:00,106
12716.0,2011-12-06 08:55:00,4
12717.0,2011-07-11 14:47:00,151
12718.0,2011-09-29 16:38:00,71
12719.0,2011-12-04 13:45:00,5
12720.0,2011-12-07 08:03:00,3
12721.0,2011-11-08 12:13:00,32
12722.0,2011-09-15 14:50:00,85
12723.0,2011-12-06 10:19:00,4
12724.0,2011-12-04 16:02:00,5
12725.0,2010-12-03 15:45:00,371
12726.0,2011-11-11 13:35:00,28
12727.0,2011-11-29 11:46:00,11
12728.0,2011-09-29 15:31:00,71
12729.0,2011-08-18 11:40:00,114
12730.0,2010-07-06 12:19:00,522
12731.0,2011-11-16 11:59:00,24
12732.0,2011-06-13 11:33:00,180
12733.0,2011-04-19 16:19:00,234
12734.0,2010-12-22 12:47:00,353
12735.0,2011-01-28 13:37:00,315
12736.0,2011-01-11 07:57:00,333
12737.0,2010-07-29 12:27:00,499
12738.0,2010-12-02 18:27:00,372
12739.0,2011-09-01 17:45:00,99
12740.0,2011-10-07 10:44:00,64
12741.0,2010-06-24 16:24:00,533
12742.0,2010-03-24 12:43:00,626
12743.0,2011-07-28 16:21:00,134
12744.0,2011-10-14 14:54:00,56
12745.0,2010-08-10 10:14:00,487
12746.0,2010-06-17 10:41:00,541
12747.0,2011-12-07 14:34:00,2
12748.0,2011-12-09 12:20:00,1
12749.0,2011-12-06 09:56:00,4
12750.0,2011-08-03 09:13:00,129
12751.0,2010-09-21 12:49:00,445
12752.0,2011-09-19 13:32:00,81
12753.0,2011-11-17 10:52:00,23
12754.0,2011-04-18 09:00:00,236
12755.0,2011-03-04 12:42:00,281
12756.0,2011-09-14 09:31:00,87
12757.0,2011-11-24 12:30:00,16
12758.0,2011-08-15 10:22:00,117
12759.0,2011-10-18 14:49:00,52
12760.0,2010-09-10 08:50:00,456
12761.0,2010-09-01 10:47:00,465
12762.0,2011-12-02 10:23:00,8
12763.0,2011-07-24 14:12:00,138
12764.0,2011-01-27 10:19:00,317
12765.0,2010-08-24 13:51:00,472
12766.0,2011-12-06 08:46:00,4
12767.0,2010-11-29 09:38:00,376
12768.0,2010-09-15 12:08:00,451
12769.0,2011-04-15 10:25:00,239
12770.0,2011-05-13 09:33:00,211
12771.0,2010-08-11 11:51:00,486
12772.0,2011-10-11 09:19:00,60
12773.0,2010-05-24 17:30:00,564
12774.0,2010-06-22 10:38:00,536
12775.0,2011-11-22 16:33:00,17
12776.0,2010-02-10 12:11:00,668
12777.0,2010-09-08 11:35:00,458
12778.0,2011-11-20 11:30:00,20
12779.0,2011-11-02 11:43:00,38
12780.0,2010-04-20 09:40:00,599
12781.0,2011-10-07 10:37:00,64
12782.0,2011-12-05 09:16:00,5
12783.0,2011-12-07 15:56:00,2
12784.0,2011-11-24 12:53:00,15
12785.0,2010-12-10 13:48:00,364
12786.0,2010-04-09 12:12:00,610
12787.0,2011-11-30 08:44:00,10
12788.0,2010-09-02 14:21:00,463
12789.0,2011-10-05 13:34:00,65
12790.0,2011-05-31 14:14:00,192
12791.0,2010-12-01 11:27:00,374
12792.0,2011-03-28 11:36:00,257
12793.0,2011-01-09 12:12:00,335
12794.0,2011-10-17 14:54:00,53
12795.0,2011-11-21 10:27:00,19
12796.0,2010-03-21 15:49:00,628
12797.0,2010-12-09 10:55:00,366
12798.0,2011-11-29 15:52:00,10
12799.0,2010-06-28 15:57:00,529
12800.0,2010-08-26 14:11:00,470
12801.0,2010-07-27 09:38:00,501
12802.0,2011-06-06 09:36:00,187
12803.0,2010-11-11 14:57:00,393
12804.0,2010-08-31 11:58:00,466
12805.0,2010-11-23 12:27:00,382
12806.0,2010-05-16 13:49:00,572
12807.0,2010-11-21 14:21:00,383
12808.0,2011-11-03 10:05:00,37
12809.0,2011-06-15 10:51:00,178
12810.0,2010-06-23 10:53:00,535
12811.0,2011-03-23 10:55:00,262
12812.0,2011-10-26 09:54:00,45
12813.0,2010-07-26 09:50:00,502
12814.0,2011-08-30 12:11:00,102
12815.0,2011-07-15 10:21:00,148
12816.0,2011-09-05 12:41:00,96
12817.0,2011-03-03 16:28:00,281
12818.0,2011-03-23 12:06:00,262
12819.0,2010-09-07 15:20:00,458
12820.0,2011-12-06 15:12:00,3
12821.0,2011-05-09 15:51:00,214
12822.0,2011-09-30 10:04:00,71
12823.0,2011-09-26 07:35:00,75
12824.0,2011-10-11 12:49:00,60
12825.0,2010-07-06 13:56:00,521
12826.0,2011-12-07 10:25:00,3
12827.0,2011-12-04 12:17:00,6
12828.0,2011-12-07 08:45:00,3
12829.0,2011-01-07 11:13:00,337
12830.0,2011-11-02 11:54:00,38
12831.0,2011-03-22 13:02:00,262
12832.0,2011-11-07 13:30:00,32
12833.0,2011-07-17 13:46:00,145
12834.0,2011-03-02 09:49:00,283
12835.0,2010-10-08 10:59:00,428
12836.0,2011-10-11 15:10:00,59
12837.0,2011-06-19 16:07:00,173
12838.0,2011-11-06 12:20:00,34
12839.0,2011-12-07 12:33:00,3
12840.0,2011-07-19 09:29:00,144
12841.0,2011-12-05 11:13:00,5
12842.0,2011-09-30 15:33:00,70
12843.0,2011-10-05 12:09:00,66
12844.0,2011-11-10 13:31:00,29
12845.0,2011-03-17 13:34:00,267
12847.0,2011-11-17 13:16:00,22
12848.0,2010-02-02 12:45:00,676
12849.0,2011-11-08 13:41:00,31
12850.0,2010-09-20 12:26:00,446
12851.0,2011-09-04 12:41:00,97
12852.0,2011-02-18 08:47:00,295
12853.0,2011-07-28 11:29:00,135
12854.0,2011-09-22 12:15:00,79
12855.0,2010-12-02 09:37:00,373
12856.0,2011-12-02 10:52:00,8
12857.0,2011-05-13 10:20:00,211
12858.0,2010-11-21 12:55:00,383
12859.0,2010-09-07 12:20:00,459
12860.0,2010-01-15 15:22:00,693
12861.0,2010-03-30 11:39:00,620
12862.0,2010-10-10 11:47:00,426
12863.0,2011-10-18 14:15:00,52
12864.0,2011-07-24 13:03:00,138
12865.0,2011-11-13 14:31:00,26
12866.0,2011-03-01 14:11:00,283
12867.0,2011-11-13 15:30:00,26
12868.0,2011-06-07 10:42:00,186
12869.0,2010-01-27 12:10:00,682
12870.0,2010-11-29 13:42:00,375
12871.0,2011-09-16 15:07:00,84
12872.0,2011-01-17 10:52:00,327
12873.0,2011-03-02 14:58:00,282
12874.0,2010-11-19 15:23:00,385
12875.0,2011-07-19 15:30:00,143
12876.0,2011-10-13 12:26:00,58
12877.0,2011-12-06 10:30:00,4
12878.0,2011-04-17 13:07:00,236
12879.0,2011-10-26 12:24:00,45
12880.0,2010-11-23 10:50:00,382
12881.0,2011-03-09 11:44:00,276
12882.0,2011-11-30 16:18:00,9
12883.0,2011-11-15 09:32:00,25
12884.0,2011-09-12 13:10:00,88
12885.0,2011-10-07 13:40:00,63
12886.0,2011-10-03 10:09:00,68
12887.0,2010-11-21 11:18:00,384
12888.0,2011-05-09 16:02:00,214
12889.0,2010-11-23 16:08:00,381
12890.0,2011-11-15 17:26:00,24
12891.0,2011-06-07 12:31:00,186
12892.0,2010-11-08 09:51:00,397
12893.0,2011-11-09 12:34:00,31
12894.0,2010-05-13 14:47:00,575
12895.0,2011-10-28 13:51:00,42
12897.0,2011-05-19 12:13:00,205
12898.0,2010-09-02 08:08:00,464
12899.0,2010-10-22 09:53:00,414
12900.0,2010-10-13 15:17:00,422
12901.0,2011-12-01 10:07:00,9
12902.0,2011-03-20 12:06:00,265
12903.0,2010-10-07 12:39:00,429
12904.0,2011-11-21 14:34:00,18
12905.0,2010-05-12 10:05:00,577
12906.0,2011-11-28 09:55:00,12
12907.0,2010-11-09 12:08:00,396
12908.0,2011-06-16 15:39:00,176
12909.0,2011-10-31 12:43:00,40
12910.0,2011-11-16 14:28:00,23
12911.0,2010-06-06 12:13:00,552
12912.0,2011-12-07 08:55:00,3
12913.0,2011-12-05 12:11:00,5
12914.0,2010-11-04 12:28:00,401
12915.0,2011-07-14 11:34:00,149
12916.0,2011-07-24 10:35:00,139
12917.0,2011-08-03 16:42:00,128
12919.0,2011-12-01 13:47:00,8
12920.0,2011-11-22 15:05:00,17
12921.0,2011-11-30 16:22:00,9
12922.0,2011-07-01 15:35:00,161
12923.0,2011-10-06 16:20:00,64
12924.0,2011-09-12 13:55:00,88
12925.0,2011-12-05 11:11:00,5
12926.0,2010-10-24 15:57:00,411
12927.0,2010-11-10 10:02:00,395
12928.0,2011-11-04 14:24:00,35
12929.0,2011-02-01 12:08:00,312
12930.0,2011-09-22 15:18:00,78
12931.0,2011-11-18 12:39:00,22
12932.0,2010-06-18 14:22:00,539
12933.0,2011-11-15 16:38:00,24
12934.0,2009-12-03 10:51:00,737
12935.0,2011-12-07 17:25:00,2
12936.0,2011-11-22 17:32:00,17
12937.0,2011-11-24 15:05:00,15
12938.0,2011-11-14 11:21:00,26
12939.0,2011-10-06 14:33:00,64
12940.0,2011-10-16 12:09:00,55
12941.0,2009-12-15 13:12:00,724
12942.0,2011-07-31 14:39:00,131
12943.0,2010-05-30 13:52:00,558
12944.0,2011-11-04 11:04:00,36
12945.0,2011-02-24 14:15:00,288
12946.0,2010-09-29 10:14:00,437
12947.0,2011-07-19 10:06:00,144
12948.0,2011-11-23 17:10:00,16
12949.0,2011-11-09 11:25:00,31
12950.0,2011-12-07 13:17:00,2
12951.0,2011-12-01 12:14:00,9
12952.0,2011-12-04 10:35:00,6
12953.0,2011-11-30 09:24:00,10
12954.0,2010-03-11 10:16:00,639
12955.0,2011-12-08 16:29:00,1
12956.0,2011-02-06 16:08:00,306
12957.0,2011-11-30 09:53:00,10
12958.0,2010-11-04 16:16:00,400
12959.0,2010-08-12 17:20:00,484
12960.0,2010-10-22 09:31:00,414
12961.0,2010-11-25 16:44:00,379
12962.0,2011-12-02 15:55:00,7
12963.0,2011-12-01 12:55:00,8
12964.0,2010-09-28 17:47:00,437
12965.0,2011-09-11 15:31:00,89
12966.0,2011-11-30 12:38:00,10
12967.0,2010-12-16 19:10:00,358
12968.0,2011-08-19 15:44:00,112
12969.0,2010-04-16 10:50:00,603
12970.0,2011-12-02 14:30:00,7
12971.0,2011-12-06 12:20:00,4
12972.0,2010-10-22 08:41:00,414
12973.0,2010-10-22 10:14:00,414
12974.0,2011-05-26 09:33:00,198
12975.0,2010-09-29 09:46:00,437
12976.0,2011-05-12 09:55:00,212
12977.0,2011-07-06 16:40:00,156
12978.0,2010-11-19 14:29:00,385
12979.0,2009-12-10 15:45:00,729
12980.0,2011-07-05 09:34:00,158
12981.0,2011-11-10 12:00:00,30
12982.0,2011-04-11 11:51:00,243
12983.0,2010-04-20 12:58:00,598
12984.0,2011-11-21 12:37:00,19
12985.0,2011-12-09 10:46:00,1
12986.0,2010-10-07 11:57:00,429
12987.0,2011-09-27 12:03:00,74
12988.0,2011-02-20 14:31:00,292
12989.0,2011-12-06 15:28:00,3
12990.0,2011-11-08 13:01:00,31
12991.0,2011-11-16 15:34:00,23
12992.0,2009-12-14 16:46:00,725
12993.0,2011-11-16 15:49:00,23
12994.0,2011-12-05 15:43:00,4
12995.0,2011-09-15 15:44:00,85
12996.0,2010-11-29 09:27:00,376
12997.0,2011-11-17 15:47:00,22
12998.0,2010-08-04 08:05:00,493
12999.0,2011-05-27 13:24:00,196
13000.0,2011-08-25 10:43:00,107
13001.0,2011-12-05 14:51:00,4
13002.0,2011-01-25 15:18:00,318
13003.0,2011-08-26 10:50:00,106
13004.0,2011-11-28 11:27:00,12
13005.0,2011-06-19 10:53:00,174
13006.0,2011-10-14 13:49:00,56
13007.0,2010-05-09 10:38:00,580
13008.0,2011-01-20 14:24:00,323
13009.0,2010-02-05 12:22:00,673
13010.0,2010-11-30 15:09:00,374
13011.0,2010-12-02 17:22:00,372
13012.0,2011-11-30 13:05:00,9
13013.0,2011-12-08 15:01:00,1
13014.0,2011-11-29 12:27:00,11
13015.0,2011-10-17 13:19:00,53
13016.0,2011-09-27 14:08:00,73
13017.0,2011-12-02 15:53:00,7
13018.0,2011-11-23 13:28:00,16
13019.0,2010-11-25 14:56:00,379
13020.0,2010-05-26 11:12:00,563
13021.0,2011-12-05 16:37:00,4
13022.0,2010-10-06 10:50:00,430
13023.0,2011-10-06 16:27:00,64
13024.0,2010-08-26 09:42:00,471
13025.0,2009-12-08 10:02:00,732
13026.0,2011-12-08 16:58:00,1
13027.0,2011-08-18 09:39:00,114
13028.0,2011-11-17 11:10:00,23
13029.0,2011-11-09 09:13:00,31
13030.0,2011-11-28 14:30:00,11
13031.0,2010-10-28 15:34:00,407
13032.0,2011-10-18 15:54:00,52
13033.0,2010-12-17 14:23:00,357
13034.0,2011-10-16 12:21:00,55
13035.0,2011-09-27 08:57:00,74
13036.0,2010-01-24 11:35:00,685
13037.0,2011-07-24 15:46:00,138
13038.0,2011-09-20 14:37:00,80
13039.0,2010-05-04 16:45:00,584
13040.0,2011-12-01 10:38:00,9
13041.0,2010-09-15 11:44:00,451
13042.0,2010-04-20 13:43:00,598
13043.0,2011-03-11 14:52:00,273
13044.0,2011-02-21 15:20:00,291
13045.0,2011-09-01 15:04:00,99
13046.0,2011-11-09 08:36:00,31
13047.0,2011-10-14 11:15:00,57
13048.0,2011-11-25 13:23:00,14
13049.0,2011-10-06 15:31:00,64
13050.0,2011-11-25 09:18:00,15
13051.0,2010-05-10 09:14:00,579
13052.0,2011-05-11 14:12:00,212
13053.0,2010-03-28 11:28:00,622
13055.0,2011-09-22 14:26:00,78
13056.0,2010-06-06 14:10:00,551
13057.0,2010-06-27 15:44:00,530
13058.0,2011-11-15 12:43:00,25
13059.0,2011-04-04 10:40:00,250
13060.0,2011-03-31 11:37:00,254
13061.0,2011-09-28 16:04:00,72
13062.0,2011-06-01 15:12:00,191
13063.0,2010-08-16 12:27:00,481
13064.0,2011-11-27 12:31:00,13
13065.0,2010-12-01 16:52:00,373
13066.0,2011-11-15 12:57:00,24
13067.0,2011-09-18 13:38:00,82
13068.0,2011-11-29 15:00:00,10
13069.0,2011-12-09 08:39:00,1
13070.0,2011-05-31 13:45:00,192
13071.0,2010-04-06 13:37:00,612
13072.0,2011-03-18 08:12:00,267
13073.0,2010-10-24 14:06:00,411
13074.0,2010-07-16 16:53:00,511
13075.0,2011-08-02 10:19:00,130
13076.0,2010-09-08 10:27:00,458
13077.0,2011-12-08 19:24:00,1
13078.0,2011-12-06 15:36:00,3
13079.0,2011-12-05 16:53:00,4
13080.0,2011-06-13 14:59:00,179
13081.0,2011-11-28 10:54:00,12
13082.0,2011-08-05 16:16:00,126
13083.0,2011-12-05 15:01:00,4
13084.0,2010-08-05 08:49:00,492
13085.0,2011-07-05 12:11:00,158
13086.0,2010-11-22 10:28:00,383
13087.0,2009-12-13 15:16:00,726
13088.0,2010-10-18 15:35:00,417
13089.0,2011-12-07 09:02:00,3
13090.0,2011-12-01 12:39:00,9
13091.0,2011-11-11 15:54:00,28
13092.0,2011-09-30 11:18:00,71
13093.0,2011-03-09 12:14:00,276
13094.0,2011-11-18 14:07:00,21
13095.0,2011-09-30 12:03:00,71
13096.0,2010-11-10 14:08:00,394
13097.0,2011-11-07 10:43:00,33
13098.0,2011-12-08 14:14:00,1
13099.0,2011-09-01 17:40:00,99
13101.0,2011-04-19 14:37:00,234
13102.0,2011-12-08 12:52:00,1
13103.0,2011-10-31 09:38:00,40
13104.0,2011-12-06 13:10:00,3
13105.0,2010-09-29 13:41:00,436
13106.0,2011-07-29 15:12:00,133
13107.0,2011-10-26 14:52:00,44
13108.0,2010-12-02 10:35:00,373
13109.0,2011-10-11 10:16:00,60
13110.0,2011-11-08 14:30:00,31
13111.0,2009-12-21 09:00:00,719
13112.0,2010-06-16 17:03:00,541
13113.0,2011-12-09 12:49:00,1
13114.0,2009-12-09 09:56:00,731
13115.0,2011-11-28 12:38:00,12
13116.0,2011-07-24 14:33:00,138
13117.0,2011-11-18 12:02:00,22
13118.0,2011-11-20 12:46:00,20
13119.0,2010-02-09 08:38:00,669
13120.0,2011-04-15 10:19:00,239
13121.0,2011-03-15 16:47:00,269
13122.0,2011-09-06 15:53:00,94
13123.0,2010-08-24 10:18:00,473
13124.0,2011-09-11 12:45:00,90
13125.0,2010-07-04 11:58:00,524
13126.0,2011-12-05 10:00:00,5
13127.0,2011-09-23 10:26:00,78
13128.0,2010-03-18 15:08:00,631
13129.0,2010-09-13 13:47:00,452
13130.0,2011-09-06 15:30:00,94
13131.0,2011-11-16 13:21:00,23
13132.0,2011-03-23 12:44:00,262
13133.0,2011-03-11 10:31:00,274
13134.0,2011-09-15 10:35:00,86
13135.0,2011-05-27 10:52:00,197
13136.0,2011-10-14 13:41:00,56
13137.0,2011-11-29 12:09:00,11
13138.0,2011-11-17 16:51:00,22
13139.0,2011-11-23 13:54:00,16
13140.0,2011-08-23 15:33:00,108
13141.0,2011-09-16 09:54:00,85
13142.0,2011-11-20 16:07:00,19
13143.0,2010-05-04 12:22:00,585
13144.0,2011-01-11 11:15:00,333
13145.0,2011-10-31 12:45:00,40
13146.0,2011-11-13 15:29:00,26
13147.0,2011-11-29 13:59:00,10
13148.0,2011-11-10 15:23:00,29
13149.0,2011-11-25 13:09:00,14
13150.0,2010-08-12 12:59:00,484
13151.0,2011-02-17 12:29:00,296
13152.0,2010-10-18 13:44:00,417
13153.0,2011-12-04 12:14:00,6
13154.0,2010-11-05 16:00:00,399
13155.0,2011-11-06 15:41:00,33
13156.0,2010-11-19 13:09:00,385
13157.0,2011-10-21 13:50:00,49
13158.0,2011-09-06 11:58:00,95
13159.0,2011-12-01 11:20:00,9
13160.0,2011-11-17 13:07:00,22
13161.0,2011-01-30 14:03:00,313
13162.0,2011-08-09 15:59:00,122
13163.0,2010-04-08 16:21:00,610
13164.0,2010-05-19 13:52:00,569
13165.0,2011-10-24 15:05:00,46
13166.0,2011-03-01 15:16:00,283
13167.0,2011-11-21 12:24:00,19
13168.0,2011-11-03 12:56:00,36
13169.0,2011-10-07 12:11:00,64
13170.0,2011-11-13 12:19:00,27
13171.0,2011-11-18 10:27:00,22
13172.0,2010-11-04 15:10:00,400
13173.0,2011-12-05 15:51:00,4
13174.0,2011-11-23 14:35:00,16
13175.0,2010-05-06 13:13:00,582
13176.0,2011-10-24 15:43:00,46
13177.0,2011-10-06 09:56:00,65
13178.0,2011-11-13 16:14:00,26
13179.0,2010-03-31 11:40:00,619
13180.0,2010-04-11 13:37:00,607
13181.0,2010-11-23 15:05:00,381
13182.0,2011-10-25 13:46:00,45
13183.0,2011-12-02 10:30:00,8
13184.0,2011-11-25 12:02:00,15
13185.0,2011-03-17 11:56:00,268
13186.0,2011-10-31 11:40:00,40
13187.0,2011-01-06 18:57:00,337
13188.0,2011-11-28 15:28:00,11
13189.0,2011-11-21 10:39:00,19
13190.0,2010-06-13 15:47:00,544
13191.0,2010-02-19 17:02:00,658
13192.0,2011-09-05 14:13:00,95
13193.0,2011-10-09 14:30:00,61
13194.0,2011-07-27 09:01:00,136
13195.0,2010-10-21 13:07:00,414
13196.0,2011-11-28 13:54:00,11
13197.0,2010-04-09 09:14:00,610
13198.0,2011-11-29 15:17:00,10
13199.0,2011-12-06 12:30:00,4
13200.0,2011-11-20 15:35:00,19
13201.0,2010-07-25 14:30:00,502
13202.0,2010-11-10 16:24:00,394
13203.0,2011-11-30 10:45:00,10
13204.0,2009-12-08 14:56:00,731
13205.0,2010-09-22 16:26:00,443
13206.0,2010-11-04 16:50:00,400
13207.0,2011-11-24 14:52:00,15
13208.0,2011-10-11 16:25:00,59
13209.0,2011-11-09 13:54:00,30
13210.0,2011-09-07 08:18:00,94
13211.0,2011-11-29 14:43:00,10
13212.0,2011-11-20 12:40:00,20
13213.0,2011-10-14 11:42:00,57
13214.0,2010-10-18 10:00:00,418
13215.0,2010-11-02 18:26:00,402
13216.0,2011-03-17 12:18:00,268
13217.0,2011-08-09 15:32:00,122
13218.0,2011-08-04 16:59:00,127
13219.0,2010-03-31 14:18:00,618
13220.0,2011-09-22 13:38:00,78
13221.0,2011-04-13 16:58:00,240
13222.0,2010-05-11 13:54:00,577
13223.0,2011-05-23 13:03:00,200
13224.0,2011-10-10 14:55:00,60
13225.0,2011-12-06 13:29:00,3
13226.0,2011-03-11 14:35:00,273
13227.0,2011-05-22 11:47:00,202
13228.0,2011-09-19 14:28:00,81
13229.0,2011-04-28 12:07:00,226
13230.0,2011-12-05 16:03:00,4
13232.0,2011-11-27 10:39:00,13
13233.0,2011-09-26 13:25:00,74
13234.0,2010-02-05 11:41:00,673
13235.0,2011-05-11 17:13:00,212
13236.0,2011-11-15 12:50:00,25
13237.0,2010-11-17 10:07:00,388
13238.0,2011-11-22 15:37:00,17
13239.0,2011-03-23 10:25:00,262
13240.0,2011-09-04 14:08:00,96
13241.0,2010-10-24 11:17:00,412
13242.0,2011-08-19 12:53:00,112
13243.0,2011-05-20 13:14:00,203
13244.0,2011-09-08 11:46:00,93
13245.0,2011-10-20 11:40:00,51
13246.0,2011-11-21 16:50:00,18
13247.0,2011-11-22 10:59:00,18
13248.0,2011-08-07 12:40:00,125
13249.0,2011-09-08 13:26:00,92
13250.0,2010-09-05 11:33:00,461
13251.0,2010-11-02 13:20:00,402
13252.0,2010-11-10 16:00:00,394
13253.0,2011-07-06 10:09:00,157
13254.0,2010-11-28 15:42:00,376
13255.0,2011-11-30 13:14:00,9
13257.0,2010-09-29 14:58:00,436
13258.0,2011-11-28 09:31:00,12
13259.0,2011-10-09 10:48:00,62
13260.0,2011-10-09 13:21:00,61
13261.0,2011-03-16 12:22:00,269
13262.0,2011-03-21 15:06:00,263
13263.0,2011-12-08 13:59:00,1
13264.0,2010-09-23 12:42:00,443
13265.0,2011-10-17 15:02:00,53
13266.0,2011-11-28 14:39:00,11
13267.0,2011-12-07 11:12:00,3
13268.0,2011-11-22 11:34:00,18
13269.0,2011-12-08 14:53:00,1
13270.0,2010-12-08 14:53:00,366
13271.0,2011-11-02 14:31:00,37
13272.0,2011-11-08 14:00:00,31
13273.0,2011-08-18 14:02:00,113
13274.0,2010-10-26 13:48:00,409
13275.0,2010-11-21 12:09:00,384
13276.0,2011-10-07 12:44:00,64
13277.0,2011-11-24 09:21:00,16
13278.0,2011-10-30 11:49:00,41
13279.0,2011-09-22 17:24:00,78
13280.0,2011-08-09 13:14:00,122
13281.0,2010-09-26 16:03:00,439
13282.0,2011-11-21 15:33:00,18
13283.0,2011-10-11 09:50:00,60
13284.0,2011-01-13 09:23:00,331
13285.0,2011-11-16 13:19:00,23
13286.0,2010-04-18 15:35:00,600
13287.0,2010-04-15 15:26:00,603
13288.0,2010-09-22 16:32:00,443
13289.0,2009-12-16 11:53:00,724
13291.0,2011-07-07 10:36:00,156
13292.0,2011-11-01 10:04:00,39
13293.0,2010-11-12 13:28:00,392
13294.0,2011-06-03 08:54:00,190
13295.0,2010-12-15 11:21:00,360
13296.0,2011-07-25 13:46:00,137
13297.0,2011-12-02 09:32:00,8
13298.0,2011-12-08 13:11:00,1
13299.0,2011-03-16 12:55:00,268
13300.0,2011-06-23 13:09:00,169
13301.0,2011-08-28 11:25:00,104
13302.0,2011-07-07 17:56:00,155
13303.0,2010-11-04 14:55:00,400
13304.0,2010-12-23 14:35:00,351
13305.0,2011-12-05 15:15:00,4
13306.0,2010-10-05 14:55:00,430
13307.0,2011-08-11 17:14:00,120
13308.0,2011-11-17 09:31:00,23
13309.0,2011-12-02 16:34:00,7
13310.0,2011-11-11 17:23:00,28
13311.0,2011-12-05 12:55:00,4
13312.0,2010-09-14 14:36:00,451
13313.0,2011-11-17 16:48:00,22
13314.0,2011-12-08 12:29:00,2
13315.0,2010-01-19 15:34:00,689
13316.0,2011-11-02 13:40:00,37
13317.0,2011-10-04 13:35:00,66
13318.0,2011-12-08 18:51:00,1
13319.0,2011-12-04 13:34:00,5
13320.0,2011-09-22 18:07:00,78
13321.0,2011-09-28 15:24:00,72
13322.0,2011-11-22 14:21:00,17
13323.0,2011-12-06 17:12:00,3
13324.0,2011-11-03 16:28:00,36
13325.0,2011-09-19 10:36:00,82
13326.0,2010-10-03 16:00:00,432
13327.0,2011-11-01 10:21:00,39
13328.0,2011-01-27 15:22:00,316
13329.0,2011-11-08 10:29:00,32
13330.0,2011-09-08 12:27:00,93
13331.0,2010-11-03 08:04:00,402
13332.0,2011-11-25 13:30:00,14
13333.0,2010-10-24 13:24:00,411
13334.0,2011-09-18 15:21:00,82
13336.0,2011-09-23 14:05:00,77
13337.0,2010-06-11 13:27:00,546
13338.0,2011-07-05 09:06:00,158
13339.0,2011-05-23 08:31:00,201
13340.0,2011-10-25 13:15:00,45
13341.0,2011-03-24 09:50:00,261
13343.0,2011-06-15 12:24:00,178
13344.0,2011-10-03 09:45:00,68
13345.0,2011-02-25 09:01:00,288
13346.0,2010-09-03 11:41:00,463
13347.0,2011-09-30 13:28:00,70
13348.0,2011-10-06 17:28:00,64
13349.0,2011-11-29 08:07:00,11
13350.0,2011-11-23 16:33:00,16
13351.0,2011-10-04 12:55:00,66
13352.0,2011-10-10 13:55:00,60
13354.0,2011-09-29 13:17:00,71
13355.0,2011-08-09 14:48:00,122
13356.0,2011-09-20 14:33:00,80
13357.0,2011-03-27 13:56:00,257
13358.0,2011-03-16 11:52:00,269
13359.0,2011-10-07 09:30:00,64
13360.0,2010-10-04 12:37:00,432
13361.0,2010-08-24 14:56:00,472
13362.0,2011-11-30 14:41:00,9
13363.0,2011-11-22 12:40:00,18
13364.0,2011-09-29 18:13:00,71
13365.0,2011-11-06 12:36:00,34
13366.0,2011-10-20 13:37:00,50
13367.0,2010-10-04 10:00:00,432
13368.0,2011-03-28 09:59:00,257
13369.0,2010-12-09 11:30:00,366
13370.0,2010-12-03 10:26:00,372
13371.0,2010-07-22 17:33:00,505
13372.0,2011-09-11 12:46:00,90
13373.0,2011-10-10 10:51:00,61
13374.0,2010-10-21 10:04:00,415
13375.0,2011-09-12 10:19:00,89
13376.0,2011-09-01 16:16:00,99
13377.0,2010-11-08 12:20:00,397
13379.0,2011-11-13 13:45:00,26
13380.0,2010-10-03 10:18:00,433
13381.0,2011-11-08 11:58:00,32
13382.0,2011-03-04 10:03:00,281
13383.0,2010-06-14 11:45:00,544
13384.0,2011-11-09 11:04:00,31
13385.0,2011-01-14 09:52:00,330
13386.0,2010-10-21 12:52:00,414
13387.0,2010-10-18 14:07:00,417
13388.0,2011-07-31 12:52:00,131
13389.0,2011-11-28 14:01:00,11
13390.0,2011-09-26 08:38:00,75
13391.0,2011-05-20 10:50:00,204
13392.0,2010-01-31 13:34:00,677
13393.0,2010-05-05 09:34:00,584
13394.0,2011-12-08 11:36:00,2
13395.0,2011-06-07 15:04:00,185
13396.0,2011-11-10 16:59:00,29
13397.0,2011-09-28 10:56:00,73
13398.0,2011-05-31 13:17:00,192
13399.0,2010-09-01 13:59:00,464
13400.0,2010-05-06 09:00:00,583
13402.0,2011-08-04 15:51:00,127
13403.0,2011-11-22 08:28:00,18
13404.0,2011-12-08 15:37:00,1
13405.0,2011-05-19 16:31:00,204
13406.0,2010-10-08 14:44:00,427
13407.0,2010-05-10 12:41:00,579
13408.0,2011-12-08 09:05:00,2
13410.0,2011-11-15 15:33:00,24
13411.0,2011-08-24 13:57:00,107
13412.0,2010-03-29 16:28:00,620
13413.0,2010-03-10 12:17:00,640
13414.0,2011-07-29 11:45:00,134
13415.0,2010-08-24 11:38:00,473
13416.0,2011-10-27 08:56:00,44
13417.0,2011-12-05 08:49:00,5
13418.0,2011-11-28 10:23:00,12
13419.0,2011-10-07 12:49:00,64
13420.0,2011-07-13 08:48:00,150
13421.0,2011-10-30 14:21:00,40
13422.0,2011-10-06 13:42:00,64
13423.0,2010-10-07 09:02:00,429
13424.0,2010-09-16 10:49:00,450
13425.0,2011-08-23 17:13:00,108
13426.0,2011-12-09 08:59:00,1
13427.0,2011-11-20 13:02:00,19
13428.0,2011-11-29 14:20:00,10
13429.0,2011-11-29 09:10:00,11
13430.0,2011-11-21 08:19:00,19
13431.0,2011-10-03 13:49:00,67
13432.0,2010-05-17 13:18:00,571
13433.0,2010-07-26 16:55:00,501
13434.0,2011-09-26 14:30:00,74
13435.0,2011-12-04 14:45:00,5
13436.0,2011-12-08 10:33:00,2
13437.0,2011-11-25 14:00:00,14
13438.0,2010-06-10 18:46:00,547
13439.0,2011-03-29 14:20:00,255
13440.0,2010-10-12 13:11:00,423
13441.0,2011-09-09 09:38:00,92
13442.0,2010-02-10 14:03:00,667
13443.0,2010-09-17 12:31:00,449
13444.0,2010-11-30 13:02:00,374
13445.0,2010-03-23 15:34:00,626
13446.0,2010-10-05 18:51:00,430
13447.0,2011-11-16 13:38:00,23
13448.0,2011-11-23 12:33:00,17
13449.0,2011-11-16 08:28:00,24
13450.0,2011-11-13 11:54:00,27
13451.0,2011-11-13 15:58:00,26
13452.0,2011-03-25 14:19:00,259
13453.0,2011-06-27 09:34:00,166
13454.0,2010-03-08 14:40:00,641
13455.0,2011-11-15 11:21:00,25
13456.0,2011-11-22 09:18:00,18
13457.0,2010-01-20 08:48:00,689
13458.0,2011-12-02 15:29:00,7
13459.0,2010-03-25 10:24:00,625
13460.0,2011-11-10 17:17:00,29
13461.0,2011-11-01 09:01:00,39
13462.0,2011-04-01 11:20:00,253
13464.0,2011-10-12 15:01:00,58
13465.0,2010-09-19 15:13:00,446
13466.0,2011-06-08 16:39:00,184
13467.0,2011-11-29 10:01:00,11
13468.0,2011-12-08 10:39:00,2
13469.0,2010-02-24 15:03:00,653
13470.0,2011-09-01 14:57:00,99
13471.0,2011-12-08 15:44:00,1
13472.0,2010-09-02 09:41:00,464
13473.0,2011-10-10 11:20:00,61
13474.0,2011-04-17 13:53:00,236
13475.0,2011-06-01 13:52:00,191
13476.0,2011-06-14 12:00:00,179
13477.0,2011-11-02 12:04:00,38
13478.0,2010-08-27 13:23:00,469
13479.0,2011-05-23 10:45:00,201
13480.0,2010-10-19 11:53:00,417
13481.0,2011-10-25 09:07:00,46
13482.0,2011-04-21 17:03:00,232
13483.0,2011-10-05 11:53:00,66
13484.0,2011-04-12 16:30:00,241
13485.0,2011-04-20 13:58:00,233
13486.0,2011-09-22 13:13:00,78
13487.0,2011-10-13 12:07:00,58
13488.0,2011-11-22 14:41:00,17
13489.0,2011-08-26 13:16:00,105
13490.0,2010-02-23 14:48:00,654
13491.0,2011-10-19 08:32:00,52
13492.0,2011-07-26 14:25:00,136
13493.0,2011-03-09 15:35:00,275
13494.0,2011-02-01 11:58:00,312
13495.0,2011-12-02 11:21:00,8
13496.0,2011-11-29 10:58:00,11
13497.0,2011-03-02 09:04:00,283
13498.0,2009-12-09 15:26:00,730
13499.0,2011-11-22 11:21:00,18
13500.0,2011-11-16 15:35:00,23
13501.0,2011-02-24 18:59:00,288
13502.0,2011-11-23 10:39:00,17
13503.0,2011-09-29 13:23:00,71
13504.0,2011-10-06 13:20:00,64
13505.0,2011-09-28 11:56:00,73
13506.0,2011-01-27 13:53:00,316
13507.0,2011-12-06 13:13:00,3
13508.0,2011-04-10 11:58:00,244
13509.0,2011-12-01 10:10:00,9
13510.0,2011-12-08 13:46:00,1
13511.0,2010-02-01 12:10:00,677
13512.0,2011-03-24 10:03:00,261
13513.0,2011-08-05 11:50:00,127
13514.0,2011-09-27 09:39:00,74
13515.0,2011-09-28 11:26:00,73
13516.0,2011-11-18 13:15:00,21
13517.0,2011-10-11 11:43:00,60
13518.0,2011-09-15 10:29:00,86
13519.0,2011-09-22 18:24:00,78
13520.0,2011-10-12 10:20:00,59
13521.0,2011-12-08 13:50:00,1
13522.0,2011-11-09 15:11:00,30
13523.0,2011-11-06 15:11:00,33
13524.0,2011-10-30 12:34:00,41
13525.0,2011-11-25 12:01:00,15
13526.0,2009-12-01 13:13:00,738
13527.0,2011-11-06 12:04:00,34
13529.0,2011-09-22 09:15:00,79
13530.0,2010-03-15 14:10:00,634
13531.0,2011-05-18 16:56:00,205
13532.0,2011-11-06 12:25:00,34
13533.0,2011-06-10 11:54:00,183
13534.0,2011-12-07 14:52:00,2
13535.0,2010-11-02 11:49:00,403
13536.0,2011-12-08 16:38:00,1
13537.0,2010-10-10 12:45:00,426
13538.0,2011-10-27 16:34:00,43
13539.0,2011-09-15 10:18:00,86
13540.0,2010-08-29 14:20:00,467
13541.0,2010-10-08 16:37:00,427
13542.0,2010-11-28 11:24:00,377
13543.0,2010-03-15 13:34:00,634
13544.0,2011-10-31 11:57:00,40
13545.0,2010-11-14 11:27:00,391
13546.0,2011-11-27 14:50:00,12
13547.0,2010-10-27 14:14:00,408
13548.0,2011-09-04 14:50:00,96
13549.0,2011-11-14 09:20:00,26
13550.0,2010-11-21 15:24:00,383
13551.0,2011-01-24 14:46:00,319
13552.0,2011-10-04 15:19:00,66
13553.0,2010-02-03 12:21:00,675
13554.0,2010-11-24 15:05:00,380
13555.0,2011-09-27 12:36:00,74
13556.0,2010-10-06 16:44:00,429
13557.0,2011-11-11 15:24:00,28
13558.0,2011-12-04 11:24:00,6
13559.0,2010-07-15 09:52:00,513
13560.0,2011-12-02 13:11:00,7
13561.0,2011-05-08 12:39:00,216
13562.0,2011-09-19 10:51:00,82
13563.0,2011-09-16 14:45:00,84
13564.0,2010-12-20 16:50:00,354
13565.0,2011-11-20 14:33:00,19
13566.0,2011-10-30 11:59:00,41
13567.0,2010-10-07 12:51:00,428
13568.0,2011-06-19 14:42:00,173
13569.0,2011-11-22 13:07:00,17
13570.0,2011-04-10 13:36:00,243
13571.0,2011-11-27 10:47:00,13
13572.0,2011-05-18 11:59:00,206
13573.0,2011-10-20 14:33:00,50
13574.0,2010-10-24 13:28:00,411
13575.0,2011-11-16 13:14:00,23
13576.0,2011-11-29 15:34:00,10
13577.0,2011-11-14 15:19:00,25
13578.0,2010-10-26 13:44:00,409
13579.0,2011-11-25 08:41:00,15
13580.0,2010-10-29 15:01:00,406
13581.0,2011-02-03 14:41:00,309
13582.0,2010-11-15 11:34:00,390
13583.0,2011-07-07 10:40:00,156
13584.0,2011-02-06 12:49:00,307
13585.0,2010-06-27 12:33:00,531
13586.0,2010-06-16 13:47:00,541
13587.0,2011-10-07 12:31:00,64
13588.0,2011-11-24 10:42:00,16
13589.0,2011-11-25 12:10:00,15
13590.0,2011-11-28 12:54:00,11
13591.0,2011-10-06 12:26:00,65
13592.0,2011-11-04 09:49:00,36
13593.0,2011-08-23 13:35:00,108
13594.0,2011-10-18 10:19:00,53
13595.0,2010-07-11 12:36:00,517
13596.0,2011-12-04 12:01:00,6
13597.0,2010-11-04 14:54:00,400
13598.0,2011-10-23 14:28:00,47
13599.0,2011-12-08 16:10:00,1
13600.0,2011-01-31 15:27:00,312
13601.0,2011-10-25 17:31:00,45
13602.0,2011-10-06 11:47:00,65
13603.0,2011-11-13 15:57:00,26
13604.0,2010-02-19 12:02:00,659
13605.0,2010-11-17 17:16:00,387
13606.0,2011-11-10 17:46:00,29
13607.0,2011-10-30 16:17:00,40
13608.0,2010-06-17 12:28:00,541
13609.0,2010-04-25 13:26:00,593
13610.0,2011-11-27 15:38:00,12
13611.0,2011-09-11 14:51:00,89
13612.0,2010-03-17 12:14:00,633
13613.0,2010-09-13 12:01:00,453
13614.0,2011-11-15 14:47:00,24
13615.0,2011-01-25 08:21:00,319
13616.0,2010-05-20 12:59:00,568
13617.0,2011-10-30 13:50:00,40
13618.0,2011-06-19 11:09:00,174
13619.0,2010-06-13 11:39:00,545
13620.0,2010-06-29 15:02:00,528
13621.0,2011-08-15 08:26:00,117
13622.0,2010-01-12 13:22:00,696
13623.0,2011-11-09 12:00:00,31
13624.0,2010-11-16 13:43:00,388
13625.0,2010-04-22 10:50:00,597
13626.0,2011-04-01 10:05:00,253
13627.0,2011-10-11 14:20:00,59
13628.0,2010-02-01 14:44:00,676
13629.0,2011-11-16 13:21:00,23
13630.0,2011-12-04 15:16:00,5
13631.0,2011-09-01 09:57:00,100
13632.0,2011-11-15 10:51:00,25
13634.0,2011-11-06 13:40:00,33
13635.0,2011-10-03 10:55:00,68
13636.0,2011-11-03 10:30:00,37
13637.0,2011-10-18 13:32:00,52
13638.0,2011-11-24 10:38:00,16
13639.0,2011-09-26 13:36:00,74
13640.0,2010-04-07 15:33:00,611
13641.0,2010-03-09 07:37:00,641
13642.0,2011-05-08 12:34:00,216
13643.0,2011-11-08 15:37:00,31
13644.0,2011-11-23 14:07:00,16
13645.0,2011-08-11 16:11:00,120
13646.0,2010-11-05 12:13:00,400
13647.0,2011-11-30 12:00:00,10
13648.0,2010-11-04 14:46:00,400
13649.0,2011-03-28 11:51:00,257
13650.0,2011-11-23 12:22:00,17
13651.0,2011-10-31 12:11:00,40
13652.0,2011-10-25 08:51:00,46
13653.0,2010-08-09 08:19:00,488
13654.0,2011-10-27 16:24:00,43
13655.0,2011-08-17 14:25:00,114
13656.0,2011-06-28 10:31:00,165
13657.0,2011-11-29 12:32:00,11
13658.0,2011-11-30 10:13:00,10
13659.0,2011-05-18 12:37:00,206
13660.0,2010-11-04 16:10:00,400
13661.0,2010-04-15 14:58:00,603
13662.0,2011-09-15 12:04:00,86
13663.0,2011-06-13 15:44:00,179
13665.0,2010-11-18 13:06:00,386
13666.0,2011-10-10 15:39:00,60
13667.0,2011-07-13 15:42:00,149
13668.0,2011-12-07 12:11:00,3
13669.0,2011-10-20 09:32:00,51
13670.0,2011-09-25 15:25:00,75
13671.0,2010-11-10 10:50:00,395
13672.0,2011-02-11 13:53:00,301
13673.0,2011-11-21 12:11:00,19
13674.0,2010-10-03 10:41:00,433
13675.0,2011-07-11 12:57:00,151
13676.0,2010-06-18 17:30:00,539
13677.0,2010-10-31 11:32:00,405
13678.0,2011-07-11 10:14:00,152
13679.0,2010-08-03 12:13:00,494
13680.0,2011-12-08 13:47:00,1
13681.0,2011-11-22 11:13:00,18
13682.0,2011-06-05 14:06:00,187
13683.0,2010-09-08 10:00:00,458
13684.0,2011-02-27 10:13:00,286
13685.0,2011-12-07 11:41:00,3
13686.0,2011-06-10 09:10:00,183
13687.0,2010-09-27 16:30:00,438
13688.0,2010-03-14 14:11:00,635
13689.0,2011-10-07 13:21:00,63
13690.0,2011-10-11 15:03:00,59
13691.0,2010-11-08 17:34:00,396
13692.0,2011-11-15 11:17:00,25
13693.0,2010-11-30 18:21:00,374
13694.0,2011-12-06 09:32:00,4
13695.0,2011-11-08 14:26:00,31
13696.0,2010-10-14 09:44:00,422
13697.0,2011-11-01 09:14:00,39
13698.0,2010-04-22 11:52:00,597
13699.0,2011-07-07 16:51:00,155
13700.0,2011-11-13 13:00:00,26
13701.0,2010-09-19 12:39:00,447
13702.0,2010-09-20 11:40:00,446
13703.0,2011-01-25 13:10:00,318
13704.0,2011-12-04 15:13:00,5
13705.0,2011-12-02 12:32:00,8
13706.0,2011-02-10 09:21:00,303
13707.0,2011-03-17 18:03:00,267
13708.0,2011-03-13 13:46:00,271
13709.0,2011-12-06 10:28:00,4
13710.0,2011-11-08 08:16:00,32
13711.0,2011-05-05 10:31:00,219
13712.0,2011-04-07 12:33:00,247
13713.0,2010-10-27 16:18:00,408
13714.0,2010-08-31 13:57:00,465
13715.0,2011-03-03 19:21:00,281
13716.0,2011-03-15 13:49:00,269
13717.0,2011-11-07 14:13:00,32
13718.0,2011-04-07 13:24:00,246
13719.0,2011-11-24 15:26:00,15
13720.0,2011-08-15 12:46:00,117
13721.0,2011-11-03 14:05:00,36
13722.0,2011-07-31 12:44:00,132
13723.0,2011-05-06 17:04:00,217
13724.0,2010-03-12 15:28:00,637
13725.0,2011-10-21 10:03:00,50
13726.0,2011-11-01 10:49:00,39
13727.0,2011-11-11 09:46:00,29
13728.0,2011-11-03 10:49:00,37
13729.0,2010-09-30 10:44:00,436
13730.0,2011-07-27 08:35:00,136
13731.0,2011-05-04 14:33:00,219
13732.0,2011-11-11 15:49:00,28
13733.0,2010-10-25 12:18:00,411
13734.0,2010-07-19 12:04:00,509
13735.0,2011-11-15 11:14:00,25
13736.0,2011-12-04 15:19:00,5
13737.0,2011-05-23 16:32:00,200
13738.0,2010-11-08 15:23:00,396
13739.0,2011-11-21 13:35:00,18
13740.0,2011-04-13 10:32:00,241
13741.0,2011-09-29 09:19:00,72
13742.0,2011-11-23 11:07:00,17
13743.0,2011-12-07 10:09:00,3
13744.0,2011-09-05 15:19:00,95
13745.0,2011-06-30 16:43:00,162
13746.0,2010-10-22 11:55:00,414
13747.0,2010-12-01 10:37:00,374
13748.0,2011-09-05 09:45:00,96
13750.0,2011-10-17 12:16:00,54
13751.0,2011-02-24 15:56:00,288
13752.0,2011-08-07 14:16:00,124
13753.0,2011-02-25 12:48:00,288
13754.0,2011-07-11 11:51:00,152
13755.0,2011-12-06 12:26:00,4
13756.0,2011-12-07 16:44:00,2
13757.0,2010-02-03 12:37:00,675
13758.0,2011-11-28 11:11:00,12
13759.0,2011-11-06 14:47:00,33
13760.0,2011-10-16 16:13:00,54
13761.0,2011-10-20 14:01:00,50
13762.0,2011-05-05 09:15:00,219
13763.0,2011-10-07 15:13:00,63
13764.0,2011-09-30 12:03:00,71
13765.0,2010-02-24 13:46:00,653
13766.0,2010-08-01 14:25:00,495
13767.0,2011-12-07 15:00:00,2
13768.0,2009-12-13 10:41:00,727
13769.0,2011-12-07 15:08:00,2
13770.0,2010-10-13 15:10:00,422
13771.0,2011-10-06 14:18:00,64
13772.0,2011-11-06 11:43:00,34
13773.0,2010-11-08 11:49:00,397
13774.0,2011-09-19 12:06:00,82
13775.0,2010-04-28 12:15:00,591
13777.0,2011-12-09 12:25:00,1
13778.0,2011-08-28 15:25:00,103
13779.0,2010-07-12 11:24:00,516
13780.0,2011-12-02 13:49:00,7
13781.0,2011-04-03 12:08:00,251
13782.0,2011-11-27 11:54:00,13
13783.0,2010-08-09 09:23:00,488
13784.0,2011-11-30 09:33:00,10
13785.0,2010-10-07 09:25:00,429
13786.0,2010-12-07 13:53:00,367
13787.0,2011-09-25 12:06:00,76
13788.0,2010-07-22 15:50:00,505
13789.0,2010-11-16 15:31:00,388
13790.0,2011-12-05 15:48:00,4
13791.0,2011-08-04 11:44:00,128
13792.0,2011-10-04 14:31:00,66
13793.0,2010-03-03 08:25:00,647
13794.0,2010-06-11 12:30:00,547
13795.0,2010-11-16 17:25:00,388
13796.0,2010-07-28 14:45:00,499
13797.0,2010-09-29 10:34:00,437
13798.0,2011-12-08 15:51:00,1
13799.0,2011-08-15 12:07:00,117
13800.0,2011-02-03 12:27:00,310
13801.0,2011-10-04 10:15:00,67
13802.0,2011-07-24 10:54:00,139
13803.0,2011-03-29 12:57:00,255
13804.0,2011-11-09 12:32:00,31
13805.0,2011-10-18 14:50:00,52
13806.0,2011-10-07 11:43:00,64
13807.0,2010-12-07 15:48:00,367
13808.0,2011-12-04 12:18:00,6
13809.0,2011-02-07 13:15:00,305
13810.0,2011-11-11 08:33:00,29
13811.0,2011-06-09 09:54:00,184
13812.0,2011-10-28 14:27:00,42
13813.0,2011-10-31 10:38:00,40
13814.0,2011-09-08 13:48:00,92
13815.0,2011-11-17 14:19:00,22
13816.0,2011-11-16 08:38:00,24
13817.0,2011-11-10 17:49:00,29
13818.0,2010-10-06 12:35:00,430
13819.0,2011-02-11 10:38:00,302
13820.0,2010-10-17 13:46:00,418
13821.0,2011-07-18 09:49:00,145
13822.0,2011-12-04 12:13:00,6
13823.0,2011-11-21 10:22:00,19
13824.0,2011-11-07 12:41:00,33
13825.0,2010-03-28 11:02:00,622
13826.0,2011-06-16 13:48:00,176
13827.0,2011-10-13 12:38:00,58
13828.0,2011-11-17 16:02:00,22
13829.0,2010-10-14 18:19:00,421
13830.0,2010-05-07 12:24:00,582
13831.0,2011-11-23 15:41:00,16
13832.0,2011-11-20 15:36:00,19
13833.0,2011-07-03 13:27:00,159
13834.0,2010-05-12 10:27:00,577
13835.0,2011-11-14 15:37:00,25
13836.0,2010-11-05 13:31:00,399
13837.0,2011-05-12 12:10:00,212
13838.0,2011-12-04 11:00:00,6
13839.0,2010-08-10 13:52:00,486
13840.0,2010-10-19 13:34:00,416
13841.0,2011-04-01 12:10:00,253
13842.0,2011-10-12 10:51:00,59
13843.0,2010-11-23 17:48:00,381
13844.0,2011-11-28 13:21:00,11
13845.0,2011-10-06 08:25:00,65
13846.0,2011-11-15 12:07:00,25
13847.0,2009-12-20 10:41:00,720
13848.0,2011-09-08 12:58:00,92
13849.0,2011-10-19 10:59:00,52
13850.0,2011-08-02 14:04:00,129
13851.0,2011-09-05 12:36:00,96
13852.0,2010-04-08 09:06:00,611
13853.0,2011-10-13 14:18:00,57
13854.0,2011-12-01 09:06:00,9
13855.0,2010-07-27 09:53:00,501
13856.0,2011-06-24 10:03:00,169
13857.0,2010-11-11 12:54:00,393
13858.0,2011-10-13 16:17:00,57
13859.0,2011-01-17 16:14:00,326
13860.0,2011-12-08 12:57:00,1
13861.0,2010-10-06 14:20:00,429
13862.0,2011-11-21 16:24:00,18
13863.0,2011-04-06 10:20:00,248
13864.0,2010-11-18 12:50:00,387
13865.0,2011-10-12 13:31:00,58
13866.0,2011-09-26 14:54:00,74
13867.0,2011-11-08 15:48:00,31
13868.0,2011-12-02 16:32:00,7
13869.0,2011-08-08 13:53:00,123
13870.0,2011-12-07 13:23:00,2
13871.0,2011-11-17 10:49:00,23
13872.0,2010-06-30 15:35:00,527
13873.0,2011-08-12 10:08:00,120
13874.0,2010-12-16 18:20:00,358
13875.0,2011-10-17 09:36:00,54
13876.0,2011-10-07 10:22:00,64
13877.0,2011-09-14 15:49:00,86
13878.0,2011-10-16 12:19:00,55
13879.0,2010-03-04 10:49:00,646
13880.0,2011-11-18 13:44:00,21
13881.0,2011-12-06 12:50:00,4
13882.0,2011-12-07 11:16:00,3
13883.0,2011-11-29 10:45:00,11
13884.0,2011-12-02 16:30:00,7
13885.0,2011-06-03 15:07:00,189
13886.0,2011-09-29 13:17:00,71
13887.0,2011-05-19 17:22:00,204
13888.0,2011-08-12 10:13:00,120
13889.0,2011-09-08 09:13:00,93
13890.0,2011-12-08 15:36:00,1
13891.0,2010-11-26 15:57:00,378
13892.0,2011-11-13 11:50:00,27
13893.0,2011-02-15 11:30:00,298
13894.0,2011-11-16 09:44:00,24
13895.0,2011-11-11 16:57:00,28
13896.0,2010-03-24 08:55:00,626
13897.0,2011-10-20 14:30:00,50
13898.0,2011-01-18 10:28:00,326
13899.0,2011-11-23 13:40:00,16
13900.0,2011-06-09 19:26:00,183
13901.0,2011-09-28 14:48:00,72
13902.0,2010-03-17 13:09:00,632
13903.0,2010-11-04 17:44:00,400
13904.0,2011-11-02 13:41:00,37
13905.0,2009-12-07 11:41:00,733
13906.0,2010-10-26 15:00:00,409
13907.0,2010-01-17 12:22:00,692
13908.0,2011-09-21 11:49:00,80
13909.0,2010-10-12 17:22:00,423
13911.0,2011-10-13 15:43:00,57
13912.0,2010-10-12 08:43:00,424
13913.0,2010-07-21 10:11:00,507
13914.0,2011-11-28 10:35:00,12
13915.0,2010-11-10 15:17:00,394
13916.0,2010-09-02 10:04:00,464
13917.0,2011-10-21 09:56:00,50
13918.0,2011-10-21 12:25:00,50
13919.0,2011-10-11 14:24:00,59
13920.0,2010-10-04 12:37:00,432
13921.0,2010-11-02 16:32:00,402
13922.0,2010-12-23 10:38:00,352
13923.0,2011-10-17 12:33:00,54
13924.0,2011-12-08 09:39:00,2
13925.0,2011-09-08 12:47:00,93
13926.0,2011-11-16 13:16:00,23
13927.0,2011-09-26 12:00:00,75
13928.0,2011-11-29 10:33:00,11
13929.0,2011-06-23 15:26:00,169
13930.0,2011-10-13 09:45:00,58
13931.0,2011-09-05 10:12:00,96
13932.0,2011-02-18 12:02:00,295
13933.0,2011-08-22 14:03:00,109
13934.0,2011-03-21 08:39:00,264
13935.0,2010-04-22 11:21:00,597
13936.0,2011-06-13 08:47:00,180
13937.0,2011-06-23 16:35:00,169
13938.0,2011-11-04 14:37:00,35
13939.0,2011-11-16 13:33:00,23
13940.0,2011-11-22 15:15:00,17
13941.0,2011-11-18 09:43:00,22
13942.0,2010-06-23 12:35:00,535
13943.0,2010-05-11 11:30:00,578
13944.0,2010-02-24 15:02:00,653
13945.0,2010-11-10 10:00:00,395
13946.0,2011-09-21 13:33:00,79
13947.0,2011-10-05 14:42:00,65
13948.0,2010-12-14 10:18:00,361
13949.0,2011-12-07 09:35:00,3
13950.0,2011-11-28 14:44:00,11
13951.0,2011-06-16 16:43:00,176
13952.0,2011-05-06 09:00:00,218
13953.0,2011-12-02 16:04:00,7
13954.0,2011-12-08 12:50:00,2
13955.0,2011-07-08 17:19:00,154
13956.0,2011-12-04 13:20:00,5
13957.0,2010-10-18 10:02:00,418
13958.0,2010-11-25 10:11:00,380
13959.0,2011-09-21 15:06:00,79
13960.0,2011-11-18 15:27:00,21
13961.0,2010-11-12 14:40:00,392
13962.0,2011-11-18 08:47:00,22
13963.0,2011-02-04 14:43:00,308
13964.0,2010-11-17 13:53:00,387
13965.0,2010-08-20 10:40:00,477
13966.0,2010-09-30 13:08:00,435
13967.0,2011-07-17 12:02:00,146
13968.0,2010-10-12 13:22:00,423
13969.0,2011-12-02 15:11:00,7
13970.0,2010-11-18 13:21:00,386
13971.0,2011-11-21 12:06:00,19
13972.0,2011-09-30 11:54:00,71
13973.0,2011-02-25 15:21:00,287
13974.0,2011-10-21 14:41:00,49
13975.0,2011-11-08 13:19:00,31
13976.0,2011-05-17 09:13:00,207
13977.0,2010-10-24 14:08:00,411
13978.0,2011-11-25 11:36:00,15
13979.0,2011-09-27 13:32:00,73
13980.0,2011-10-10 13:34:00,60
13981.0,2010-10-20 10:03:00,416
13982.0,2011-10-31 16:24:00,39
13983.0,2011-11-10 11:06:00,30
13984.0,2011-11-13 12:38:00,27
13985.0,2011-12-05 17:06:00,4
13986.0,2011-11-22 15:00:00,17
13987.0,2010-11-25 10:20:00,380
13988.0,2011-11-20 10:15:00,20
13989.0,2011-10-05 09:47:00,66
13990.0,2011-05-10 15:19:00,213
13991.0,2011-11-27 16:18:00,12
13992.0,2011-11-09 15:23:00,30
13993.0,2011-10-28 09:06:00,43
13994.0,2011-12-06 11:05:00,4
13995.0,2011-11-24 14:22:00,15
13996.0,2010-11-18 16:27:00,386
13997.0,2010-07-08 18:06:00,519
13998.0,2010-09-19 10:20:00,447
13999.0,2011-11-29 13:40:00,10
14000.0,2011-05-12 16:50:00,211
14001.0,2011-10-25 10:31:00,46
14002.0,2011-07-28 15:55:00,134
14003.0,2009-12-07 08:53:00,733
14004.0,2011-10-27 14:40:00,43
14005.0,2011-11-30 12:41:00,10
14006.0,2011-08-16 09:39:00,116
14007.0,2010-07-15 09:06:00,513
14008.0,2010-10-03 13:09:00,432
14009.0,2011-05-25 15:47:00,198
14010.0,2010-05-23 13:00:00,565
14011.0,2010-08-16 15:31:00,480
14012.0,2011-03-07 12:26:00,278
14013.0,2011-08-21 15:01:00,110
14014.0,2011-09-23 13:18:00,77
14015.0,2011-10-18 10:02:00,53
14016.0,2011-07-01 11:29:00,162
14017.0,2010-05-17 14:52:00,571
14018.0,2010-03-04 14:23:00,645
14019.0,2011-10-24 10:13:00,47
14020.0,2011-11-23 09:22:00,17
14021.0,2011-07-07 15:46:00,155
14022.0,2011-04-28 14:39:00,225
14023.0,2011-12-02 13:58:00,7
14024.0,2011-08-10 11:30:00,122
14025.0,2010-09-01 10:11:00,465
14026.0,2010-08-26 10:31:00,471
14027.0,2011-10-10 09:01:00,61
14028.0,2010-06-07 13:33:00,550
14029.0,2011-10-07 14:46:00,63
14030.0,2011-11-21 16:48:00,18
14031.0,2011-12-02 17:13:00,7
14032.0,2011-12-07 15:23:00,2
14033.0,2010-06-02 15:10:00,555
14034.0,2011-11-17 14:02:00,22
14035.0,2011-11-11 10:03:00,29
14036.0,2011-02-28 09:26:00,285
14037.0,2011-06-16 13:57:00,176
14038.0,2011-09-22 13:37:00,78
14039.0,2011-11-06 13:48:00,33
14040.0,2011-10-30 12:42:00,41
14041.0,2011-03-18 13:25:00,266
14042.0,2009-12-14 15:07:00,725
14043.0,2010-08-05 18:18:00,491
14044.0,2011-11-13 12:05:00,27
14045.0,2011-08-22 15:27:00,109
14046.0,2011-02-28 14:48:00,284
14047.0,2011-12-01 11:43:00,9
14048.0,2011-02-07 14:53:00,305
14049.0,2011-11-23 12:20:00,17
14050.0,2011-11-08 10:00:00,32
14051.0,2011-12-09 10:20:00,1
14052.0,2011-11-20 12:30:00,20
14053.0,2011-08-07 14:27:00,124
14054.0,2011-10-05 15:49:00,65
14055.0,2011-08-25 15:04:00,106
14056.0,2011-12-08 13:36:00,1
14057.0,2011-11-16 10:32:00,24
14058.0,2010-09-03 09:31:00,463
14059.0,2011-03-18 10:06:00,267
14060.0,2011-12-05 12:29:00,5
14061.0,2010-07-20 17:22:00,507
14062.0,2011-11-30 10:04:00,10
14063.0,2010-01-22 11:28:00,687
14064.0,2011-11-10 13:14:00,29
14065.0,2010-11-15 16:13:00,389
14066.0,2011-03-18 12:21:00,267
14067.0,2011-10-07 10:21:00,64
14068.0,2011-01-23 16:02:00,320
14069.0,2010-07-13 12:12:00,515
14070.0,2010-01-24 12:27:00,685
14071.0,2011-12-06 12:27:00,4
14072.0,2010-02-11 12:31:00,667
14073.0,2011-11-07 15:49:00,32
14074.0,2010-03-26 13:55:00,623
14075.0,2011-12-05 08:38:00,5
14076.0,2011-08-02 15:19:00,129
14077.0,2011-10-30 12:35:00,41
14078.0,2011-08-30 12:16:00,102
14079.0,2011-08-07 12:10:00,125
14080.0,2011-11-07 11:09:00,33
14081.0,2011-02-10 16:17:00,302
14082.0,2010-12-10 11:02:00,365
14083.0,2011-12-05 13:14:00,4
14084.0,2010-07-15 14:36:00,512
14085.0,2011-12-07 13:46:00,2
14086.0,2010-09-03 10:52:00,463
14087.0,2011-12-07 12:41:00,3
14088.0,2011-11-29 16:16:00,10
14089.0,2011-10-14 10:38:00,57
14090.0,2011-01-19 10:51:00,325
14091.0,2010-02-23 15:17:00,654
14092.0,2011-12-02 12:13:00,8
14093.0,2011-11-27 16:27:00,12
14094.0,2010-09-26 11:58:00,440
14095.0,2009-12-17 12:49:00,723
14096.0,2011-12-05 17:17:00,4
14097.0,2010-08-15 14:20:00,481
14098.0,2011-11-03 10:13:00,37
14099.0,2011-11-23 13:53:00,16
14100.0,2011-07-25 11:01:00,138
14101.0,2011-09-27 12:28:00,74
14102.0,2011-12-04 15:38:00,5
14104.0,2011-07-08 12:50:00,155
14105.0,2011-04-14 17:58:00,239
14106.0,2009-12-02 14:09:00,737
14107.0,2011-10-19 12:12:00,52
14108.0,2011-11-09 10:41:00,31
14109.0,2011-09-28 10:18:00,73
14110.0,2011-12-06 12:26:00,4
14111.0,2011-11-25 13:44:00,14
14112.0,2011-11-17 12:30:00,23
14113.0,2011-12-06 12:18:00,4
14114.0,2011-03-11 09:42:00,274
14115.0,2010-07-26 12:36:00,502
14116.0,2011-11-20 10:29:00,20
14117.0,2011-07-19 09:49:00,144
14118.0,2010-10-07 11:59:00,429
14119.0,2010-11-29 10:33:00,376
14121.0,2011-12-06 12:19:00,4
14122.0,2010-10-29 15:11:00,406
14123.0,2009-12-06 15:35:00,733
14124.0,2011-09-16 13:32:00,84
14125.0,2011-11-29 12:47:00,11
14126.0,2011-12-02 11:45:00,8
14127.0,2011-08-09 10:49:00,123
14128.0,2011-10-10 12:00:00,61
14129.0,2011-12-08 11:02:00,2
14130.0,2011-01-24 16:05:00,319
14131.0,2010-03-01 11:59:00,649
14132.0,2011-12-07 13:35:00,2
14133.0,2011-08-02 11:34:00,130
14134.0,2010-11-22 12:26:00,383
14135.0,2011-12-08 11:38:00,2
14136.0,2010-11-04 11:53:00,401
14137.0,2010-01-13 12:30:00,696
14138.0,2011-12-08 12:44:00,2
14139.0,2011-10-24 13:34:00,46
14140.0,2011-12-06 09:05:00,4
14141.0,2011-12-07 09:53:00,3
14142.0,2010-12-01 16:33:00,373
14143.0,2011-07-29 09:48:00,134
14144.0,2010-08-10 15:17:00,486
14145.0,2011-10-24 12:10:00,47
14146.0,2011-12-01 10:18:00,9
14147.0,2011-09-22 18:10:00,78
14148.0,2011-04-20 12:02:00,234
14149.0,2011-05-03 09:44:00,221
14150.0,2011-11-04 10:05:00,36
14151.0,2010-02-04 15:35:00,673
14152.0,2011-09-25 12:54:00,75
14153.0,2010-08-13 14:35:00,483
14154.0,2011-04-14 16:26:00,239
14155.0,2011-03-18 14:13:00,266
14156.0,2011-11-30 10:54:00,10
14157.0,2011-11-20 11:32:00,20
14158.0,2011-10-30 15:08:00,40
14159.0,2011-11-20 12:36:00,20
14160.0,2010-04-08 14:30:00,610
14161.0,2011-05-08 11:41:00,216
14162.0,2011-06-19 11:36:00,174
14163.0,2011-09-13 15:18:00,87
14164.0,2011-09-30 12:24:00,71
14165.0,2011-03-09 12:39:00,276
14166.0,2010-07-22 19:42:00,505
14167.0,2011-10-31 14:29:00,39
14168.0,2010-10-15 10:49:00,421
14169.0,2010-10-05 08:45:00,431
14170.0,2010-11-29 13:10:00,375
14171.0,2011-09-02 16:43:00,98
14172.0,2010-04-13 13:26:00,605
14173.0,2011-11-29 11:54:00,11
14174.0,2011-11-06 13:17:00,33
14175.0,2011-10-11 11:55:00,60
14176.0,2011-02-15 13:12:00,297
14177.0,2011-09-14 15:11:00,86
14178.0,2011-12-01 12:01:00,9
14179.0,2011-10-30 12:07:00,41
14180.0,2011-11-29 10:56:00,11
14181.0,2010-10-25 08:27:00,411
14182.0,2010-09-22 11:45:00,444
14183.0,2010-10-24 14:45:00,411
14184.0,2011-10-04 12:43:00,67
14185.0,2011-01-12 13:52:00,331
14186.0,2010-10-08 13:30:00,427
14187.0,2010-08-23 12:06:00,474
14188.0,2011-11-09 12:45:00,31
14189.0,2011-12-07 15:55:00,2
14190.0,2010-02-11 14:27:00,666
14191.0,2011-12-08 09:23:00,2
14192.0,2010-11-16 17:44:00,388
14193.0,2011-10-03 09:34:00,68
14194.0,2011-12-05 10:38:00,5
14195.0,2011-05-22 10:29:00,202
14196.0,2011-08-25 10:25:00,107
14197.0,2010-10-25 10:01:00,411
14198.0,2011-11-21 16:35:00,18
14199.0,2011-05-05 13:44:00,218
14200.0,2010-04-01 13:01:00,617
14201.0,2011-10-10 13:27:00,60
14202.0,2010-11-23 17:13:00,381
14203.0,2010-11-07 13:35:00,397
14204.0,2011-12-07 13:38:00,2
14205.0,2011-11-23 10:55:00,17
14206.0,2011-04-14 16:38:00,239
14207.0,2010-01-21 09:33:00,688
14208.0,2011-09-06 12:48:00,95
14209.0,2011-11-29 10:18:00,11
14210.0,2011-08-26 12:36:00,106
14211.0,2011-10-17 13:23:00,53
14212.0,2011-09-11 12:45:00,90
14213.0,2010-10-31 10:37:00,405
14214.0,2011-11-09 10:31:00,31
14215.0,2011-11-28 12:19:00,12
14216.0,2011-12-06 14:56:00,3
14217.0,2011-12-08 11:53:00,2
14218.0,2011-10-28 10:00:00,43
14219.0,2011-12-05 16:23:00,4
14220.0,2011-04-06 13:23:00,247
14221.0,2011-10-28 13:42:00,42
14222.0,2011-06-15 16:42:00,177
14223.0,2011-09-08 13:38:00,92
14224.0,2011-08-21 13:24:00,110
14225.0,2010-10-01 10:32:00,435
14226.0,2011-11-11 11:34:00,29
14227.0,2011-11-13 15:48:00,26
14228.0,2010-09-28 09:45:00,438
14229.0,2011-10-19 10:04:00,52
14230.0,2010-09-30 09:07:00,436
14231.0,2011-06-09 11:05:00,184
14232.0,2011-10-28 11:09:00,43
14233.0,2011-10-21 15:54:00,49
14234.0,2011-11-17 17:53:00,22
14235.0,2011-09-25 14:37:00,75
14236.0,2011-09-20 09:13:00,81
14237.0,2010-12-01 13:20:00,373
14238.0,2011-01-17 14:40:00,326
14239.0,2011-10-27 14:40:00,43
14240.0,2011-11-09 13:45:00,30
14241.0,2011-06-09 11:46:00,184
14242.0,2011-04-19 11:46:00,235
14243.0,2011-12-01 11:12:00,9
14244.0,2010-02-17 11:40:00,661
14245.0,2011-05-04 08:40:00,220
14246.0,2011-08-21 11:50:00,111
14247.0,2011-03-06 15:21:00,278
14248.0,2011-01-25 14:45:00,318
14249.0,2010-10-25 12:34:00,411
14250.0,2011-12-02 14:30:00,7
14251.0,2011-12-08 08:32:00,2
14252.0,2010-11-23 13:36:00,381
14253.0,2010-08-03 14:55:00,493
14254.0,2010-10-03 11:52:00,433
14256.0,2011-03-24 13:17:00,260
14257.0,2011-10-06 16:54:00,64
14258.0,2011-11-30 15:27:00,9
14259.0,2011-07-21 10:44:00,142
14260.0,2010-08-25 14:55:00,471
14261.0,2011-10-20 10:04:00,51
14262.0,2011-12-01 14:17:00,8
14263.0,2010-10-12 14:09:00,423
14264.0,2011-07-08 10:20:00,155
14265.0,2011-08-22 13:32:00,109
14266.0,2010-10-07 13:32:00,428
14267.0,2011-06-30 10:09:00,163
14268.0,2010-08-26 10:45:00,471
14269.0,2010-09-26 12:53:00,439
14270.0,2011-01-12 09:33:00,332
14271.0,2011-04-28 12:47:00,226
14272.0,2011-09-27 10:08:00,74
14273.0,2011-10-19 13:20:00,51
14274.0,2010-01-22 12:51:00,686
14275.0,2010-11-09 09:06:00,396
14276.0,2011-09-02 09:45:00,99
14277.0,2011-11-24 15:01:00,15
14278.0,2010-10-26 12:07:00,410
14279.0,2010-07-07 08:42:00,521
14280.0,2011-05-27 10:37:00,197
14281.0,2010-10-27 14:45:00,408
14282.0,2011-12-06 17:04:00,3
14283.0,2010-09-02 14:46:00,463
14284.0,2011-11-09 08:11:00,31
14285.0,2011-11-18 14:50:00,21
14286.0,2011-11-16 10:34:00,24
14287.0,2011-12-01 13:25:00,8
14288.0,2011-05-10 13:22:00,213
14289.0,2011-12-01 11:44:00,9
14290.0,2011-11-28 14:02:00,11
14291.0,2011-12-08 10:26:00,2
14292.0,2011-12-02 11:50:00,8
14293.0,2011-12-06 15:17:00,3
14294.0,2010-10-28 16:25:00,407
14295.0,2011-10-30 15:50:00,40
14296.0,2010-10-14 14:14:00,421
14297.0,2011-11-22 09:06:00,18
14298.0,2011-12-01 13:12:00,8
14299.0,2011-12-01 16:05:00,8
14300.0,2011-11-21 08:57:00,19
14301.0,2011-08-14 15:33:00,117
14302.0,2010-10-05 08:10:00,431
14303.0,2010-10-28 15:37:00,407
14304.0,2011-05-01 11:50:00,223
14305.0,2011-09-29 15:29:00,71
14306.0,2011-10-19 13:23:00,51
14307.0,2011-09-12 09:38:00,89
14309.0,2011-12-01 13:33:00,8
14310.0,2010-10-03 12:34:00,433
14311.0,2011-04-11 10:14:00,243
14312.0,2011-10-24 09:46:00,47
14314.0,2011-08-25 10:39:00,107
14315.0,2011-10-26 12:06:00,45
14316.0,2010-10-13 16:31:00,422
14317.0,2011-10-06 10:44:00,65
14318.0,2010-09-05 15:32:00,460
14319.0,2010-10-11 13:38:00,424
14320.0,2011-05-17 09:24:00,207
14321.0,2011-11-29 09:47:00,11
14322.0,2010-10-06 15:17:00,429
14323.0,2011-08-17 11:37:00,115
14324.0,2010-10-26 11:44:00,410
14325.0,2010-05-19 09:20:00,570
14326.0,2011-04-11 15:04:00,242
14327.0,2011-06-29 13:58:00,163
14329.0,2011-11-22 15:50:00,17
14330.0,2010-03-26 09:10:00,624
14331.0,2011-08-07 13:17:00,124
14332.0,2011-11-17 11:54:00,23
14333.0,2011-10-03 10:38:00,68
14334.0,2011-11-23 10:01:00,17
14335.0,2011-11-23 13:41:00,16
14336.0,2011-11-23 11:40:00,17
14338.0,2011-07-01 14:08:00,161
14339.0,2011-04-11 11:06:00,243
14340.0,2011-05-05 09:44:00,219
14341.0,2011-10-25 15:48:00,45
14342.0,2011-11-18 13:21:00,21
14343.0,2010-10-14 13:05:00,421
14344.0,2011-08-04 13:51:00,127
14345.0,2011-11-01 09:51:00,39
14346.0,2011-08-11 09:47:00,121
14347.0,2009-12-03 10:49:00,737
14348.0,2011-03-24 16:23:00,260
14349.0,2011-11-29 15:39:00,10
14350.0,2011-03-10 14:14:00,274
14351.0,2011-06-28 11:56:00,165
14352.0,2011-07-05 15:41:00,157
14353.0,2011-05-08 16:06:00,215
14354.0,2011-12-04 11:32:00,6
14355.0,2010-12-09 12:16:00,366
14356.0,2011-09-21 09:18:00,80
14357.0,2011-10-27 16:23:00,43
14358.0,2010-11-15 15:51:00,389
14359.0,2011-11-20 13:17:00,19
14360.0,2011-11-08 09:12:00,32
14361.0,2010-05-10 12:29:00,579
14362.0,2011-11-17 15:08:00,22
14363.0,2010-11-02 17:01:00,402
14364.0,2011-08-23 11:01:00,109
14365.0,2010-11-10 09:52:00,395
14366.0,2010-07-02 17:23:00,525
14367.0,2011-12-01 13:19:00,8
14368.0,2011-01-24 09:52:00,320
14369.0,2010-03-07 15:47:00,642
14370.0,2010-09-15 10:53:00,451
14371.0,2011-02-17 16:35:00,295
14372.0,2010-09-22 16:17:00,443
14373.0,2010-12-16 15:40:00,358
14374.0,2010-06-16 14:25:00,541
14375.0,2011-06-07 13:44:00,185
14376.0,2010-01-25 15:36:00,683
14377.0,2011-06-01 13:32:00,191
14378.0,2010-03-28 12:22:00,622
14379.0,2011-10-26 16:43:00,44
14381.0,2011-10-18 17:10:00,52
14382.0,2011-11-13 16:18:00,26
14383.0,2011-11-01 15:53:00,38
14384.0,2010-07-27 09:53:00,501
14385.0,2011-11-30 15:36:00,9
14386.0,2011-02-16 09:45:00,297
14387.0,2011-11-07 12:29:00,33
14388.0,2011-11-29 13:32:00,10
14389.0,2011-10-05 15:17:00,65
14390.0,2011-11-29 13:49:00,10
14391.0,2010-05-12 09:42:00,577
14392.0,2010-10-03 12:56:00,432
14393.0,2011-05-05 18:16:00,218
14394.0,2010-05-24 10:43:00,565
14395.0,2011-12-07 14:34:00,2
14396.0,2011-10-05 16:09:00,65
14397.0,2011-12-07 09:22:00,3
14398.0,2010-11-03 13:46:00,401
14399.0,2010-11-10 13:23:00,394
14400.0,2011-07-13 15:50:00,149
14401.0,2011-12-05 13:30:00,4
14402.0,2010-02-25 13:20:00,652
14403.0,2011-08-01 12:57:00,130
14404.0,2011-11-06 12:30:00,34
14405.0,2010-11-18 11:40:00,387
14406.0,2011-08-12 16:54:00,119
14407.0,2011-08-24 14:02:00,107
14408.0,2011-11-29 11:41:00,11
14409.0,2011-09-29 18:18:00,71
14410.0,2011-09-08 15:08:00,92
14411.0,2011-02-02 10:56:00,311
14412.0,2011-10-28 10:45:00,43
14413.0,2010-12-12 13:37:00,362
14414.0,2011-09-09 12:09:00,92
14415.0,2011-12-08 14:38:00,1
14416.0,2011-11-17 15:22:00,22
14417.0,2010-11-17 10:55:00,388
14418.0,2011-12-06 11:39:00,4
14419.0,2011-11-29 11:22:00,11
14420.0,2011-09-01 18:07:00,99
14421.0,2011-10-13 13:24:00,57
14422.0,2011-12-09 11:26:00,1
14423.0,2011-05-05 15:12:00,218
14424.0,2011-11-22 11:48:00,18
14425.0,2010-10-01 10:24:00,435
14426.0,2011-11-16 12:25:00,24
14427.0,2011-10-20 14:23:00,50
14428.0,2011-12-02 13:17:00,7
14429.0,2010-11-01 10:08:00,404
14430.0,2010-07-16 11:35:00,512
14431.0,2011-02-10 10:40:00,303
14432.0,2011-11-30 08:04:00,10
14433.0,2010-08-31 12:35:00,466
14434.0,2011-11-18 08:56:00,22
14435.0,2010-07-26 12:33:00,502
14436.0,2011-09-02 10:13:00,99
14437.0,2010-12-09 09:27:00,366
14438.0,2011-02-06 14:56:00,306
14439.0,2011-01-24 11:39:00,320
14440.0,2011-12-01 15:42:00,8
14441.0,2011-12-09 09:07:00,1
14442.0,2011-05-19 11:36:00,205
14443.0,2011-10-17 10:10:00,54
14444.0,2010-09-09 18:56:00,456
14445.0,2010-09-10 11:09:00,456
14446.0,2011-12-09 11:34:00,1
14447.0,2011-11-21 08:28:00,19
14448.0,2011-11-30 13:50:00,9
14449.0,2011-11-21 12:06:00,19
14450.0,2011-06-12 10:46:00,181
14451.0,2011-10-10 13:38:00,60
14452.0,2011-11-29 12:06:00,11
14453.0,2011-06-02 14:15:00,190
14454.0,2010-11-28 13:26:00,376
14455.0,2010-10-03 15:48:00,432
14456.0,2011-12-04 13:59:00,5
14457.0,2011-02-02 09:39:00,311
14458.0,2010-11-24 12:43:00,381
14459.0,2011-07-07 13:35:00,155
14460.0,2011-08-21 14:19:00,110
14461.0,2011-07-14 17:11:00,148
14462.0,2011-10-04 15:55:00,66
14463.0,2011-09-02 15:20:00,98
14464.0,2010-05-20 18:00:00,568
14465.0,2011-04-07 12:38:00,247
14466.0,2011-11-10 14:07:00,29
14467.0,2011-11-22 12:48:00,18
14468.0,2009-12-06 12:21:00,734
14469.0,2010-10-19 14:30:00,416
14470.0,2011-11-28 10:31:00,12
14471.0,2010-04-27 17:12:00,591
14472.0,2011-08-28 11:01:00,104
14473.0,2011-09-26 15:10:00,74
14474.0,2011-10-24 13:26:00,46
14475.0,2011-09-29 10:46:00,72
14476.0,2011-03-27 15:39:00,257
14477.0,2011-11-20 11:11:00,20
14478.0,2010-11-22 15:29:00,382
14479.0,2011-03-31 09:07:00,254
14480.0,2011-11-28 16:35:00,11
14481.0,2011-06-28 10:38:00,165
14482.0,2011-11-21 13:14:00,18
14483.0,2011-03-03 10:26:00,282
14484.0,2011-10-20 14:11:00,50
14485.0,2011-11-01 12:25:00,39
14486.0,2010-07-16 09:42:00,512
14487.0,2011-11-13 12:17:00,27
14488.0,2011-10-03 09:30:00,68
14489.0,2011-05-16 14:51:00,207
14490.0,2010-10-29 15:04:00,406
14491.0,2011-06-17 15:22:00,175
14492.0,2010-10-05 13:21:00,430
14493.0,2011-12-02 16:14:00,7
14494.0,2011-11-14 09:21:00,26
14495.0,2011-10-20 12:28:00,51
14496.0,2011-02-01 09:01:00,312
14497.0,2011-02-03 17:01:00,309
14498.0,2011-10-28 12:09:00,43
14499.0,2011-11-13 13:01:00,26
14500.0,2011-09-12 16:45:00,88
14501.0,2011-06-09 12:02:00,184
14502.0,2011-11-20 11:50:00,20
14503.0,2011-12-06 13:30:00,3
14504.0,2011-10-23 16:00:00,47
14505.0,2011-11-22 15:45:00,17
14506.0,2011-11-22 13:02:00,17
14507.0,2011-11-16 12:21:00,24
14508.0,2011-11-17 19:48:00,22
14509.0,2010-06-23 13:21:00,534
14510.0,2010-11-29 12:46:00,376
14511.0,2011-11-28 17:05:00,11
14512.0,2011-06-05 12:39:00,188
14513.0,2011-08-31 11:25:00,101
14514.0,2011-10-09 16:05:00,61
14515.0,2011-11-22 11:37:00,18
14516.0,2010-07-11 14:07:00,516
14517.0,2011-11-06 14:20:00,33
14518.0,2011-10-06 14:43:00,64
14519.0,2010-01-25 11:18:00,684
14520.0,2011-12-08 09:46:00,2
14521.0,2010-08-05 16:35:00,491
14522.0,2011-11-15 13:24:00,24
14523.0,2011-08-23 13:13:00,108
14524.0,2011-11-08 12:29:00,32
14525.0,2011-11-20 11:37:00,20
14526.0,2010-11-15 13:32:00,389
14527.0,2011-12-07 12:19:00,3
14528.0,2011-11-02 17:09:00,37
14529.0,2011-10-10 15:27:00,60
14530.0,2011-11-14 10:38:00,26
14531.0,2010-08-17 10:16:00,480
14532.0,2011-04-17 13:05:00,236
14533.0,2011-11-15 12:05:00,25
14534.0,2011-12-07 12:19:00,3
14535.0,2011-10-10 15:39:00,60
14536.0,2011-03-25 12:21:00,260
14537.0,2011-10-13 10:54:00,58
14538.0,2011-10-06 10:31:00,65
14539.0,2011-11-24 09:50:00,16
14540.0,2011-11-30 10:15:00,10
14541.0,2011-10-12 10:08:00,59
14542.0,2011-06-07 08:19:00,186
14543.0,2011-11-11 12:45:00,29
14544.0,2011-11-15 15:06:00,24
14545.0,2010-02-03 15:23:00,674
14546.0,2011-12-04 13:00:00,5
14547.0,2011-12-06 11:06:00,4
14548.0,2011-07-12 12:19:00,151
14549.0,2011-02-01 13:47:00,311
14550.0,2011-11-29 12:12:00,11
14551.0,2011-11-21 13:36:00,18
14552.0,2011-07-11 12:49:00,152
14553.0,2011-11-20 13:20:00,19
14554.0,2011-11-29 16:44:00,10
14555.0,2011-10-13 16:24:00,57
14556.0,2010-04-22 14:57:00,596
14557.0,2011-09-15 15:48:00,85
14558.0,2010-02-23 12:51:00,654
14559.0,2010-11-14 16:05:00,390
14560.0,2011-12-02 15:22:00,7
14561.0,2011-09-25 12:39:00,76
14562.0,2011-12-06 11:05:00,4
14563.0,2010-07-18 12:01:00,510
14564.0,2010-10-01 09:02:00,435
14565.0,2011-09-05 09:07:00,96
14566.0,2011-08-21 11:05:00,111
14567.0,2011-10-14 10:21:00,57
14568.0,2010-09-30 17:15:00,435
14569.0,2011-12-08 14:58:00,1
14570.0,2011-03-04 10:58:00,281
14571.0,2010-10-10 15:06:00,425
14572.0,2011-12-06 14:40:00,3
14573.0,2011-06-13 11:15:00,180
14574.0,2009-12-07 12:42:00,733
14575.0,2010-08-08 14:51:00,488
14576.0,2010-12-02 17:51:00,372
14577.0,2011-11-27 12:47:00,13
14578.0,2011-12-06 17:18:00,3
14579.0,2010-10-03 14:36:00,432
14580.0,2010-07-09 15:20:00,518
14581.0,2011-11-23 12:39:00,17
14582.0,2011-10-30 11:56:00,41
14583.0,2011-12-04 12:32:00,6
14584.0,2011-06-23 18:33:00,169
14585.0,2011-10-20 14:33:00,50
14586.0,2011-03-08 10:04:00,277
14587.0,2011-11-21 11:34:00,19
14588.0,2010-05-10 15:08:00,578
14589.0,2010-12-03 11:42:00,372
14590.0,2010-10-11 12:06:00,425
14591.0,2011-11-24 13:57:00,15
14592.0,2011-11-04 16:35:00,35
14593.0,2011-11-18 12:48:00,22
14594.0,2011-12-02 13:28:00,7
14595.0,2011-11-20 12:12:00,20
14596.0,2010-03-23 12:13:00,627
14597.0,2011-11-28 13:13:00,11
14598.0,2011-10-26 13:19:00,44
14599.0,2010-11-14 14:49:00,390
14600.0,2011-02-07 09:48:00,306
14601.0,2011-11-29 09:48:00,11
14602.0,2010-02-21 15:47:00,656
14603.0,2011-03-10 10:27:00,275
14604.0,2010-03-16 13:00:00,633
14605.0,2010-11-30 14:07:00,374
14606.0,2011-12-08 19:28:00,1
14607.0,2011-11-24 10:35:00,16
14608.0,2011-12-05 16:52:00,4
14609.0,2011-09-28 12:54:00,72
14610.0,2010-11-09 10:58:00,396
14611.0,2010-09-22 09:19:00,444
14612.0,2010-10-20 16:01:00,415
14613.0,2010-01-28 13:02:00,680
14614.0,2010-11-18 13:04:00,386
14615.0,2010-11-10 13:36:00,394
14616.0,2011-04-11 09:54:00,243
14617.0,2010-11-02 11:41:00,403
14618.0,2011-11-30 13:45:00,9
14619.0,2011-04-08 07:37:00,246
14620.0,2011-05-18 11:58:00,206
14621.0,2011-12-08 16:22:00,1
14622.0,2011-06-08 12:42:00,185
14623.0,2011-11-07 13:56:00,32
14624.0,2011-10-13 13:44:00,57
14625.0,2011-05-27 15:32:00,196
14626.0,2011-11-16 10:37:00,24
14627.0,2010-11-25 16:32:00,379
14628.0,2011-09-09 14:58:00,91
14629.0,2011-12-05 16:55:00,4
14630.0,2010-08-12 16:38:00,484
14631.0,2011-10-20 11:17:00,51
14632.0,2011-03-22 08:49:00,263
14633.0,2011-03-18 17:07:00,266
14634.0,2010-09-28 10:40:00,438
14635.0,2010-09-12 10:47:00,454
14636.0,2011-11-03 16:12:00,36
14637.0,2010-01-31 15:52:00,677
14638.0,2011-10-20 10:10:00,51
14639.0,2011-10-18 15:06:00,52
14640.0,2011-11-15 13:07:00,24
14641.0,2011-11-18 10:42:00,22
14642.0,2011-10-12 11:08:00,59
14643.0,2011-06-22 14:41:00,170
14644.0,2011-10-03 08:30:00,68
14645.0,2011-07-06 09:15:00,157
14646.0,2011-12-08 12:12:00,2
14647.0,2011-05-22 13:40:00,201
14648.0,2010-10-19 13:12:00,416
14649.0,2011-12-05 12:30:00,5
14650.0,2010-04-29 20:27:00,589
14651.0,2011-10-03 15:52:00,67
14652.0,2011-09-23 14:21:00,77
14653.0,2011-12-08 13:45:00,1
14654.0,2009-12-01 12:57:00,738
14655.0,2011-12-01 16:28:00,8
14656.0,2011-06-23 13:51:00,169
14657.0,2011-11-22 12:47:00,18
14658.0,2011-12-04 15:35:00,5
14659.0,2011-12-01 12:17:00,9
14660.0,2011-09-14 11:34:00,87
14661.0,2011-11-13 11:51:00,27
14662.0,2011-11-11 12:13:00,29
14663.0,2010-10-05 13:21:00,430
14664.0,2011-11-20 10:59:00,20
14665.0,2011-10-10 09:14:00,61
14666.0,2011-11-15 12:57:00,24
14667.0,2011-11-29 11:30:00,11
14668.0,2010-09-20 15:03:00,445
14669.0,2011-04-12 11:43:00,242
14670.0,2011-03-04 14:13:00,280
14671.0,2010-06-08 13:39:00,549
14672.0,2011-04-19 10:19:00,235
14673.0,2011-12-06 14:31:00,3
14674.0,2010-07-18 14:25:00,509
14675.0,2011-11-23 12:58:00,16
14676.0,2011-11-08 13:29:00,31
14677.0,2010-04-26 09:48:00,593
14678.0,2010-05-09 14:32:00,579
14679.0,2010-11-23 11:51:00,382
14680.0,2011-11-14 16:59:00,25
14681.0,2011-09-29 15:52:00,71
14682.0,2011-06-05 12:12:00,188
14683.0,2010-04-30 17:18:00,588
14684.0,2011-11-14 11:33:00,26
14685.0,2010-05-12 13:08:00,576
14686.0,2010-10-21 18:31:00,414
14687.0,2011-08-25 11:59:00,107
14688.0,2011-12-02 12:26:00,8
14689.0,2011-05-15 11:22:00,209
14690.0,2011-10-26 15:39:00,44
14691.0,2011-11-09 12:30:00,31
14692.0,2011-07-25 15:08:00,137
14693.0,2011-03-20 12:50:00,265
14694.0,2010-04-01 19:46:00,617
14695.0,2010-07-08 14:18:00,519
14696.0,2011-12-05 13:43:00,4
14697.0,2011-05-05 15:39:00,218
14698.0,2011-12-08 12:26:00,2
14699.0,2011-05-09 14:54:00,214
14700.0,2011-11-07 14:40:00,32
14701.0,2011-11-29 12:38:00,11
14702.0,2011-12-08 19:29:00,1
14703.0,2011-11-25 09:23:00,15
14704.0,2011-11-20 12:20:00,20
14705.0,2011-05-25 12:39:00,199
14706.0,2010-03-31 11:09:00,619
14707.0,2010-09-30 11:37:00,436
14708.0,2011-12-07 08:21:00,3
14709.0,2011-11-24 15:41:00,15
14710.0,2011-11-25 14:53:00,14
14711.0,2011-11-29 14:58:00,10
14712.0,2011-11-10 12:59:00,29
14713.0,2011-11-30 16:26:00,9
14714.0,2011-11-15 13:07:00,24
14715.0,2011-11-15 12:10:00,25
14716.0,2011-10-27 17:29:00,43
14717.0,2009-12-06 13:05:00,733
14718.0,2010-10-25 13:07:00,410
14719.0,2011-12-08 12:43:00,2
14720.0,2011-12-04 12:02:00,6
14721.0,2010-11-25 13:08:00,379
14722.0,2011-07-15 14:58:00,147
14723.0,2011-11-29 15:23:00,10
14724.0,2010-04-28 13:26:00,590
14725.0,2011-11-15 12:42:00,25
14726.0,2010-02-23 12:35:00,655
14727.0,2011-03-10 14:45:00,274
14728.0,2010-10-22 15:57:00,413
14729.0,2010-12-01 12:43:00,374
14730.0,2011-12-08 14:39:00,1
14731.0,2011-10-23 15:54:00,47
14732.0,2011-12-01 14:34:00,8
14733.0,2011-11-23 15:39:00,16
14734.0,2010-10-10 12:04:00,426
14735.0,2011-12-06 12:09:00,4
14736.0,2010-08-11 15:21:00,485
14737.0,2011-12-06 10:16:00,4
14738.0,2011-10-28 08:56:00,43
14739.0,2011-12-05 16:54:00,4
14740.0,2011-05-26 18:17:00,197
14741.0,2011-11-28 08:48:00,12
14742.0,2010-09-30 14:07:00,435
14743.0,2010-04-26 10:26:00,593
14744.0,2011-11-23 12:51:00,16
14745.0,2011-08-19 10:05:00,113
14746.0,2010-10-29 14:44:00,406
14747.0,2011-04-04 14:09:00,249
14748.0,2011-11-10 18:33:00,29
14749.0,2010-08-17 12:36:00,480
14750.0,2009-12-03 17:57:00,736
14751.0,2010-01-24 13:37:00,684
14752.0,2011-10-27 11:55:00,44
14753.0,2011-09-13 14:50:00,87
14754.0,2011-10-26 12:01:00,45
14755.0,2011-11-30 11:24:00,10
14756.0,2011-11-24 18:13:00,15
14757.0,2011-09-25 14:36:00,75
14758.0,2011-07-18 08:21:00,145
14759.0,2011-12-05 12:03:00,5
14760.0,2011-02-15 16:27:00,297
14761.0,2011-10-12 12:10:00,59
14762.0,2011-03-21 08:20:00,264
14764.0,2011-10-24 11:54:00,47
14765.0,2011-11-10 19:53:00,29
14766.0,2011-12-01 16:05:00,8
14767.0,2010-08-22 14:54:00,474
14768.0,2011-11-22 12:54:00,17
14769.0,2011-12-07 10:24:00,3
14770.0,2011-04-21 14:21:00,232
14771.0,2010-03-28 12:52:00,621
14772.0,2011-08-19 15:04:00,112
14773.0,2010-04-26 10:29:00,593
14774.0,2010-06-29 12:26:00,529
14775.0,2011-10-12 15:27:00,58
14776.0,2011-10-19 15:34:00,51
14777.0,2010-11-01 12:50:00,404
14778.0,2011-08-04 15:23:00,127
14779.0,2011-03-04 12:42:00,281
14780.0,2011-10-16 12:46:00,55
14782.0,2011-01-24 11:12:00,320
14783.0,2010-02-18 16:16:00,659
14784.0,2011-11-13 13:30:00,26
14785.0,2011-11-29 13:21:00,10
14786.0,2010-06-07 13:42:00,550
14787.0,2010-08-25 14:38:00,471
14788.0,2011-12-02 17:06:00,7
14789.0,2011-11-11 08:59:00,29
14790.0,2011-11-23 09:28:00,17
14791.0,2010-04-12 10:24:00,607
14792.0,2011-10-07 09:19:00,64
14793.0,2011-11-18 14:50:00,21
14794.0,2011-12-07 10:11:00,3
14795.0,2011-06-26 13:04:00,166
14796.0,2011-12-08 15:31:00,1
14797.0,2010-07-20 14:07:00,507
14798.0,2011-10-18 10:58:00,53
14799.0,2011-10-19 16:16:00,51
14800.0,2011-10-23 12:46:00,48
14801.0,2011-10-09 15:24:00,61
14803.0,2011-06-30 13:58:00,162
14804.0,2011-12-01 11:20:00,9
14805.0,2011-11-24 16:20:00,15
14806.0,2011-09-25 15:32:00,75
14807.0,2010-11-14 12:47:00,391
14808.0,2011-10-31 12:21:00,40
14809.0,2010-03-28 15:44:00,621
14810.0,2011-10-30 11:19:00,41
14811.0,2010-11-17 13:09:00,387
14812.0,2010-04-20 12:13:00,599
14813.0,2010-12-05 11:57:00,370
14814.0,2010-05-07 14:10:00,581
14815.0,2011-11-03 11:36:00,37
14816.0,2011-05-26 13:16:00,197
14817.0,2011-05-23 13:35:00,200
14818.0,2011-09-27 11:01:00,74
14819.0,2011-10-06 13:41:00,64
14820.0,2011-11-18 15:41:00,21
14821.0,2010-12-08 08:43:00,367
14822.0,2010-08-11 12:52:00,485
14823.0,2011-06-12 13:12:00,180
14824.0,2011-11-29 14:20:00,10
14825.0,2011-12-06 11:38:00,4
14826.0,2010-05-07 09:00:00,582
14828.0,2011-05-27 10:16:00,197
14829.0,2011-11-10 16:16:00,29
14830.0,2011-10-17 14:29:00,53
14831.0,2010-01-28 14:31:00,680
14833.0,2010-07-29 10:06:00,499
14834.0,2011-11-22 10:30:00,18
14835.0,2010-06-29 10:08:00,529
14836.0,2011-11-29 16:45:00,10
14837.0,2011-09-11 10:58:00,90
14838.0,2010-10-12 15:46:00,423
14839.0,2010-10-17 13:01:00,418
14840.0,2011-03-17 12:00:00,268
14841.0,2011-10-17 15:03:00,53
14842.0,2011-10-27 12:37:00,44
14843.0,2010-09-29 12:39:00,437
14844.0,2011-10-07 10:41:00,64
14845.0,2010-04-19 10:19:00,600
14846.0,2010-10-08 17:07:00,427
14847.0,2011-07-14 10:52:00,149
14848.0,2010-10-31 12:22:00,405
14849.0,2011-11-18 10:58:00,22
14850.0,2011-02-01 11:21:00,312
14851.0,2011-11-16 14:20:00,23
14852.0,2011-10-12 13:20:00,58
14853.0,2011-11-15 16:56:00,24
14854.0,2011-09-22 17:00:00,78
14855.0,2011-08-12 14:02:00,119
14856.0,2011-11-03 14:53:00,36
14857.0,2011-10-11 09:23:00,60
14858.0,2010-07-22 10:51:00,506
14859.0,2011-11-27 11:18:00,13
14860.0,2011-11-20 14:17:00,19
14861.0,2011-10-18 12:54:00,52
14862.0,2011-11-14 10:01:00,26
14863.0,2011-11-10 15:04:00,29
14865.0,2011-12-02 16:25:00,7
14866.0,2011-11-29 11:45:00,11
14867.0,2011-06-07 11:39:00,186
14868.0,2011-12-06 14:49:00,3
14869.0,2011-12-01 12:36:00,9
14870.0,2011-03-23 10:51:00,262
14871.0,2011-12-06 13:42:00,3
14872.0,2010-08-13 12:34:00,484
14873.0,2011-05-13 13:52:00,210
14874.0,2010-06-22 14:58:00,535
14875.0,2011-08-24 12:20:00,108
14876.0,2010-07-06 14:57:00,521
14877.0,2010-10-17 13:09:00,418
14878.0,2011-11-27 11:15:00,13
14879.0,2010-01-24 11:35:00,685
14880.0,2011-09-23 13:42:00,77
14881.0,2011-11-20 11:06:00,20
14882.0,2011-11-13 12:47:00,27
14883.0,2011-11-21 10:23:00,19
14884.0,2010-02-08 12:56:00,669
14885.0,2011-07-31 12:05:00,132
14886.0,2011-04-01 08:56:00,253
14887.0,2011-09-21 15:32:00,79
14888.0,2011-05-16 14:58:00,207
14889.0,2011-01-07 15:19:00,336
14890.0,2011-03-31 11:57:00,254
14891.0,2011-07-14 18:08:00,148
14892.0,2010-01-18 08:58:00,691
14893.0,2011-11-30 12:31:00,10
14894.0,2011-09-15 13:51:00,85
14895.0,2011-12-02 09:23:00,8
14896.0,2011-05-19 10:20:00,205
14897.0,2011-12-02 10:32:00,8
14898.0,2011-11-16 14:54:00,23
14899.0,2010-11-09 15:20:00,395
14900.0,2010-07-05 15:09:00,522
14901.0,2011-11-28 17:09:00,11
14902.0,2011-11-14 10:34:00,26
14903.0,2011-11-18 16:07:00,21
14904.0,2011-12-07 12:55:00,2
14905.0,2011-07-05 12:41:00,158
14907.0,2011-12-06 14:14:00,3
14908.0,2011-09-26 12:56:00,74
14909.0,2010-09-28 16:56:00,437
14910.0,2011-12-07 10:06:00,3
14911.0,2011-12-08 15:54:00,1
14912.0,2011-11-23 09:20:00,17
14913.0,2011-11-04 08:29:00,36
14915.0,2011-09-09 13:34:00,91
14916.0,2011-09-30 09:20:00,71
14917.0,2010-04-22 11:28:00,597
14918.0,2011-08-16 11:50:00,116
14919.0,2010-06-18 13:06:00,539
14920.0,2011-05-11 10:32:00,213
14921.0,2011-11-09 13:17:00,30
14922.0,2010-11-11 11:14:00,394
14923.0,2011-10-20 11:51:00,51
14924.0,2011-04-08 09:25:00,246
14926.0,2010-11-23 07:13:00,382
14927.0,2010-11-08 12:30:00,397
14928.0,2010-03-22 09:14:00,628
14929.0,2011-11-07 17:21:00,32
14930.0,2011-08-23 10:31:00,109
14931.0,2011-12-05 10:19:00,5
14932.0,2010-12-09 11:48:00,366
14933.0,2010-09-22 10:47:00,444
14934.0,2011-09-19 10:10:00,82
14935.0,2011-02-15 14:44:00,297
14936.0,2011-11-06 10:30:00,34
14937.0,2011-10-14 12:29:00,57
14938.0,2010-05-26 13:38:00,562
14940.0,2010-10-18 10:47:00,418
14941.0,2010-05-10 11:30:00,579
14942.0,2010-11-03 10:51:00,402
14943.0,2010-02-14 16:04:00,663
14944.0,2011-11-10 09:10:00,30
14945.0,2010-10-22 11:26:00,414
14946.0,2011-11-25 13:33:00,14
14947.0,2011-09-28 15:48:00,72
14948.0,2011-11-16 17:16:00,23
14949.0,2010-08-27 15:38:00,469
14950.0,2011-11-20 13:48:00,19
14951.0,2011-09-21 15:15:00,79
14952.0,2011-10-11 10:33:00,60
14953.0,2011-11-14 14:59:00,25
14954.0,2011-11-27 14:30:00,12
14955.0,2009-12-07 11:35:00,733
14956.0,2010-10-14 16:40:00,421
14957.0,2011-03-31 17:59:00,253
14958.0,2011-07-15 14:20:00,147
14959.0,2011-10-06 18:23:00,64
14960.0,2011-12-01 12:54:00,8
14961.0,2011-11-29 09:42:00,11
14962.0,2011-03-14 09:42:00,271
14963.0,2011-11-30 12:16:00,10
14964.0,2011-04-06 14:13:00,247
14965.0,2011-09-04 13:20:00,96
14966.0,2011-11-25 12:20:00,15
14967.0,2011-10-21 11:06:00,50
14968.0,2011-11-09 13:58:00,30
14969.0,2010-01-05 12:43:00,704
14970.0,2011-10-02 13:44:00,68
14971.0,2011-11-04 17:07:00,35
14972.0,2011-08-03 14:54:00,128
14973.0,2011-08-24 15:51:00,107
14974.0,2011-11-02 13:01:00,37
14975.0,2011-10-13 14:08:00,57
14976.0,2011-10-13 16:33:00,57
14977.0,2009-12-14 10:37:00,726
14978.0,2011-09-28 13:07:00,72
14979.0,2009-12-04 12:54:00,735
14980.0,2009-12-02 14:09:00,737
14981.0,2011-04-07 13:45:00,246
14982.0,2010-05-16 15:52:00,572
14983.0,2010-01-19 17:32:00,689
14984.0,2011-11-20 14:28:00,19
14985.0,2011-05-25 14:29:00,198
14986.0,2010-11-28 15:25:00,376
14987.0,2011-11-24 09:59:00,16
14988.0,2011-05-12 12:05:00,212
14989.0,2010-02-16 10:40:00,662
14990.0,2010-04-06 13:54:00,612
14991.0,2010-10-05 13:01:00,430
14992.0,2010-09-23 17:48:00,442
14993.0,2010-05-25 12:47:00,564
14994.0,2010-11-22 12:59:00,382
14995.0,2011-11-01 11:39:00,39
14996.0,2010-08-15 13:44:00,481
14997.0,2011-10-24 13:28:00,46
14998.0,2011-06-22 17:30:00,170
14999.0,2010-04-26 10:47:00,593
15000.0,2011-10-23 11:42:00,48
15001.0,2010-11-10 13:51:00,394
15002.0,2011-08-16 10:44:00,116
15003.0,2010-08-23 15:44:00,473
15004.0,2011-07-15 14:05:00,147
15005.0,2011-11-24 12:25:00,16
15006.0,2011-10-19 15:08:00,51
15007.0,2011-07-03 16:00:00,159
15008.0,2010-08-16 13:09:00,480
15009.0,2011-11-27 13:35:00,12
15010.0,2011-11-04 12:42:00,36
15011.0,2010-11-09 11:10:00,396
15012.0,2011-10-17 12:22:00,54
15013.0,2010-08-09 12:05:00,488
15014.0,2011-10-27 20:07:00,43
15015.0,2010-07-26 13:50:00,501
15016.0,2011-06-20 12:06:00,173
15017.0,2011-11-06 10:33:00,34
15018.0,2011-11-01 12:47:00,39
15019.0,2011-03-18 12:35:00,267
15020.0,2010-11-25 13:29:00,379
15021.0,2011-12-01 11:53:00,9
15022.0,2011-11-28 12:35:00,12
15023.0,2011-12-06 17:23:00,3
15024.0,2011-11-30 12:06:00,10
15025.0,2011-11-06 15:20:00,33
15026.0,2011-09-20 13:52:00,80
15027.0,2011-11-09 10:16:00,31
15028.0,2011-12-01 14:06:00,8
15029.0,2010-03-30 12:16:00,620
15030.0,2011-09-29 10:50:00,72
15031.0,2011-12-05 14:19:00,4
15032.0,2011-03-28 15:03:00,256
15033.0,2011-12-05 12:40:00,5
15034.0,2011-11-24 12:11:00,16
15035.0,2011-09-11 11:08:00,90
15036.0,2011-09-28 15:42:00,72
15037.0,2010-11-28 13:05:00,376
15038.0,2011-10-12 11:33:00,59
15039.0,2011-11-30 11:31:00,10
15040.0,2010-06-16 11:40:00,542
15041.0,2011-06-22 16:16:00,170
15042.0,2011-05-24 16:25:00,199
15043.0,2011-11-08 14:26:00,31
15044.0,2011-11-20 13:20:00,19
15045.0,2011-07-11 11:33:00,152
15046.0,2011-11-30 15:50:00,9
15047.0,2011-03-15 10:49:00,270
15048.0,2011-10-05 14:55:00,65
15049.0,2011-03-11 12:13:00,274
15050.0,2011-11-14 16:17:00,25
15051.0,2011-11-16 15:38:00,23
15052.0,2011-01-24 15:52:00,319
15053.0,2011-12-05 12:08:00,5
15054.0,2011-11-27 15:02:00,12
15055.0,2010-08-22 11:06:00,475
15056.0,2010-07-07 15:58:00,520
15057.0,2011-03-09 15:17:00,275
15058.0,2011-11-14 14:57:00,25
15059.0,2011-10-30 11:35:00,41
15060.0,2011-12-01 13:47:00,8
15061.0,2011-12-06 12:06:00,4
15062.0,2011-09-29 16:51:00,71
15063.0,2011-05-10 13:25:00,213
15064.0,2010-10-25 14:32:00,410
15065.0,2011-11-02 09:45:00,38
15066.0,2011-10-17 13:25:00,53
15067.0,2011-09-22 13:20:00,78
15068.0,2011-10-24 14:47:00,46
15069.0,2011-06-13 14:16:00,179
15070.0,2010-12-02 11:23:00,373
15071.0,2011-09-07 11:43:00,94
15072.0,2010-08-17 15:46:00,479
15073.0,2011-11-30 10:44:00,10
15074.0,2011-08-26 14:45:00,105
15075.0,2011-09-23 12:27:00,78
15076.0,2011-06-20 08:23:00,173
15077.0,2010-08-02 11:13:00,495
15078.0,2011-12-02 15:41:00,7
15079.0,2011-05-11 12:45:00,213
15080.0,2010-10-08 11:52:00,428
15081.0,2011-11-17 17:08:00,22
15082.0,2010-02-09 10:23:00,669
15083.0,2011-03-28 12:18:00,257
15084.0,2010-11-25 11:58:00,380
15085.0,2009-12-10 11:47:00,730
15086.0,2010-05-24 12:27:00,565
15087.0,2011-03-03 10:34:00,282
15088.0,2011-11-18 13:14:00,21
15089.0,2011-11-29 16:31:00,10
15090.0,2011-02-04 14:03:00,308
15091.0,2011-10-03 12:47:00,68
15092.0,2011-05-08 14:10:00,215
15093.0,2011-11-21 13:09:00,18
15094.0,2010-09-02 16:55:00,463
15095.0,2011-08-28 12:01:00,104
15096.0,2011-10-28 10:27:00,43
15097.0,2011-12-05 14:03:00,4
15098.0,2011-06-10 15:33:00,182
15099.0,2011-09-16 13:13:00,84
15100.0,2011-01-10 10:35:00,334
15101.0,2011-12-01 10:18:00,9
15102.0,2010-06-27 12:16:00,531
15103.0,2011-11-08 14:53:00,31
15104.0,2011-05-27 12:29:00,197
15105.0,2011-11-21 16:54:00,18
15106.0,2011-11-22 09:16:00,18
15107.0,2011-02-01 14:46:00,311
15108.0,2011-07-21 10:24:00,142
15109.0,2011-04-08 09:58:00,246
15110.0,2011-11-16 11:16:00,24
15111.0,2011-11-10 16:58:00,29
15112.0,2010-04-07 14:17:00,611
15113.0,2011-11-30 08:23:00,10
15114.0,2011-11-09 15:05:00,30
15115.0,2011-11-21 14:59:00,18
15116.0,2011-11-22 12:25:00,18
15117.0,2011-11-25 08:12:00,15
15118.0,2011-07-28 14:54:00,134
15119.0,2011-04-08 09:08:00,246
15120.0,2011-07-29 09:48:00,134
15121.0,2011-10-20 14:51:00,50
15122.0,2011-08-17 16:48:00,114
15123.0,2011-12-02 13:12:00,7
15124.0,2011-11-17 10:09:00,23
15125.0,2011-11-14 13:57:00,25
15126.0,2010-06-21 12:31:00,537
15127.0,2011-10-05 10:30:00,66
15128.0,2011-10-10 13:54:00,60
15129.0,2011-10-20 14:40:00,50
15130.0,2011-06-23 10:15:00,170
15131.0,2010-11-10 12:07:00,395
15132.0,2011-11-21 17:10:00,18
15133.0,2011-08-04 10:44:00,128
15134.0,2011-11-25 08:55:00,15
15135.0,2011-04-14 19:16:00,239
15136.0,2011-12-07 12:26:00,3
15137.0,2010-07-07 09:41:00,521
15138.0,2010-11-11 09:16:00,394
15139.0,2011-04-14 11:39:00,240
15140.0,2011-10-18 14:07:00,52
15141.0,2010-09-08 11:33:00,458
15142.0,2011-10-24 12:51:00,46
15143.0,2011-04-28 12:03:00,226
15144.0,2011-12-01 15:12:00,8
15145.0,2011-12-05 17:21:00,4
15146.0,2011-06-28 12:09:00,165
15147.0,2011-04-13 15:57:00,240
15148.0,2011-11-29 08:21:00,11
15149.0,2011-07-29 10:58:00,134
15150.0,2011-11-22 12:52:00,17
15151.0,2010-10-12 16:37:00,423
15152.0,2011-11-30 12:32:00,10
15153.0,2011-11-08 17:09:00,31
15154.0,2011-09-25 16:05:00,75
15155.0,2010-11-21 12:59:00,383
15156.0,2011-12-08 18:22:00,1
15157.0,2011-12-06 11:28:00,4
15158.0,2011-10-25 13:53:00,45
15159.0,2011-12-08 12:05:00,2
15160.0,2010-12-17 14:15:00,357
15161.0,2010-11-16 16:08:00,388
15162.0,2009-12-08 13:14:00,731
15163.0,2011-11-21 13:10:00,18
15164.0,2011-10-02 12:05:00,69
15165.0,2010-12-01 14:03:00,373
15166.0,2010-08-29 12:31:00,468
15167.0,2011-01-23 12:41:00,321
15168.0,2011-11-14 11:26:00,26
15169.0,2010-11-22 13:04:00,382
15170.0,2010-10-29 10:34:00,407
15171.0,2011-01-12 15:36:00,331
15172.0,2011-12-01 11:51:00,9
15173.0,2010-11-24 10:21:00,381
15174.0,2011-01-21 09:06:00,323
15175.0,2011-09-29 11:31:00,72
15176.0,2010-02-10 10:36:00,668
15177.0,2010-10-10 12:48:00,426
15178.0,2011-03-24 15:12:00,260
15179.0,2011-11-21 12:53:00,18
15180.0,2010-12-07 14:57:00,367
15181.0,2011-10-04 13:58:00,66
15182.0,2011-07-08 13:37:00,154
15183.0,2010-06-10 10:43:00,548
15184.0,2011-11-10 13:41:00,29
15185.0,2011-09-30 14:06:00,70
15186.0,2011-11-25 14:58:00,14
15187.0,2011-12-08 11:56:00,2
15188.0,2009-12-14 13:30:00,725
15189.0,2011-12-08 13:22:00,1
15190.0,2010-10-01 13:09:00,434
15191.0,2010-09-02 15:37:00,463
15192.0,2011-08-12 11:41:00,120
15193.0,2011-10-10 08:23:00,61
15194.0,2011-12-06 15:10:00,3
15195.0,2011-12-07 12:20:00,3
15196.0,2010-10-03 10:50:00,433
15197.0,2011-11-29 10:00:00,11
15198.0,2011-09-08 14:42:00,92
15199.0,2011-10-11 15:12:00,59
15200.0,2010-08-02 09:38:00,495
15201.0,2011-09-13 14:53:00,87
15203.0,2011-11-14 08:16:00,26
15204.0,2010-12-17 13:49:00,357
15205.0,2011-09-15 19:36:00,85
15206.0,2011-11-29 13:41:00,10
15207.0,2010-10-19 13:29:00,416
15208.0,2011-12-08 17:24:00,1
15209.0,2009-12-09 17:26:00,730
15210.0,2011-04-28 16:11:00,225
15211.0,2011-10-10 13:31:00,60
15212.0,2011-04-12 13:45:00,241
15213.0,2011-01-25 12:21:00,319
15214.0,2011-12-08 12:07:00,2
15215.0,2011-10-24 11:41:00,47
15216.0,2011-09-13 11:41:00,88
15217.0,2010-05-25 13:51:00,563
15218.0,2011-11-29 11:48:00,11
15219.0,2011-06-16 16:57:00,176
15220.0,2011-10-19 12:39:00,52
15221.0,2010-12-08 13:08:00,366
15222.0,2011-01-25 08:03:00,319
15223.0,2011-04-28 11:31:00,226
15224.0,2010-12-16 15:02:00,358
15225.0,2011-04-19 14:51:00,234
15226.0,2011-02-02 11:41:00,311
15227.0,2011-11-03 11:59:00,37
15228.0,2011-10-04 13:56:00,66
15229.0,2010-05-02 13:50:00,586
15230.0,2011-04-14 14:39:00,239
15231.0,2010-03-28 15:12:00,621
15232.0,2011-08-18 16:27:00,113
15234.0,2011-03-08 08:53:00,277
15235.0,2011-05-06 09:44:00,218
15236.0,2011-02-14 10:52:00,299
15237.0,2011-12-08 09:46:00,2
15238.0,2011-11-10 14:28:00,29
15239.0,2011-11-29 14:14:00,10
15240.0,2011-10-26 09:50:00,45
15241.0,2011-10-04 09:05:00,67
15242.0,2010-10-13 15:33:00,422
15243.0,2011-09-26 14:12:00,74
15244.0,2011-10-05 13:19:00,65
15245.0,2011-07-28 18:56:00,134
15246.0,2011-04-15 14:45:00,238
15247.0,2011-08-09 12:52:00,122
15248.0,2010-10-24 13:09:00,411
15249.0,2011-11-08 11:45:00,32
15250.0,2010-03-09 07:35:00,641
15251.0,2011-11-30 15:02:00,9
15252.0,2011-11-03 13:30:00,36
15253.0,2011-11-23 16:22:00,16
15254.0,2011-08-04 15:04:00,127
15255.0,2011-10-04 12:43:00,67
15256.0,2011-07-14 11:47:00,149
15257.0,2011-03-01 12:58:00,283
15258.0,2011-06-24 12:30:00,169
15259.0,2010-07-15 08:47:00,513
15260.0,2011-08-31 13:55:00,100
15261.0,2011-07-27 15:20:00,135
15262.0,2011-01-20 12:16:00,324
15263.0,2011-08-25 10:26:00,107
15264.0,2011-10-06 13:49:00,64
15265.0,2011-07-11 14:46:00,151
15266.0,2011-01-05 13:40:00,338
15267.0,2011-11-17 15:59:00,22
15268.0,2010-08-18 10:33:00,479
15269.0,2011-11-16 09:32:00,24
15270.0,2011-11-24 09:24:00,16
15271.0,2011-12-02 14:11:00,7
15272.0,2011-10-13 12:59:00,57
15273.0,2010-04-19 11:31:00,600
15274.0,2011-12-05 16:57:00,4
15275.0,2011-11-02 11:20:00,38
15276.0,2011-10-04 16:39:00,66
15277.0,2011-10-24 10:08:00,47
15278.0,2010-05-27 10:03:00,562
15279.0,2010-12-20 10:48:00,355
15280.0,2011-06-20 17:14:00,172
15281.0,2011-10-12 09:10:00,59
15282.0,2010-05-18 16:27:00,570
15283.0,2010-11-14 14:54:00,390
15284.0,2010-07-27 13:25:00,500
15285.0,2010-10-28 09:46:00,408
15286.0,2011-10-21 11:08:00,50
15287.0,2011-11-17 15:34:00,22
15288.0,2011-10-27 16:58:00,43
15289.0,2011-11-10 13:49:00,29
15290.0,2011-12-05 11:39:00,5
15291.0,2011-11-14 11:02:00,26
15292.0,2011-05-22 15:00:00,201
15293.0,2010-02-12 11:54:00,666
15294.0,2010-10-25 11:45:00,411
15295.0,2010-02-23 13:03:00,654
15296.0,2011-10-20 11:47:00,51
15297.0,2011-11-29 16:32:00,10
15298.0,2011-12-07 17:17:00,2
15299.0,2011-10-03 14:19:00,67
15300.0,2011-10-06 17:08:00,64
15301.0,2011-10-20 09:57:00,51
15302.0,2009-12-09 13:11:00,730
15303.0,2011-02-22 13:59:00,290
15304.0,2011-10-10 10:23:00,61
15305.0,2010-06-02 13:50:00,555
15306.0,2011-10-06 12:56:00,64
15307.0,2011-09-05 11:38:00,96
15308.0,2011-03-10 13:08:00,274
15309.0,2010-04-08 11:11:00,611
15310.0,2010-08-18 11:38:00,479
15311.0,2011-12-09 12:00:00,1
15312.0,2011-09-25 13:10:00,75
15313.0,2011-08-21 16:02:00,110
15314.0,2011-05-24 14:39:00,199
15315.0,2011-10-06 12:51:00,64
15316.0,2011-01-17 11:34:00,327
15317.0,2010-01-31 15:55:00,677
15318.0,2011-12-06 11:30:00,4
15319.0,2011-03-01 12:48:00,284
15320.0,2011-10-26 13:27:00,44
15321.0,2011-09-30 09:40:00,71
15322.0,2011-09-15 09:34:00,86
15323.0,2010-05-26 10:01:00,563
15324.0,2010-01-07 14:37:00,701
15325.0,2011-08-28 11:55:00,104
15326.0,2011-01-10 11:38:00,334
15327.0,2011-10-18 11:55:00,53
15328.0,2010-10-28 09:05:00,408
15329.0,2011-10-31 15:36:00,39
15330.0,2011-11-07 17:50:00,32
15331.0,2010-07-28 09:42:00,500
15332.0,2010-12-08 14:43:00,366
15333.0,2011-05-15 13:27:00,208
15334.0,2011-07-06 11:22:00,157
15335.0,2011-10-17 12:50:00,54
15336.0,2010-11-03 12:39:00,402
15337.0,2010-10-24 15:29:00,411
15338.0,2010-01-31 14:25:00,677
15339.0,2011-10-04 12:51:00,66
15340.0,2010-05-27 10:27:00,562
15341.0,2011-09-20 09:40:00,81
15342.0,2011-08-02 10:19:00,130
15343.0,2011-09-13 13:55:00,87
15344.0,2011-12-09 10:45:00,1
15345.0,2011-10-25 11:28:00,46
15346.0,2011-01-11 11:18:00,333
15347.0,2010-12-08 15:25:00,366
15348.0,2011-09-28 13:17:00,72
15349.0,2011-07-04 16:06:00,158
15350.0,2010-12-01 13:33:00,373
15351.0,2011-11-27 12:52:00,12
15352.0,2010-06-09 11:28:00,549
15353.0,2011-03-30 12:15:00,255
15355.0,2011-11-10 13:44:00,29
15356.0,2011-11-08 13:11:00,31
15358.0,2011-12-05 09:04:00,5
15359.0,2010-02-15 10:47:00,663
15360.0,2011-10-31 09:35:00,40
15361.0,2010-12-13 09:52:00,362
15362.0,2010-09-17 10:37:00,449
15363.0,2010-12-02 12:28:00,373
15364.0,2011-09-05 09:46:00,96
15365.0,2011-11-14 08:29:00,26
15366.0,2011-09-25 15:01:00,75
15367.0,2011-10-13 14:13:00,57
15368.0,2011-11-18 14:42:00,21
15369.0,2010-08-04 13:54:00,492
15370.0,2011-10-30 10:58:00,41
15371.0,2010-02-15 13:14:00,662
15372.0,2011-07-25 16:39:00,137
15373.0,2011-12-01 15:05:00,8
15374.0,2011-08-03 09:59:00,129
15375.0,2010-01-18 15:38:00,690
15376.0,2011-10-30 15:04:00,40
15377.0,2010-11-22 08:55:00,383
15378.0,2010-09-03 11:30:00,463
15379.0,2011-06-23 13:13:00,169
15380.0,2011-12-01 12:13:00,9
15381.0,2011-05-10 11:55:00,214
15382.0,2011-11-25 10:58:00,15
15384.0,2011-06-23 10:57:00,170
15385.0,2011-10-30 15:11:00,40
15386.0,2011-06-06 13:47:00,186
15387.0,2010-08-04 16:05:00,492
15388.0,2011-03-14 13:53:00,270
15389.0,2011-06-20 16:18:00,172
15390.0,2010-11-08 15:19:00,396
15391.0,2010-05-04 15:04:00,584
15392.0,2011-12-05 11:01:00,5
15393.0,2011-11-23 16:48:00,16
15394.0,2011-11-30 11:49:00,10
15395.0,2011-01-18 12:40:00,326
15396.0,2011-08-19 10:56:00,113
15397.0,2011-02-23 09:25:00,290
15398.0,2011-11-23 16:47:00,16
15399.0,2011-12-08 13:04:00,1
15400.0,2011-09-08 13:57:00,92
15401.0,2010-09-13 13:42:00,452
15402.0,2011-07-14 12:17:00,149
15403.0,2010-08-05 12:21:00,492
15404.0,2010-11-29 11:03:00,376
15405.0,2011-06-03 14:44:00,189
15406.0,2011-11-08 13:22:00,31
15407.0,2011-11-06 11:55:00,34
15408.0,2011-03-20 15:02:00,264
15409.0,2009-12-18 15:35:00,721
15410.0,2011-09-16 14:47:00,84
15411.0,2011-11-13 15:19:00,26
15412.0,2011-06-21 15:24:00,171
15413.0,2010-01-17 11:33:00,692
15414.0,2011-11-30 09:50:00,10
15415.0,2011-01-30 14:13:00,313
15416.0,2011-10-06 09:38:00,65
15417.0,2011-09-15 15:26:00,85
15418.0,2010-10-10 13:38:00,425
15419.0,2011-11-15 09:23:00,25
15420.0,2010-10-01 15:46:00,434
15421.0,2011-10-12 09:20:00,59
15422.0,2011-01-20 16:17:00,323
15423.0,2011-11-01 14:01:00,38
15424.0,2011-03-30 13:02:00,254
15425.0,2010-11-04 18:13:00,400
15426.0,2011-11-20 15:36:00,19
15427.0,2011-11-06 14:29:00,33
15428.0,2011-11-24 16:54:00,15
15429.0,2011-11-13 12:28:00,27
15430.0,2010-08-29 10:42:00,468
15431.0,2010-07-25 12:44:00,503
15432.0,2011-11-16 16:30:00,23
15433.0,2011-05-10 10:45:00,214
15434.0,2011-12-01 13:33:00,8
15435.0,2011-11-17 16:39:00,22
15436.0,2011-11-27 16:05:00,12
15437.0,2011-03-22 13:11:00,262
15438.0,2011-07-31 14:19:00,131
15439.0,2010-10-31 10:38:00,405
15440.0,2011-10-16 12:16:00,55
15441.0,2010-11-08 15:50:00,396
15442.0,2011-04-05 12:24:00,249
15443.0,2011-12-08 10:40:00,2
15444.0,2011-11-30 17:37:00,9
15445.0,2011-03-20 15:06:00,264
15446.0,2010-11-28 11:59:00,377
15447.0,2011-01-13 11:26:00,331
15448.0,2011-01-31 10:42:00,313
15449.0,2011-11-13 15:02:00,26
15450.0,2011-11-09 17:11:00,30
15451.0,2010-10-01 13:40:00,434
15452.0,2011-11-10 12:13:00,30
15453.0,2011-12-08 10:59:00,2
15454.0,2010-12-12 14:21:00,362
15455.0,2010-04-21 12:43:00,598
15456.0,2011-03-01 13:51:00,283
15457.0,2011-03-22 15:31:00,262
15458.0,2011-11-14 13:08:00,25
15459.0,2010-10-18 15:25:00,417
15460.0,2010-12-20 16:08:00,354
15461.0,2010-09-05 12:31:00,461
15462.0,2011-09-06 13:11:00,94
15463.0,2011-11-10 12:57:00,29
15464.0,2011-01-05 15:56:00,338
15465.0,2011-11-20 10:11:00,20
15466.0,2011-09-15 14:08:00,85
15467.0,2011-11-30 14:17:00,9
15468.0,2011-10-19 13:49:00,51
15469.0,2011-10-20 16:21:00,50
15470.0,2010-05-13 09:35:00,576
15471.0,2011-12-07 14:12:00,2
15472.0,2011-08-18 15:17:00,113
15473.0,2011-11-25 15:15:00,14
15474.0,2010-04-23 11:14:00,596
15475.0,2011-09-23 15:20:00,77
15476.0,2010-11-24 15:17:00,380
15477.0,2010-02-28 10:37:00,650
15478.0,2011-10-30 14:19:00,40
15479.0,2009-12-06 15:08:00,733
15480.0,2011-08-15 14:32:00,116
15481.0,2010-11-03 14:52:00,401
15482.0,2011-11-24 10:46:00,16
15483.0,2011-07-01 13:07:00,161
15484.0,2011-12-08 15:03:00,1
15485.0,2011-11-09 14:31:00,30
15486.0,2010-06-30 13:15:00,527
15487.0,2010-01-29 12:07:00,680
15488.0,2011-09-08 10:11:00,93
15489.0,2011-11-17 08:53:00,23
15490.0,2010-10-05 13:11:00,430
15491.0,2011-09-05 15:56:00,95
15492.0,2011-11-11 14:53:00,28
15493.0,2011-11-07 12:04:00,33
15494.0,2011-11-18 14:51:00,21
15495.0,2010-11-25 13:46:00,379
15496.0,2010-03-18 13:16:00,631
15497.0,2011-11-22 11:51:00,18
15498.0,2011-12-07 12:48:00,3
15499.0,2009-12-16 12:17:00,724
15500.0,2011-12-01 13:47:00,8
15501.0,2010-10-31 11:15:00,405
15502.0,2011-11-24 12:48:00,16
15503.0,2010-12-12 10:57:00,363
15504.0,2011-09-19 13:45:00,81
15505.0,2011-10-18 07:56:00,53
15506.0,2011-11-17 12:11:00,23
15507.0,2011-06-21 11:19:00,172
15508.0,2011-06-03 15:43:00,189
15509.0,2010-11-24 14:48:00,380
15510.0,2011-01-13 12:10:00,331
15511.0,2011-11-28 09:43:00,12
15512.0,2011-07-07 10:20:00,156
15513.0,2011-11-06 14:36:00,33
15514.0,2011-11-27 14:40:00,12
15515.0,2010-11-17 13:39:00,387
15516.0,2011-10-26 10:51:00,45
15517.0,2011-04-20 14:02:00,233
15518.0,2011-10-06 13:05:00,64
15519.0,2010-11-21 14:35:00,383
15520.0,2011-12-08 10:58:00,2
15521.0,2011-10-30 13:42:00,40
15522.0,2011-11-07 11:26:00,33
15523.0,2011-09-16 16:29:00,84
15524.0,2011-11-15 12:09:00,25
15525.0,2011-12-07 14:43:00,2
15526.0,2011-11-06 15:04:00,33
15527.0,2011-11-21 12:17:00,19
15528.0,2011-03-30 16:14:00,254
15529.0,2011-11-17 11:29:00,23
15530.0,2011-11-18 12:25:00,22
15531.0,2011-12-01 18:43:00,8
15532.0,2011-11-14 14:51:00,25
15533.0,2011-11-20 15:35:00,19
15534.0,2009-12-14 12:48:00,726
15535.0,2011-06-19 16:02:00,173
15536.0,2010-10-26 16:31:00,409
15537.0,2011-06-29 13:10:00,163
15538.0,2010-06-20 10:49:00,538
15539.0,2011-12-02 13:36:00,7
15540.0,2011-11-28 13:51:00,11
15541.0,2011-08-17 14:58:00,114
15542.0,2010-07-15 13:32:00,512
15543.0,2011-02-24 15:26:00,288
15544.0,2011-11-30 16:43:00,9
15545.0,2011-10-16 13:24:00,54
15546.0,2010-04-12 11:51:00,607
15547.0,2011-12-02 12:52:00,7
15548.0,2010-04-23 12:20:00,596
15549.0,2011-09-23 16:22:00,77
15550.0,2011-12-05 15:38:00,4
15551.0,2011-11-03 12:37:00,37
15552.0,2011-05-06 14:47:00,217
15553.0,2011-10-10 14:02:00,60
15554.0,2011-03-07 09:00:00,278
15555.0,2011-11-27 16:19:00,12
15556.0,2011-11-15 16:08:00,24
15557.0,2011-11-11 12:46:00,29
15558.0,2010-03-10 15:25:00,639
15559.0,2010-05-20 14:06:00,568
15560.0,2010-11-07 10:15:00,398
15561.0,2011-11-28 11:07:00,12
15562.0,2010-12-23 09:55:00,352
15563.0,2011-11-17 12:59:00,22
15564.0,2010-09-02 15:52:00,463
15565.0,2011-10-20 14:33:00,50
15566.0,2010-11-12 12:11:00,393
15567.0,2011-11-21 10:48:00,19
15568.0,2011-12-07 11:27:00,3
15569.0,2011-08-28 10:15:00,104
15570.0,2011-12-02 14:47:00,7
15571.0,2011-11-28 10:02:00,12
15572.0,2011-12-05 10:09:00,5
15573.0,2011-11-08 11:38:00,32
15574.0,2011-06-15 12:01:00,178
15575.0,2010-03-30 12:50:00,620
15576.0,2011-11-02 12:03:00,38
15577.0,2011-07-11 17:03:00,151
15578.0,2011-06-30 13:03:00,162
15579.0,2011-10-02 12:45:00,69
15580.0,2010-11-28 11:00:00,377
15581.0,2011-07-06 14:04:00,156
15582.0,2011-11-15 09:55:00,25
15583.0,2010-11-28 15:04:00,376
15584.0,2011-11-16 10:55:00,24
15585.0,2011-06-16 08:38:00,177
15586.0,2010-04-26 11:00:00,593
15587.0,2011-10-20 13:37:00,50
15588.0,2010-01-31 12:19:00,678
15589.0,2011-03-29 09:54:00,256
15590.0,2010-11-22 14:49:00,382
15591.0,2010-05-06 09:23:00,583
15592.0,2011-10-24 08:59:00,47
15593.0,2011-09-30 11:46:00,71
15594.0,2011-11-24 08:53:00,16
15595.0,2010-08-09 12:27:00,488
15596.0,2011-08-31 10:55:00,101
15597.0,2011-11-04 13:26:00,35
15598.0,2011-10-17 16:04:00,53
15599.0,2011-11-13 11:44:00,27
15600.0,2010-10-07 14:30:00,428
15601.0,2011-11-28 15:15:00,11
15602.0,2011-12-01 14:14:00,8
15603.0,2011-09-22 10:04:00,79
15604.0,2011-10-18 14:47:00,52
15605.0,2011-11-03 14:17:00,36
15606.0,2011-10-09 15:47:00,61
15607.0,2011-01-07 12:44:00,337
15608.0,2011-11-11 13:20:00,28
15609.0,2011-06-08 13:00:00,184
15610.0,2011-10-19 10:36:00,52
15611.0,2011-11-30 12:36:00,10
15612.0,2011-11-03 14:52:00,36
15613.0,2010-04-08 12:51:00,610
15614.0,2010-09-28 10:46:00,438
15615.0,2011-11-29 14:42:00,10
15616.0,2010-09-27 13:10:00,438
15617.0,2010-11-08 16:07:00,396
15618.0,2011-11-07 08:34:00,33
15619.0,2011-11-29 08:14:00,11
15620.0,2011-10-14 12:41:00,57
15621.0,2011-12-05 14:01:00,4
15622.0,2011-10-27 16:44:00,43
15623.0,2011-07-21 17:26:00,141
15624.0,2011-08-15 11:38:00,117
15625.0,2011-08-28 10:21:00,104
15626.0,2011-09-26 10:03:00,75
15627.0,2010-09-08 14:14:00,457
15628.0,2011-12-05 10:24:00,5
15629.0,2010-09-15 13:46:00,450
15630.0,2011-10-25 15:36:00,45
15631.0,2010-03-07 14:52:00,642
15632.0,2011-11-24 09:51:00,16
15633.0,2010-07-18 13:54:00,509
15634.0,2011-11-22 16:28:00,17
15635.0,2010-11-09 08:58:00,396
15636.0,2011-09-11 11:17:00,90
15637.0,2011-10-18 08:28:00,53
15638.0,2010-11-26 11:52:00,379
15639.0,2011-07-28 14:30:00,134
15640.0,2011-12-05 14:35:00,4
15641.0,2011-08-26 14:04:00,105
15642.0,2009-12-10 11:51:00,730
15643.0,2011-06-01 07:38:00,192
15644.0,2011-06-26 14:54:00,166
15645.0,2011-11-21 11:55:00,19
15646.0,2011-07-05 09:53:00,158
15647.0,2010-10-20 15:09:00,415
15648.0,2011-05-19 15:53:00,204
15649.0,2011-01-07 13:34:00,336
15650.0,2010-07-06 10:41:00,522
15651.0,2011-11-03 08:41:00,37
15652.0,2011-09-09 14:22:00,91
15653.0,2011-09-08 10:49:00,93
15654.0,2011-11-30 13:08:00,9
15655.0,2011-04-10 15:25:00,243
15656.0,2011-10-25 14:56:00,45
15657.0,2011-11-17 12:19:00,23
15658.0,2011-06-02 15:22:00,190
15659.0,2011-10-27 09:23:00,44
15660.0,2011-11-14 16:58:00,25
15661.0,2011-01-26 13:56:00,317
15662.0,2010-02-16 16:47:00,661
15663.0,2011-08-25 15:50:00,106
15664.0,2011-10-20 10:57:00,51
15665.0,2011-06-24 14:57:00,168
15666.0,2010-08-24 16:14:00,472
15667.0,2011-10-31 10:56:00,40
15668.0,2011-05-06 10:39:00,218
15669.0,2011-10-30 16:03:00,40
15670.0,2011-02-16 10:50:00,297
15671.0,2011-11-21 12:43:00,19
15672.0,2009-12-14 16:52:00,725
15673.0,2011-09-12 16:12:00,88
15674.0,2011-09-27 15:17:00,73
15675.0,2011-09-19 13:48:00,81
15676.0,2011-11-21 12:40:00,19
15677.0,2011-10-21 15:36:00,49
15678.0,2011-10-18 09:25:00,53
15679.0,2011-11-15 16:19:00,24
15680.0,2011-11-30 13:46:00,9
15681.0,2011-11-14 16:30:00,25
15682.0,2010-04-19 15:30:00,599
15683.0,2011-08-14 12:56:00,117
15684.0,2010-06-10 18:51:00,547
15685.0,2010-09-15 13:43:00,450
15686.0,2010-10-15 13:50:00,420
15687.0,2011-12-01 08:33:00,9
15688.0,2010-10-17 12:06:00,419
15689.0,2011-08-12 09:37:00,120
15690.0,2011-12-05 15:59:00,4
15691.0,2011-04-01 15:13:00,252
15692.0,2011-11-11 14:12:00,28
15693.0,2010-02-18 14:37:00,659
15694.0,2011-12-09 09:44:00,1
15695.0,2011-03-18 08:32:00,267
15696.0,2011-11-06 14:02:00,33
15697.0,2010-01-19 09:10:00,690
15698.0,2010-03-25 17:38:00,624
15699.0,2011-11-22 08:26:00,18
15700.0,2011-06-20 16:53:00,172
15701.0,2011-12-07 14:39:00,2
15702.0,2010-08-20 14:50:00,476
15703.0,2011-03-20 10:51:00,265
15704.0,2011-07-22 13:35:00,140
15705.0,2011-05-22 15:37:00,201
15706.0,2011-10-07 10:09:00,64
15707.0,2011-11-04 14:35:00,35
15708.0,2011-10-30 10:54:00,41
15709.0,2011-03-01 10:38:00,284
15710.0,2010-10-18 17:05:00,417
15711.0,2010-06-01 12:14:00,557
15712.0,2011-11-30 14:09:00,9
15713.0,2011-07-19 13:34:00,143
15714.0,2011-11-28 11:26:00,12
15715.0,2010-06-02 09:56:00,556
15716.0,2011-07-17 11:59:00,146
15717.0,2011-04-19 13:21:00,234
15718.0,2010-06-17 16:20:00,540
15719.0,2011-11-07 12:29:00,33
15720.0,2011-11-15 14:48:00,24
15721.0,2011-11-28 12:14:00,12
15722.0,2011-11-04 11:43:00,36
15723.0,2010-12-10 11:12:00,365
15724.0,2011-05-22 14:40:00,201
15725.0,2011-11-24 14:51:00,15
15726.0,2010-11-14 16:12:00,390
15727.0,2011-11-23 12:36:00,17
15728.0,2010-11-25 10:39:00,380
15729.0,2011-05-11 12:36:00,213
15730.0,2011-10-05 12:31:00,66
15731.0,2010-06-04 10:10:00,554
15732.0,2011-05-11 14:24:00,212
15733.0,2011-03-02 09:05:00,283
15734.0,2011-08-17 10:50:00,115
15735.0,2010-10-14 13:38:00,421
15736.0,2010-09-30 14:20:00,435
15737.0,2011-11-25 11:21:00,15
15738.0,2011-11-21 08:26:00,19
15739.0,2011-10-04 13:42:00,66
15740.0,2011-10-21 14:29:00,49
15741.0,2010-09-07 16:21:00,458
15742.0,2010-03-30 15:25:00,619
15743.0,2011-11-23 17:19:00,16
15744.0,2011-09-23 09:52:00,78
15745.0,2011-11-20 13:45:00,19
15746.0,2011-07-28 15:21:00,134
15747.0,2011-11-27 12:26:00,13
15748.0,2011-10-30 12:51:00,40
15749.0,2011-04-18 13:20:00,235
15750.0,2011-12-07 12:34:00,3
15751.0,2010-09-05 12:44:00,461
15752.0,2011-10-31 11:37:00,40
15753.0,2011-02-08 12:41:00,305
15754.0,2011-10-19 14:40:00,51
15755.0,2011-11-29 14:57:00,10
15756.0,2011-10-09 13:30:00,61
15757.0,2011-10-05 12:14:00,66
15758.0,2011-11-15 10:48:00,25
15759.0,2011-05-05 15:13:00,218
15761.0,2010-09-23 09:33:00,443
15762.0,2011-10-05 16:15:00,65
15763.0,2011-11-08 09:44:00,32
15764.0,2011-09-12 17:58:00,88
15765.0,2010-02-11 10:25:00,667
15766.0,2011-10-06 17:03:00,64
15768.0,2011-08-16 10:48:00,116
15769.0,2011-12-02 13:52:00,7
15770.0,2010-04-06 11:47:00,613
15771.0,2010-04-14 13:56:00,604
15772.0,2010-10-17 13:33:00,418
15773.0,2011-12-04 12:48:00,6
15774.0,2011-10-02 12:04:00,69
15775.0,2011-04-08 12:56:00,245
15776.0,2011-07-29 13:46:00,133
15777.0,2011-04-12 16:43:00,241
15778.0,2010-10-04 15:10:00,431
15779.0,2010-09-02 16:40:00,463
15780.0,2011-06-09 12:01:00,184
15781.0,2011-11-14 14:57:00,25
15782.0,2011-11-30 10:49:00,10
15783.0,2011-11-29 09:50:00,11
15784.0,2010-08-29 10:38:00,468
15785.0,2011-11-07 11:33:00,33
15786.0,2011-10-24 14:13:00,46
15787.0,2011-11-13 14:55:00,26
15788.0,2010-07-19 12:48:00,509
15789.0,2010-12-16 14:35:00,358
15790.0,2011-11-29 14:53:00,10
15791.0,2011-10-27 10:14:00,44
15792.0,2010-11-05 08:21:00,400
15793.0,2011-11-25 09:31:00,15
15794.0,2009-12-03 13:04:00,736
15795.0,2011-07-13 10:43:00,150
15796.0,2011-12-08 19:55:00,1
15797.0,2011-08-18 17:04:00,113
15798.0,2010-08-04 09:13:00,493
15799.0,2011-09-25 12:46:00,76
15800.0,2011-08-24 14:23:00,107
15801.0,2011-10-24 13:52:00,46
15803.0,2011-10-19 14:56:00,51
15804.0,2011-12-09 12:31:00,1
15805.0,2011-11-16 16:32:00,23
15806.0,2011-10-24 14:35:00,46
15807.0,2011-10-20 14:10:00,50
15808.0,2011-02-06 14:33:00,306
15809.0,2011-11-03 16:40:00,36
15810.0,2011-09-22 09:38:00,79
15811.0,2011-11-17 15:31:00,22
15812.0,2011-08-24 14:19:00,107
15813.0,2011-05-16 08:13:00,208
15814.0,2011-11-23 08:17:00,17
15815.0,2011-10-07 12:42:00,64
15816.0,2010-06-15 13:36:00,542
15817.0,2010-10-15 11:07:00,421
15818.0,2010-04-30 12:58:00,588
15819.0,2011-10-21 14:50:00,49
15820.0,2011-01-24 12:00:00,320
15821.0,2011-10-26 15:48:00,44
15822.0,2011-12-06 14:50:00,3
15823.0,2009-12-10 18:03:00,729
15824.0,2010-09-12 13:20:00,453
15825.0,2011-06-20 13:27:00,172
15826.0,2011-10-14 16:05:00,56
15827.0,2011-09-27 15:35:00,73
15828.0,2010-11-29 16:41:00,375
15829.0,2011-09-01 16:45:00,99
15830.0,2011-11-02 10:40:00,38
15831.0,2011-10-12 13:14:00,58
15832.0,2011-03-30 15:29:00,254
15833.0,2009-12-02 11:59:00,738
15834.0,2011-09-30 14:41:00,70
15835.0,2011-10-26 15:47:00,44
15836.0,2011-10-20 17:13:00,50
15837.0,2011-10-06 09:01:00,65
15838.0,2011-11-28 14:00:00,11
15839.0,2011-11-06 13:54:00,33
15840.0,2011-10-12 09:08:00,59
15841.0,2011-09-28 12:15:00,73
15842.0,2010-11-11 14:08:00,393
15843.0,2011-02-09 10:19:00,304
15844.0,2011-10-24 15:19:00,46
15845.0,2011-11-22 09:42:00,18
15846.0,2010-11-19 14:40:00,385
15847.0,2011-11-01 14:41:00,38
15848.0,2010-03-28 10:54:00,622
15850.0,2011-11-20 14:14:00,19
15851.0,2010-07-01 12:34:00,527
15852.0,2011-06-06 11:22:00,187
15853.0,2011-10-19 10:38:00,52
15854.0,2011-12-05 13:39:00,4
15855.0,2011-07-26 10:20:00,137
15856.0,2011-12-05 17:09:00,4
15857.0,2011-11-21 12:18:00,19
15858.0,2011-11-24 12:48:00,16
15859.0,2010-10-03 12:52:00,432
15860.0,2011-10-30 11:25:00,41
15861.0,2011-11-27 15:59:00,12
15862.0,2011-12-01 13:28:00,8
15863.0,2011-11-14 12:49:00,26
15864.0,2011-11-17 13:32:00,22
15865.0,2011-10-30 12:43:00,41
15866.0,2011-08-30 14:09:00,101
15867.0,2011-12-04 13:32:00,5
15868.0,2010-05-05 14:11:00,583
15869.0,2011-03-07 17:23:00,277
15870.0,2011-11-07 10:58:00,33
15871.0,2010-09-28 14:16:00,437
15872.0,2011-11-25 11:55:00,15
15873.0,2010-07-28 12:41:00,500
15874.0,2011-10-07 12:31:00,64
15875.0,2010-03-03 16:51:00,646
15876.0,2010-10-26 18:58:00,409
15877.0,2011-12-08 11:53:00,2
15878.0,2010-05-27 12:17:00,562
15879.0,2010-10-31 16:21:00,404
15880.0,2010-12-05 13:00:00,369
15881.0,2011-01-31 16:59:00,312
15882.0,2011-05-25 11:35:00,199
15883.0,2011-12-07 17:05:00,2
15884.0,2010-10-03 15:55:00,432
15885.0,2011-09-07 14:56:00,93
15886.0,2011-10-10 14:25:00,60
15887.0,2010-10-29 08:36:00,407
15888.0,2011-09-20 12:30:00,81
15889.0,2011-07-06 11:10:00,157
15890.0,2010-11-10 12:46:00,395
15891.0,2011-04-27 12:35:00,227
15892.0,2010-02-08 16:23:00,669
15893.0,2010-08-15 11:12:00,482
15894.0,2011-03-31 13:50:00,253
15895.0,2011-07-13 10:27:00,150
15897.0,2011-05-29 13:50:00,194
15898.0,2011-12-08 15:23:00,1
15899.0,2010-12-06 10:36:00,369
15900.0,2011-11-16 12:19:00,24
15901.0,2011-11-23 12:43:00,17
15902.0,2010-11-24 16:57:00,380
15903.0,2011-11-30 08:08:00,10
15904.0,2011-12-01 14:50:00,8
15905.0,2010-06-14 16:00:00,543
15906.0,2011-11-20 12:24:00,20
15907.0,2011-12-06 12:21:00,4
15908.0,2010-08-06 11:56:00,491
15909.0,2011-06-19 10:38:00,174
15910.0,2011-12-09 10:51:00,1
15911.0,2010-03-26 12:06:00,624
15912.0,2011-06-14 14:29:00,178
15913.0,2010-06-23 16:31:00,534
15914.0,2010-11-26 16:10:00,378
15915.0,2010-11-03 11:13:00,402
15916.0,2011-11-23 13:46:00,16
15917.0,2011-04-06 10:40:00,248
15918.0,2011-06-02 11:42:00,191
15919.0,2011-11-20 11:28:00,20
15920.0,2011-07-08 15:25:00,154
15921.0,2011-06-20 11:03:00,173
15922.0,2010-12-01 13:51:00,373
15923.0,2010-12-02 12:16:00,373
15924.0,2009-12-08 15:00:00,731
15925.0,2011-05-29 15:35:00,194
15926.0,2010-06-15 15:23:00,542
15927.0,2010-03-02 13:25:00,647
15928.0,2010-02-21 15:16:00,656
15929.0,2010-03-05 14:56:00,644
15930.0,2011-10-03 14:52:00,67
15931.0,2010-10-07 16:46:00,428
15932.0,2011-12-05 17:13:00,4
15933.0,2011-11-18 13:14:00,21
15934.0,2010-10-18 10:13:00,418
15935.0,2011-04-14 13:27:00,239
15936.0,2010-11-25 16:39:00,379
15937.0,2011-10-06 15:48:00,64
15938.0,2011-08-19 12:56:00,112
15939.0,2011-09-11 11:30:00,90
15940.0,2011-02-01 16:18:00,311
15941.0,2010-03-12 14:45:00,637
15942.0,2011-07-29 09:01:00,134
15943.0,2010-02-28 12:49:00,650
15944.0,2011-03-08 10:33:00,277
15945.0,2010-12-09 13:14:00,365
15946.0,2010-07-25 12:18:00,503
15947.0,2011-09-18 10:46:00,83
15948.0,2011-12-01 15:32:00,8
15949.0,2011-11-23 09:09:00,17
15950.0,2011-11-08 11:09:00,32
15951.0,2011-12-01 08:34:00,9
15952.0,2011-11-06 11:18:00,34
15953.0,2011-11-24 15:32:00,15
15954.0,2010-04-29 13:35:00,589
15955.0,2011-11-15 14:15:00,24
15956.0,2010-06-06 13:06:00,551
15957.0,2011-11-08 12:14:00,32
15958.0,2011-09-26 13:41:00,74
15959.0,2010-01-26 16:38:00,682
15960.0,2010-11-30 15:57:00,374
15961.0,2010-11-25 15:59:00,379
15962.0,2010-09-16 13:48:00,449
15963.0,2011-11-20 11:33:00,20
15964.0,2010-02-14 15:30:00,663
15965.0,2011-11-22 16:44:00,17
15966.0,2010-09-15 10:44:00,451
15967.0,2011-11-16 15:41:00,23
15968.0,2010-11-16 13:04:00,388
15969.0,2011-12-07 11:06:00,3
15970.0,2011-02-09 12:08:00,304
15971.0,2011-11-22 12:50:00,18
15972.0,2010-09-09 13:20:00,456
15973.0,2010-12-08 11:42:00,367
15974.0,2011-10-31 13:13:00,39
15975.0,2011-09-16 13:33:00,84
15976.0,2011-06-27 13:00:00,165
15977.0,2011-11-22 13:29:00,17
15978.0,2011-09-23 15:21:00,77
15979.0,2010-04-16 11:35:00,603
15980.0,2011-09-12 09:41:00,89
15981.0,2011-11-15 08:00:00,25
15982.0,2010-04-13 15:47:00,605
15983.0,2011-11-17 17:34:00,22
15984.0,2011-12-07 12:16:00,3
15985.0,2011-08-08 16:31:00,123
15986.0,2011-11-09 15:17:00,30
15987.0,2011-11-27 15:38:00,12
15988.0,2011-11-20 13:23:00,19
15989.0,2010-11-29 12:03:00,376
15990.0,2011-10-26 15:58:00,44
15991.0,2010-06-23 15:50:00,534
15992.0,2011-12-06 11:00:00,4
15993.0,2011-12-01 10:45:00,9
15994.0,2011-10-16 12:28:00,55
15995.0,2010-10-21 13:57:00,414
15996.0,2011-09-12 15:14:00,88
15998.0,2011-11-03 12:45:00,37
15999.0,2009-12-04 12:31:00,736
16000.0,2011-12-07 12:17:00,3
16001.0,2010-11-23 17:10:00,381
16002.0,2010-03-24 13:08:00,625
16003.0,2011-11-10 09:57:00,30
16004.0,2010-08-22 11:48:00,475
16005.0,2011-11-27 13:47:00,12
16006.0,2011-05-12 13:12:00,211
16007.0,2011-10-23 11:05:00,48
16008.0,2011-11-16 10:32:00,24
16009.0,2011-11-17 16:51:00,22
16010.0,2011-04-08 10:14:00,246
16011.0,2011-12-01 16:31:00,8
16012.0,2011-11-04 13:25:00,35
16013.0,2011-12-06 10:36:00,4
16014.0,2011-11-02 12:04:00,38
16015.0,2011-12-06 10:58:00,4
16016.0,2011-12-06 14:35:00,3
16017.0,2011-10-23 12:56:00,47
16018.0,2011-10-31 14:13:00,39
16019.0,2011-10-24 11:51:00,47
16020.0,2011-11-23 11:18:00,17
16021.0,2010-11-09 14:48:00,395
16022.0,2011-03-24 13:16:00,260
16023.0,2011-10-24 16:34:00,46
16024.0,2011-11-27 13:26:00,12
16025.0,2011-11-10 11:45:00,30
16026.0,2011-10-27 13:53:00,43
16027.0,2011-09-09 10:47:00,92
16028.0,2010-04-23 11:45:00,596
16029.0,2011-11-01 10:27:00,39
16030.0,2011-02-03 11:28:00,310
16031.0,2011-09-08 13:07:00,92
16032.0,2010-09-09 18:00:00,456
16033.0,2011-12-04 12:44:00,6
16034.0,2011-05-27 16:17:00,196
16035.0,2010-05-28 15:09:00,560
16036.0,2011-09-13 14:53:00,87
16037.0,2011-03-15 09:13:00,270
16038.0,2011-12-02 12:40:00,8
16039.0,2010-10-12 10:44:00,424
16040.0,2011-10-05 13:47:00,65
16041.0,2011-11-09 12:25:00,31
16042.0,2011-11-17 17:50:00,22
16043.0,2011-11-02 12:50:00,38
16044.0,2010-09-30 18:12:00,435
16045.0,2011-08-12 12:41:00,120
16046.0,2010-05-26 13:18:00,562
16048.0,2010-12-01 15:28:00,373
16049.0,2011-10-30 13:19:00,40
16050.0,2011-06-19 11:44:00,174
16051.0,2010-01-27 09:38:00,682
16052.0,2011-10-16 15:13:00,54
16053.0,2011-11-07 11:21:00,33
16054.0,2011-07-17 13:08:00,145
16055.0,2011-05-03 09:26:00,221
16056.0,2011-10-25 15:19:00,45
16057.0,2011-11-23 15:23:00,16
16058.0,2010-10-29 16:48:00,406
16059.0,2011-10-05 09:56:00,66
16060.0,2010-11-04 12:10:00,401
16061.0,2010-10-04 15:29:00,431
16062.0,2011-11-30 12:15:00,10
16063.0,2011-03-24 14:56:00,260
16064.0,2009-12-14 16:11:00,725
16065.0,2010-12-09 13:03:00,365
16066.0,2011-11-23 11:54:00,17
16067.0,2010-05-26 12:33:00,563
16068.0,2010-04-25 11:52:00,594
16069.0,2010-10-18 10:32:00,418
16070.0,2011-11-17 15:50:00,22
16071.0,2011-10-26 11:14:00,45
16072.0,2011-02-24 14:32:00,288
16073.0,2011-02-15 15:41:00,297
16074.0,2010-11-14 13:19:00,390
16075.0,2010-07-25 11:31:00,503
16076.0,2011-12-06 14:59:00,3
16077.0,2010-03-24 10:42:00,626
16078.0,2011-03-01 09:47:00,284
16079.0,2011-11-23 12:48:00,17
16080.0,2011-09-19 10:42:00,82
16081.0,2011-10-14 13:06:00,56
16082.0,2010-02-07 15:16:00,670
16083.0,2011-08-31 10:47:00,101
16084.0,2011-02-13 16:05:00,299
16085.0,2011-11-16 13:24:00,23
16086.0,2011-10-11 13:09:00,59
16087.0,2010-11-15 16:44:00,389
16088.0,2010-05-13 10:16:00,576
16089.0,2010-11-18 13:51:00,386
16090.0,2010-03-25 13:05:00,624
16091.0,2011-07-08 08:45:00,155
16092.0,2011-08-17 10:46:00,115
16093.0,2011-08-25 11:09:00,107
16094.0,2011-11-28 12:45:00,12
16095.0,2010-09-09 16:54:00,456
16096.0,2011-03-20 13:38:00,264
16097.0,2011-04-13 13:47:00,240
16098.0,2011-09-13 09:59:00,88
16099.0,2011-10-20 13:13:00,50
16100.0,2010-09-03 11:39:00,463
16101.0,2011-09-30 10:18:00,71
16102.0,2011-10-28 13:19:00,42
16103.0,2011-12-02 14:16:00,7
16104.0,2011-10-09 10:23:00,62
16105.0,2011-04-05 10:13:00,249
16106.0,2011-10-05 10:37:00,66
16107.0,2011-11-22 09:40:00,18
16108.0,2011-09-16 11:48:00,85
16109.0,2011-05-05 09:17:00,219
16110.0,2011-10-25 14:35:00,45
16111.0,2010-10-07 19:51:00,428
16112.0,2011-07-19 14:28:00,143
16113.0,2011-06-09 16:16:00,183
16114.0,2011-06-22 10:13:00,171
16115.0,2011-11-30 11:32:00,10
16116.0,2011-05-12 12:01:00,212
16117.0,2011-06-03 11:42:00,190
16118.0,2010-02-25 09:40:00,653
16119.0,2011-12-01 15:11:00,8
16120.0,2011-10-11 14:22:00,59
16121.0,2011-10-13 12:59:00,57
16122.0,2011-09-27 15:34:00,73
16123.0,2011-10-19 09:18:00,52
16124.0,2011-01-26 14:45:00,317
16125.0,2010-12-07 15:48:00,367
16126.0,2011-11-10 16:03:00,29
16127.0,2011-10-31 13:58:00,39
16128.0,2011-11-22 11:14:00,18
16129.0,2010-10-28 14:29:00,407
16130.0,2010-10-13 15:14:00,422
16131.0,2011-10-19 11:53:00,52
16132.0,2010-06-13 13:49:00,544
16133.0,2011-12-06 11:24:00,4
16134.0,2011-11-18 10:05:00,22
16135.0,2011-03-22 12:30:00,263
16136.0,2011-10-11 09:10:00,60
16137.0,2010-01-28 15:04:00,680
16138.0,2010-11-26 12:13:00,379
16139.0,2011-11-21 08:37:00,19
16140.0,2011-10-05 12:15:00,66
16141.0,2011-09-12 13:11:00,88
16142.0,2011-04-04 10:16:00,250
16143.0,2011-12-06 14:13:00,3
16144.0,2011-04-07 10:09:00,247
16145.0,2011-12-01 10:33:00,9
16146.0,2011-07-05 14:20:00,157
16147.0,2011-07-29 09:57:00,134
16148.0,2011-02-16 14:01:00,296
16149.0,2011-12-05 11:29:00,5
16150.0,2011-10-28 12:39:00,43
16152.0,2011-03-16 09:47:00,269
16153.0,2011-10-21 10:50:00,50
16155.0,2010-11-23 12:03:00,382
16156.0,2011-12-01 12:42:00,9
16157.0,2011-11-24 11:41:00,16
16158.0,2010-07-05 13:55:00,522
16159.0,2011-03-03 12:27:00,282
16160.0,2011-10-05 14:19:00,65
16161.0,2011-12-08 12:10:00,2
16162.0,2011-04-01 15:03:00,252
16163.0,2011-04-21 15:15:00,232
16164.0,2011-11-22 15:04:00,17
16165.0,2010-07-22 14:17:00,505
16166.0,2010-10-07 15:44:00,428
16167.0,2010-10-21 15:33:00,414
16168.0,2011-11-29 12:45:00,11
16169.0,2011-12-01 15:28:00,8
16170.0,2011-10-20 08:21:00,51
16171.0,2011-10-11 14:51:00,59
16172.0,2011-09-05 13:22:00,95
16173.0,2011-11-24 10:53:00,16
16174.0,2011-08-05 13:26:00,126
16175.0,2011-09-06 14:32:00,94
16176.0,2010-10-14 13:54:00,421
16177.0,2011-10-20 12:57:00,50
16178.0,2011-07-24 16:05:00,138
16179.0,2011-10-10 09:41:00,61
16180.0,2011-08-31 16:28:00,100
16181.0,2011-09-27 13:38:00,73
16182.0,2011-09-28 13:23:00,72
16183.0,2011-10-03 14:59:00,67
16184.0,2011-10-06 17:43:00,64
16185.0,2011-11-23 09:41:00,17
16186.0,2011-11-17 12:43:00,23
16187.0,2011-11-08 09:50:00,32
16188.0,2011-10-26 12:19:00,45
16189.0,2011-11-24 11:47:00,16
16190.0,2011-10-30 15:59:00,40
16191.0,2011-12-07 11:26:00,3
16192.0,2009-12-04 12:28:00,736
16193.0,2011-04-17 11:45:00,237
16194.0,2010-11-29 13:28:00,375
16195.0,2009-12-16 14:09:00,723
16196.0,2010-08-08 11:40:00,489
16197.0,2010-08-27 12:56:00,469
16198.0,2011-09-25 14:58:00,75
16199.0,2010-11-12 12:55:00,392
16200.0,2011-12-05 14:40:00,4
16201.0,2011-12-06 16:02:00,3
16202.0,2010-12-14 10:43:00,361
16203.0,2011-10-12 12:31:00,59
16204.0,2011-11-16 13:40:00,23
16205.0,2011-11-09 09:32:00,31
16206.0,2011-10-16 10:41:00,55
16207.0,2011-11-14 13:51:00,25
16208.0,2011-10-26 11:36:00,45
16209.0,2011-09-12 11:58:00,89
16210.0,2011-12-08 12:36:00,2
16211.0,2011-09-12 12:11:00,89
16212.0,2011-11-20 13:00:00,19
16213.0,2011-09-22 10:03:00,79
16214.0,2011-06-22 11:30:00,171
16215.0,2011-09-20 10:18:00,81
16216.0,2011-03-17 15:34:00,267
16217.0,2011-04-18 13:31:00,235
16218.0,2011-11-10 09:59:00,30
16219.0,2010-07-27 11:44:00,501
16221.0,2011-11-03 11:43:00,37
16222.0,2011-01-25 13:38:00,318
16223.0,2010-11-30 11:50:00,375
16224.0,2011-10-13 17:51:00,57
16225.0,2011-10-26 08:30:00,45
16226.0,2011-05-20 14:41:00,203
16227.0,2011-04-28 13:33:00,225
16228.0,2010-11-19 14:20:00,385
16229.0,2011-09-13 17:16:00,87
16230.0,2011-06-03 10:06:00,190
16231.0,2010-11-25 15:00:00,379
16232.0,2011-10-27 12:16:00,44
16233.0,2011-09-29 17:27:00,71
16234.0,2010-08-20 14:33:00,476
16235.0,2011-10-30 10:56:00,41
16236.0,2011-09-22 14:10:00,78
16237.0,2010-09-28 17:02:00,437
16238.0,2010-10-13 12:36:00,423
16239.0,2011-10-14 08:29:00,57
16240.0,2011-11-15 14:30:00,24
16241.0,2011-11-30 11:08:00,10
16242.0,2011-12-01 15:12:00,8
16243.0,2011-11-06 12:32:00,34
16244.0,2011-05-12 10:18:00,212
16245.0,2011-11-16 10:14:00,24
16246.0,2010-09-06 12:04:00,460
16247.0,2011-06-22 14:23:00,170
16248.0,2011-10-09 11:32:00,62
16249.0,2011-10-18 10:07:00,53
16250.0,2011-03-23 15:07:00,261
16251.0,2010-07-15 14:55:00,512
16252.0,2010-11-22 11:57:00,383
16253.0,2011-10-04 09:09:00,67
16254.0,2010-11-26 13:22:00,378
16255.0,2011-11-23 12:40:00,17
16256.0,2011-03-18 12:18:00,267
16257.0,2011-06-16 10:11:00,177
16258.0,2011-10-25 13:30:00,45
16259.0,2010-10-25 14:27:00,410
16260.0,2011-10-20 09:40:00,51
16261.0,2011-11-22 17:23:00,17
16262.0,2010-11-26 13:22:00,378
16263.0,2010-10-12 14:52:00,423
16264.0,2010-09-27 15:00:00,438
16265.0,2011-11-30 16:41:00,9
16266.0,2011-09-27 12:08:00,74
16267.0,2010-04-27 14:10:00,591
16268.0,2011-09-29 18:30:00,71
16269.0,2010-09-28 11:50:00,438
16270.0,2010-12-21 14:26:00,353
16271.0,2011-11-24 12:12:00,16
16272.0,2011-08-15 10:54:00,117
16273.0,2010-03-01 13:24:00,648
16274.0,2010-12-01 15:35:00,373
16275.0,2011-05-27 12:41:00,197
16276.0,2011-06-16 09:34:00,177
16277.0,2009-12-06 11:27:00,734
16278.0,2011-08-31 17:12:00,100
16279.0,2011-11-18 15:00:00,21
16280.0,2009-12-14 15:49:00,725
16281.0,2011-09-28 14:57:00,72
16282.0,2011-01-04 11:42:00,340
16283.0,2011-12-04 12:08:00,6
16284.0,2011-11-08 16:12:00,31
16285.0,2010-03-03 16:03:00,646
16286.0,2010-08-19 14:48:00,477
16287.0,2011-06-23 09:08:00,170
16288.0,2010-08-26 14:45:00,470
16289.0,2010-09-03 14:02:00,462
16290.0,2010-09-01 11:52:00,465
16292.0,2011-08-10 12:24:00,122
16293.0,2011-11-18 09:58:00,22
16294.0,2010-08-20 12:01:00,477
16295.0,2011-11-30 08:17:00,10
16296.0,2010-03-23 13:11:00,626
16297.0,2011-03-16 08:29:00,269
16298.0,2011-11-17 11:59:00,23
16299.0,2010-08-19 17:46:00,477
16300.0,2010-10-05 13:14:00,430
16301.0,2009-12-03 10:20:00,737
16302.0,2011-08-05 09:44:00,127
16303.0,2011-11-14 10:49:00,26
16304.0,2010-01-14 08:30:00,695
16305.0,2011-07-24 12:18:00,139
16306.0,2011-05-10 12:12:00,214
16307.0,2010-10-06 14:31:00,429
16308.0,2011-11-02 11:24:00,38
16309.0,2011-08-25 15:35:00,106
16310.0,2010-10-21 14:47:00,414
16311.0,2011-11-22 08:54:00,18
16312.0,2010-10-03 14:15:00,432
16313.0,2011-12-06 13:02:00,3
16314.0,2010-11-15 12:06:00,390
16315.0,2011-01-13 11:57:00,331
16316.0,2011-10-06 13:48:00,64
16317.0,2011-08-12 12:46:00,120
16318.0,2011-11-04 13:05:00,35
16319.0,2011-05-06 11:27:00,218
16320.0,2011-06-20 15:25:00,172
16321.0,2011-09-28 14:55:00,72
16322.0,2011-12-08 15:41:00,1
16323.0,2011-05-27 14:48:00,196
16324.0,2011-08-03 12:58:00,128
16325.0,2011-10-24 08:48:00,47
16326.0,2011-12-04 10:11:00,6
16327.0,2011-11-25 13:23:00,14
16328.0,2010-05-25 14:02:00,563
16329.0,2010-10-08 12:44:00,428
16330.0,2011-11-22 12:24:00,18
16331.0,2010-10-03 13:47:00,432
16332.0,2011-11-11 14:22:00,28
16333.0,2011-12-02 12:19:00,8
16334.0,2010-08-04 16:38:00,492
16335.0,2010-06-06 11:35:00,552
16336.0,2010-10-15 12:32:00,421
16337.0,2011-11-03 10:03:00,37
16338.0,2011-07-05 13:56:00,157
16339.0,2011-02-28 13:41:00,284
16340.0,2011-08-24 14:53:00,107
16341.0,2011-11-15 09:12:00,25
16342.0,2011-09-25 14:36:00,75
16343.0,2011-11-23 17:45:00,16
16344.0,2011-07-04 15:50:00,158
16345.0,2011-10-26 16:03:00,44
16346.0,2010-11-19 15:55:00,385
16347.0,2011-11-28 13:14:00,11
16348.0,2011-11-07 15:44:00,32
16349.0,2011-02-22 12:40:00,291
16350.0,2011-11-18 15:53:00,21
16351.0,2011-01-11 10:26:00,333
16352.0,2011-11-22 10:32:00,18
16353.0,2011-12-06 12:23:00,4
16354.0,2011-10-07 14:28:00,63
16355.0,2010-11-29 14:21:00,375
16356.0,2011-05-26 11:51:00,198
16357.0,2011-11-06 16:04:00,33
16358.0,2011-12-08 15:09:00,1
16359.0,2011-12-02 17:04:00,7
16360.0,2011-12-05 12:16:00,5
16361.0,2011-11-30 12:32:00,10
16362.0,2011-11-07 13:01:00,32
16363.0,2011-10-17 14:14:00,53
16364.0,2011-11-28 11:27:00,12
16365.0,2011-11-22 11:24:00,18
16366.0,2011-11-21 08:19:00,19
16367.0,2011-11-02 13:13:00,37
16368.0,2011-12-07 13:12:00,2
16369.0,2011-11-21 16:25:00,18
16370.0,2011-09-18 15:55:00,82
16371.0,2010-09-17 12:09:00,449
16372.0,2011-11-06 13:08:00,33
16373.0,2010-11-22 15:50:00,382
16374.0,2011-10-04 15:21:00,66
16375.0,2010-08-26 14:25:00,470
16376.0,2011-12-01 11:38:00,9
16377.0,2011-03-17 15:41:00,267
16378.0,2011-04-06 15:07:00,247
16379.0,2011-12-05 15:38:00,4
16380.0,2011-10-09 15:40:00,61
16381.0,2010-11-09 09:56:00,396
16382.0,2010-10-27 16:23:00,408
16383.0,2011-09-26 12:45:00,75
16384.0,2011-09-11 11:19:00,90
16385.0,2011-10-10 13:12:00,60
16386.0,2011-11-11 12:28:00,29
16387.0,2011-01-21 11:34:00,323
16388.0,2010-02-24 10:20:00,654
16389.0,2011-10-17 14:41:00,53
16390.0,2010-06-21 10:11:00,537
16391.0,2010-11-04 12:27:00,401
16392.0,2011-03-15 12:11:00,270
16393.0,2011-12-07 12:51:00,2
16394.0,2011-10-14 09:48:00,57
16395.0,2011-10-10 12:50:00,61
16396.0,2010-08-20 14:17:00,476
16397.0,2010-03-21 15:36:00,628
16398.0,2011-07-08 15:16:00,154
16399.0,2011-11-20 16:12:00,19
16400.0,2011-09-06 12:27:00,95
16401.0,2011-12-08 18:15:00,1
16402.0,2011-03-20 12:25:00,265
16403.0,2011-01-31 13:39:00,312
16404.0,2011-09-30 14:55:00,70
16405.0,2011-02-10 15:24:00,302
16406.0,2011-11-21 11:57:00,19
16407.0,2011-11-27 11:05:00,13
16408.0,2010-04-27 14:08:00,591
16409.0,2011-11-03 16:45:00,36
16410.0,2009-12-05 14:51:00,734
16411.0,2011-11-20 13:23:00,19
16412.0,2011-10-17 12:35:00,54
16413.0,2011-10-14 12:08:00,57
16414.0,2011-11-18 09:42:00,22
16415.0,2011-10-26 13:35:00,44
16416.0,2011-11-13 12:50:00,27
16417.0,2010-08-04 09:08:00,493
16418.0,2011-10-26 12:39:00,45
16419.0,2011-08-19 12:33:00,113
16420.0,2010-11-08 15:15:00,396
16421.0,2010-11-28 13:31:00,376
16422.0,2011-11-22 14:00:00,17
16423.0,2011-11-15 09:21:00,25
16424.0,2011-06-01 13:40:00,191
16425.0,2011-02-10 14:30:00,302
16426.0,2011-12-07 14:01:00,2
16427.0,2011-03-21 17:10:00,263
16428.0,2010-10-22 12:22:00,414
16429.0,2011-08-25 13:54:00,106
16430.0,2011-10-13 14:47:00,57
16431.0,2011-05-10 14:09:00,213
16432.0,2011-10-06 13:59:00,64
16433.0,2011-11-11 14:09:00,28
16434.0,2011-11-10 14:28:00,29
16435.0,2010-07-15 18:22:00,512
16436.0,2010-02-09 13:19:00,668
16437.0,2010-11-23 16:59:00,381
16438.0,2011-12-04 10:51:00,6
16439.0,2009-12-17 14:22:00,722
16440.0,2011-12-02 12:02:00,8
16441.0,2011-10-03 17:48:00,67
16442.0,2011-12-08 11:43:00,2
16443.0,2010-07-07 11:57:00,521
16444.0,2011-10-24 13:50:00,46
16445.0,2011-11-06 12:32:00,34
16446.0,2011-05-18 09:52:00,206
16447.0,2011-07-27 12:45:00,136
16448.0,2011-05-25 16:28:00,198
16449.0,2011-05-26 10:25:00,198
16450.0,2011-07-13 11:47:00,150
16451.0,2011-09-13 09:17:00,88
16452.0,2010-03-19 12:39:00,631
16453.0,2010-06-27 12:46:00,531
16454.0,2011-10-06 16:57:00,64
16455.0,2011-10-07 12:17:00,64
16456.0,2011-09-01 13:50:00,99
16457.0,2011-05-05 13:19:00,218
16458.0,2011-12-07 09:34:00,3
16459.0,2009-12-10 12:42:00,730
16460.0,2011-11-11 13:46:00,28
16461.0,2011-06-15 12:07:00,178
16462.0,2011-09-27 10:24:00,74
16463.0,2011-11-18 14:01:00,21
16464.0,2011-11-20 12:11:00,20
16465.0,2010-10-15 09:27:00,421
16466.0,2011-11-06 11:35:00,34
16467.0,2010-07-19 11:49:00,509
16468.0,2011-09-26 14:13:00,74
16469.0,2011-11-16 12:25:00,24
16470.0,2011-10-19 12:11:00,52
16471.0,2011-03-10 09:41:00,275
16472.0,2010-10-01 13:56:00,434
16473.0,2011-06-28 09:10:00,165
16474.0,2011-12-02 13:02:00,7
16475.0,2011-09-12 14:37:00,88
16476.0,2010-10-04 10:29:00,432
16477.0,2011-10-07 09:44:00,64
16478.0,2011-11-14 15:51:00,25
16479.0,2011-11-29 13:40:00,10
16480.0,2011-09-25 11:40:00,76
16481.0,2010-01-26 13:09:00,682
16482.0,2011-11-24 12:33:00,16
16483.0,2011-05-31 13:08:00,192
16484.0,2011-06-19 12:06:00,174
16485.0,2011-09-23 15:50:00,77
16486.0,2010-06-20 12:16:00,538
16487.0,2010-05-11 13:38:00,577
16488.0,2011-11-06 13:42:00,33
16489.0,2010-11-24 14:40:00,380
16490.0,2010-09-29 16:30:00,436
16491.0,2011-10-24 10:18:00,47
16492.0,2010-06-17 08:20:00,541
16493.0,2011-09-21 11:10:00,80
16494.0,2011-02-16 12:49:00,297
16495.0,2011-12-06 13:20:00,3
16496.0,2011-12-01 10:31:00,9
16497.0,2011-10-21 10:55:00,50
16498.0,2011-07-01 15:07:00,161
16499.0,2010-12-14 13:31:00,360
16500.0,2011-12-05 12:04:00,5
16501.0,2010-11-21 14:10:00,383
16502.0,2010-03-29 13:44:00,620
16503.0,2011-08-25 11:46:00,107
16504.0,2011-11-14 15:18:00,25
16505.0,2011-11-08 12:14:00,32
16506.0,2011-11-20 12:17:00,20
16507.0,2010-05-16 12:56:00,572
16508.0,2010-03-19 13:41:00,630
16509.0,2011-02-16 09:25:00,297
16510.0,2010-12-02 13:39:00,372
16511.0,2011-11-18 10:41:00,22
16513.0,2011-12-05 10:18:00,5
16515.0,2011-10-18 13:10:00,52
16516.0,2011-11-09 14:59:00,30
16517.0,2011-03-07 13:50:00,277
16518.0,2011-10-09 15:04:00,61
16519.0,2011-11-14 15:41:00,25
16520.0,2011-06-06 13:24:00,186
16521.0,2010-10-20 13:09:00,415
16522.0,2010-09-30 10:54:00,436
16523.0,2011-12-08 09:06:00,2
16524.0,2010-09-19 13:37:00,446
16525.0,2011-12-07 15:07:00,2
16526.0,2011-06-21 12:02:00,172
16527.0,2011-09-19 16:21:00,81
16528.0,2011-12-06 12:45:00,4
16529.0,2011-06-02 17:23:00,190
16530.0,2010-02-09 15:30:00,668
16531.0,2011-11-17 16:29:00,22
16532.0,2011-11-22 11:08:00,18
16533.0,2011-11-20 13:08:00,19
16534.0,2010-03-07 15:47:00,642
16535.0,2011-12-04 15:18:00,5
16536.0,2011-08-21 15:54:00,110
16537.0,2010-03-08 13:41:00,641
16538.0,2010-06-16 16:59:00,541
16539.0,2011-12-07 08:41:00,3
16540.0,2010-10-21 17:22:00,414
16541.0,2009-12-04 13:22:00,735
16542.0,2011-10-17 10:47:00,54
16543.0,2010-04-27 11:38:00,592
16544.0,2010-07-08 11:11:00,520
16545.0,2011-06-28 10:37:00,165
16546.0,2011-02-22 11:20:00,291
16547.0,2010-06-11 13:02:00,546
16548.0,2010-04-19 16:15:00,599
16549.0,2011-11-29 15:06:00,10
16550.0,2011-08-23 11:12:00,109
16551.0,2011-09-05 09:38:00,96
16552.0,2011-04-11 10:04:00,243
16553.0,2011-06-29 15:42:00,163
16554.0,2011-10-28 14:51:00,42
16555.0,2011-11-04 14:31:00,35
16556.0,2011-10-04 11:36:00,67
16557.0,2011-11-15 14:04:00,24
16558.0,2011-12-09 10:20:00,1
16559.0,2010-11-07 13:52:00,397
16560.0,2011-11-13 10:35:00,27
16561.0,2011-12-04 11:50:00,6
16562.0,2010-08-20 11:45:00,477
16563.0,2011-10-17 11:51:00,54
16564.0,2010-05-19 14:41:00,569
16565.0,2010-12-10 15:21:00,364
16566.0,2011-11-24 16:34:00,15
16567.0,2011-05-29 13:57:00,194
16568.0,2010-10-08 10:54:00,428
16569.0,2011-12-06 15:32:00,3
16570.0,2011-11-24 17:02:00,15
16571.0,2011-11-13 11:46:00,27
16572.0,2011-08-04 16:34:00,127
16573.0,2011-09-16 09:13:00,85
16574.0,2011-09-29 13:39:00,71
16576.0,2010-10-15 13:37:00,420
16577.0,2010-02-11 09:45:00,667
16578.0,2010-03-23 15:11:00,626
16579.0,2010-10-10 11:58:00,426
16581.0,2011-06-10 10:05:00,183
16582.0,2011-08-18 17:02:00,113
16583.0,2010-12-01 12:03:00,374
16584.0,2011-09-20 13:45:00,80
16585.0,2010-04-25 10:34:00,594
16586.0,2011-04-05 09:32:00,249
16587.0,2011-04-21 15:51:00,232
16588.0,2010-11-18 17:56:00,386
16589.0,2011-09-29 14:50:00,71
16590.0,2010-11-04 09:06:00,401
16591.0,2011-10-02 10:43:00,69
16592.0,2011-12-05 13:49:00,4
16593.0,2011-10-20 12:41:00,51
16594.0,2011-09-25 14:08:00,75
16595.0,2011-10-09 13:15:00,61
16596.0,2011-11-24 10:02:00,16
16597.0,2011-12-05 15:44:00,4
16598.0,2011-02-27 11:42:00,286
16599.0,2010-11-19 12:45:00,386
16600.0,2011-12-05 16:00:00,4
16601.0,2011-10-30 11:09:00,41
16602.0,2011-11-03 15:54:00,36
16603.0,2011-09-26 10:06:00,75
16604.0,2010-05-26 09:10:00,563
16605.0,2009-12-15 19:03:00,724
16606.0,2010-10-31 13:57:00,404
16607.0,2011-11-22 10:24:00,18
16608.0,2010-09-12 11:44:00,454
16609.0,2011-11-24 13:32:00,15
16610.0,2011-05-04 13:13:00,219
16611.0,2011-06-06 15:46:00,186
16612.0,2011-11-07 07:38:00,33
16613.0,2011-09-30 15:52:00,70
16614.0,2011-06-10 11:36:00,183
16615.0,2010-03-23 15:13:00,626
16616.0,2011-11-24 16:31:00,15
16617.0,2011-04-18 10:35:00,236
16618.0,2011-11-08 13:52:00,31
16619.0,2011-03-21 08:18:00,264
16620.0,2011-12-06 12:19:00,4
16621.0,2011-10-19 11:38:00,52
16622.0,2010-06-14 10:44:00,544
16623.0,2011-04-08 10:09:00,246
16624.0,2011-09-20 12:39:00,81
16625.0,2011-03-10 12:50:00,275
16626.0,2011-12-09 11:56:00,1
16627.0,2011-09-21 14:38:00,79
16628.0,2011-11-10 12:45:00,30
16629.0,2011-09-27 10:34:00,74
16630.0,2010-10-28 14:30:00,407
16631.0,2010-08-15 11:20:00,482
16632.0,2010-08-11 11:39:00,486
16633.0,2011-11-22 13:41:00,17
16634.0,2011-05-01 12:09:00,223
16635.0,2010-10-29 09:41:00,407
16636.0,2010-09-27 13:13:00,438
16637.0,2011-11-07 13:17:00,32
16638.0,2011-11-17 11:09:00,23
16639.0,2011-11-08 13:20:00,31
16640.0,2010-11-07 10:48:00,398
16641.0,2011-08-26 12:49:00,106
16642.0,2011-12-05 11:31:00,5
16643.0,2011-04-08 08:24:00,246
16644.0,2011-06-15 12:39:00,178
16645.0,2009-12-04 09:49:00,736
16646.0,2010-09-16 13:28:00,449
16647.0,2011-06-23 11:47:00,170
16648.0,2011-10-28 08:58:00,43
16649.0,2010-07-07 15:41:00,520
16650.0,2011-09-29 09:51:00,72
16651.0,2010-05-02 11:46:00,587
16652.0,2011-10-12 09:38:00,59
16653.0,2011-11-23 14:51:00,16
16654.0,2011-07-21 15:23:00,141
16655.0,2011-11-22 11:25:00,18
16656.0,2011-11-17 14:43:00,22
16657.0,2011-11-30 11:48:00,10
16658.0,2010-12-06 13:47:00,368
16659.0,2011-06-03 15:03:00,189
16660.0,2011-11-23 14:53:00,16
16661.0,2010-06-17 15:24:00,540
16662.0,2010-11-10 16:56:00,394
16663.0,2009-12-10 13:12:00,729
16664.0,2010-05-19 17:11:00,569
16665.0,2010-12-12 14:03:00,362
16666.0,2011-11-20 14:01:00,19
16667.0,2011-10-02 15:26:00,68
16668.0,2011-11-24 17:43:00,15
16669.0,2011-11-16 12:26:00,24
16670.0,2011-11-23 09:34:00,17
16671.0,2011-11-11 13:40:00,28
16672.0,2011-12-07 16:29:00,2
16673.0,2010-01-29 14:22:00,679
16674.0,2011-10-16 11:31:00,55
16675.0,2010-09-24 12:15:00,442
16676.0,2011-11-06 12:01:00,34
16677.0,2010-10-24 14:53:00,411
16678.0,2011-12-07 12:17:00,3
16679.0,2010-12-08 13:51:00,366
16680.0,2011-10-27 17:35:00,43
16681.0,2011-09-28 11:11:00,73
16682.0,2011-12-05 12:13:00,5
16683.0,2010-06-24 10:36:00,534
16684.0,2011-12-05 14:06:00,4
16685.0,2011-10-09 13:58:00,61
16686.0,2011-10-23 13:49:00,47
16687.0,2010-11-14 11:46:00,391
16688.0,2011-12-08 15:24:00,1
16689.0,2011-09-25 11:39:00,76
16690.0,2011-09-28 15:02:00,72
16691.0,2010-10-17 15:03:00,418
16692.0,2011-03-28 14:46:00,256
16693.0,2011-10-02 11:10:00,69
16694.0,2009-12-16 15:45:00,723
16695.0,2010-05-27 12:36:00,562
16696.0,2011-07-27 14:23:00,135
16697.0,2011-04-12 17:12:00,241
16698.0,2011-04-27 10:52:00,227
16699.0,2010-11-24 14:38:00,380
16700.0,2011-12-01 11:00:00,9
16701.0,2011-12-01 11:10:00,9
16702.0,2010-10-20 14:10:00,415
16704.0,2010-03-31 14:02:00,618
16705.0,2011-12-09 12:08:00,1
16706.0,2011-11-02 13:50:00,37
16707.0,2010-11-04 14:39:00,400
16708.0,2011-10-25 12:20:00,46
16709.0,2011-09-16 10:56:00,85
16710.0,2011-11-20 14:50:00,19
16711.0,2011-12-06 16:32:00,3
16712.0,2011-11-30 13:48:00,9
16713.0,2011-11-21 12:36:00,19
16714.0,2011-01-26 13:46:00,317
16715.0,2011-09-22 18:15:00,78
16716.0,2011-03-18 10:03:00,267
16717.0,2011-11-16 12:16:00,24
16718.0,2010-12-05 13:03:00,369
16719.0,2011-11-25 09:27:00,15
16720.0,2011-11-13 16:22:00,26
16721.0,2011-03-22 16:08:00,262
16722.0,2011-11-22 13:28:00,17
16723.0,2011-09-09 13:01:00,91
16724.0,2010-10-31 11:40:00,405
16725.0,2011-02-10 16:52:00,302
16726.0,2011-11-13 14:53:00,26
16727.0,2010-12-10 13:48:00,364
16728.0,2011-10-24 14:36:00,46
16729.0,2011-11-01 14:29:00,38
16730.0,2011-10-18 14:11:00,52
16731.0,2010-03-01 15:05:00,648
16732.0,2011-11-08 09:54:00,32
16733.0,2010-06-28 10:12:00,530
16734.0,2011-10-18 13:44:00,52
16735.0,2011-09-22 11:49:00,79
16736.0,2010-07-22 10:09:00,506
16737.0,2011-10-17 13:03:00,53
16738.0,2011-02-15 09:46:00,298
16739.0,2011-06-16 09:17:00,177
16740.0,2010-11-09 13:34:00,395
16741.0,2010-03-24 15:15:00,625
16742.0,2010-08-04 10:52:00,493
16743.0,2011-11-10 13:13:00,29
16744.0,2011-11-28 13:06:00,11
16745.0,2011-09-14 11:58:00,87
16746.0,2011-12-05 12:33:00,5
16747.0,2011-11-02 11:37:00,38
16748.0,2011-11-22 10:17:00,18
16749.0,2010-04-27 13:06:00,591
16750.0,2011-10-26 12:48:00,45
16751.0,2011-11-09 10:48:00,31
16752.0,2010-12-02 12:18:00,373
16753.0,2011-10-12 13:14:00,58
16754.0,2010-12-02 17:38:00,372
16755.0,2011-08-17 13:21:00,114
16756.0,2011-05-09 09:33:00,215
16757.0,2011-01-25 11:59:00,319
16758.0,2011-10-05 14:47:00,65
16759.0,2011-12-02 12:42:00,8
16760.0,2010-10-05 15:55:00,430
16761.0,2011-09-04 11:15:00,97
16762.0,2011-11-20 11:43:00,20
16763.0,2011-05-25 11:52:00,199
16764.0,2011-12-06 11:41:00,4
16765.0,2011-02-18 15:41:00,294
16766.0,2011-03-11 15:22:00,273
16767.0,2011-11-09 09:42:00,31
16768.0,2011-10-23 10:38:00,48
16769.0,2011-03-24 13:41:00,260
16770.0,2011-10-13 12:21:00,58
16771.0,2011-11-06 13:28:00,33
16772.0,2010-10-12 13:19:00,423
16773.0,2011-10-13 14:37:00,57
16774.0,2011-10-03 12:41:00,68
16775.0,2011-11-29 15:22:00,10
16776.0,2011-10-10 13:04:00,60
16777.0,2011-09-20 13:41:00,80
16778.0,2011-09-26 13:48:00,74
16779.0,2011-12-07 14:54:00,2
16780.0,2011-08-31 16:09:00,100
16781.0,2010-12-02 14:26:00,372
16782.0,2011-11-29 13:20:00,10
16783.0,2010-09-29 11:53:00,437
16784.0,2011-11-20 12:20:00,20
16785.0,2010-10-26 10:36:00,410
16786.0,2010-11-11 08:25:00,394
16787.0,2010-11-07 11:01:00,398
16788.0,2011-08-08 14:53:00,123
16789.0,2011-12-01 15:12:00,8
16790.0,2011-12-06 11:53:00,4
16791.0,2011-11-10 19:12:00,29
16792.0,2011-03-02 14:41:00,282
16793.0,2011-10-13 15:08:00,57
16794.0,2011-12-08 17:54:00,1
16795.0,2010-12-09 14:08:00,365
16796.0,2011-09-11 14:01:00,89
16797.0,2010-11-11 19:14:00,393
16798.0,2010-06-03 19:01:00,554
16799.0,2010-10-03 14:28:00,432
16800.0,2011-11-28 14:06:00,11
16801.0,2011-06-29 15:33:00,163
16802.0,2010-01-29 13:44:00,679
16803.0,2011-10-05 14:28:00,65
16804.0,2011-11-16 16:43:00,23
16805.0,2011-06-19 11:23:00,174
16806.0,2011-08-28 15:27:00,103
16807.0,2011-07-20 12:00:00,143
16808.0,2011-09-01 19:34:00,99
16809.0,2011-11-16 15:45:00,23
16810.0,2011-05-31 15:32:00,192
16811.0,2011-12-05 11:39:00,5
16812.0,2010-12-14 12:35:00,361
16813.0,2011-12-01 14:03:00,8
16814.0,2011-11-25 13:27:00,14
16815.0,2010-09-12 10:59:00,454
16816.0,2011-08-28 14:16:00,103
16817.0,2011-12-07 11:03:00,3
16818.0,2011-11-29 10:41:00,11
16819.0,2010-08-31 17:37:00,465
16820.0,2011-09-05 12:06:00,96
16821.0,2010-11-23 10:04:00,382
16822.0,2010-01-22 14:22:00,686
16823.0,2011-04-26 15:00:00,227
16824.0,2011-11-24 12:38:00,16
16825.0,2011-11-01 11:51:00,39
16826.0,2011-10-19 14:05:00,51
16827.0,2010-11-11 14:04:00,393
16828.0,2011-08-19 13:24:00,112
16829.0,2011-07-06 10:48:00,157
16830.0,2011-11-01 11:35:00,39
16831.0,2010-05-24 09:08:00,565
16832.0,2011-06-08 15:36:00,184
16833.0,2011-12-08 14:39:00,1
16834.0,2011-04-26 09:37:00,228
16835.0,2011-08-03 13:50:00,128
16836.0,2011-10-31 10:05:00,40
16837.0,2011-11-08 14:27:00,31
16838.0,2011-05-26 13:13:00,197
16839.0,2011-12-01 09:03:00,9
16840.0,2010-04-15 15:48:00,603
16841.0,2011-11-03 11:51:00,37
16842.0,2011-08-31 10:42:00,101
16843.0,2011-10-28 09:06:00,43
16844.0,2010-05-26 10:29:00,563
16845.0,2010-03-31 13:09:00,618
16846.0,2011-10-20 13:55:00,50
16847.0,2011-10-27 13:29:00,43
16848.0,2011-10-18 08:42:00,53
16849.0,2011-06-06 09:16:00,187
16850.0,2011-01-10 11:09:00,334
16851.0,2011-12-05 13:32:00,4
16852.0,2011-11-29 13:22:00,10
16854.0,2010-10-18 16:31:00,417
16855.0,2011-11-16 12:03:00,24
16856.0,2011-11-25 08:59:00,15
16857.0,2010-09-23 10:49:00,443
16858.0,2010-12-06 09:52:00,369
16859.0,2011-07-18 12:19:00,145
16860.0,2010-09-13 10:05:00,453
16861.0,2011-10-11 09:05:00,60
16862.0,2010-06-10 13:05:00,547
16863.0,2011-11-08 15:26:00,31
16864.0,2010-10-01 16:16:00,434
16865.0,2010-11-03 11:34:00,402
16866.0,2011-07-22 10:06:00,141
16867.0,2010-01-19 09:11:00,690
16868.0,2010-11-10 13:17:00,394
16869.0,2011-11-17 12:02:00,23
16870.0,2010-08-27 13:53:00,469
16871.0,2011-11-17 19:27:00,22
16872.0,2011-09-23 16:05:00,77
16873.0,2011-12-05 12:05:00,5
16874.0,2010-11-25 13:08:00,379
16875.0,2011-10-03 13:39:00,67
16876.0,2010-11-01 11:59:00,404
16877.0,2011-11-27 13:47:00,12
16878.0,2011-09-16 17:39:00,84
16880.0,2011-11-09 11:33:00,31
16881.0,2011-10-04 10:33:00,67
16882.0,2011-10-04 10:42:00,67
16883.0,2011-06-05 12:51:00,187
16884.0,2011-11-02 11:52:00,38
16885.0,2011-11-24 13:40:00,15
16886.0,2010-09-09 15:08:00,456
16887.0,2011-11-04 14:07:00,35
16888.0,2010-11-04 12:39:00,401
16889.0,2011-05-29 11:05:00,195
16890.0,2010-08-20 11:23:00,477
16891.0,2011-12-08 11:15:00,2
16892.0,2011-12-08 13:18:00,1
16893.0,2010-12-08 12:06:00,367
16894.0,2010-07-25 15:43:00,502
16895.0,2011-10-06 12:15:00,65
16896.0,2010-06-02 15:40:00,555
16897.0,2011-02-13 15:02:00,299
16898.0,2011-11-13 15:44:00,26
16899.0,2011-12-02 12:03:00,8
16900.0,2011-11-23 10:32:00,17
16901.0,2009-12-10 16:30:00,729
16902.0,2011-08-15 14:17:00,116
16903.0,2011-11-10 15:32:00,29
16904.0,2011-12-05 13:10:00,4
16905.0,2011-12-04 14:01:00,5
16906.0,2011-09-19 11:49:00,82
16907.0,2011-11-10 18:04:00,29
16908.0,2009-12-17 13:35:00,722
16909.0,2011-09-28 16:45:00,72
16910.0,2011-12-05 12:51:00,4
16911.0,2010-03-14 12:18:00,636
16912.0,2011-11-11 12:18:00,29
16913.0,2011-02-22 12:56:00,290
16914.0,2011-11-03 15:27:00,36
16915.0,2011-11-30 16:39:00,9
16916.0,2011-11-16 12:08:00,24
16917.0,2011-03-08 11:55:00,277
16918.0,2011-10-21 12:50:00,50
16919.0,2011-07-06 13:35:00,156
16920.0,2010-10-24 14:07:00,411
16921.0,2011-10-09 16:22:00,61
16922.0,2010-05-16 11:24:00,573
16923.0,2011-11-27 13:00:00,12
16924.0,2011-11-18 12:53:00,21
16925.0,2010-06-17 15:03:00,540
16926.0,2010-12-03 13:42:00,371
16927.0,2011-08-16 11:10:00,116
16928.0,2011-09-20 15:10:00,80
16929.0,2011-12-06 08:37:00,4
16930.0,2011-11-13 16:13:00,26
16931.0,2011-12-04 13:15:00,5
16932.0,2011-10-17 14:12:00,53
16933.0,2011-12-08 12:54:00,1
16934.0,2011-10-16 12:40:00,55
16935.0,2010-11-23 09:16:00,382
16936.0,2011-11-14 11:04:00,26
16937.0,2010-07-28 17:56:00,499
16938.0,2011-12-01 10:20:00,9
16939.0,2010-08-08 12:24:00,489
16940.0,2011-10-18 13:15:00,52
16941.0,2010-04-07 11:13:00,612
16942.0,2011-11-27 12:40:00,13
16943.0,2011-05-12 11:57:00,212
16944.0,2010-04-09 11:03:00,610
16945.0,2011-11-18 11:39:00,22
16946.0,2010-11-21 14:06:00,383
16947.0,2011-04-18 09:38:00,236
16948.0,2011-07-24 12:46:00,139
16949.0,2011-12-06 11:07:00,4
16950.0,2011-10-14 09:06:00,57
16951.0,2011-07-28 12:05:00,135
16952.0,2011-08-22 13:03:00,109
16953.0,2011-11-09 15:54:00,30
16954.0,2011-12-09 09:46:00,1
16955.0,2011-06-08 10:36:00,185
16956.0,2011-11-22 08:56:00,18
16957.0,2011-04-14 13:56:00,239
16958.0,2010-09-30 14:25:00,435
16959.0,2011-09-13 15:03:00,87
16960.0,2011-11-01 11:35:00,39
16961.0,2011-08-15 13:46:00,116
16962.0,2010-10-26 11:36:00,410
16963.0,2011-06-05 13:48:00,187
16964.0,2009-12-06 12:53:00,733
16965.0,2011-04-27 12:08:00,227
16966.0,2011-12-01 13:40:00,8
16967.0,2011-06-03 14:24:00,189
16968.0,2011-12-05 15:02:00,4
16969.0,2011-10-31 13:12:00,39
16970.0,2010-03-23 13:50:00,626
16971.0,2011-11-01 15:06:00,38
16972.0,2010-11-22 10:59:00,383
16973.0,2010-11-18 13:56:00,386
16974.0,2010-07-05 10:18:00,523
16975.0,2010-10-12 17:53:00,423
16976.0,2011-03-17 16:33:00,267
16977.0,2010-11-09 13:17:00,395
16978.0,2011-09-23 12:50:00,78
16979.0,2011-12-06 12:21:00,4
16980.0,2011-03-29 16:36:00,255
16982.0,2011-10-10 12:28:00,61
16983.0,2011-11-27 12:10:00,13
16984.0,2011-09-12 13:43:00,88
16985.0,2011-11-22 13:33:00,17
16986.0,2011-11-10 11:55:00,30
16987.0,2011-12-06 17:26:00,3
16988.0,2011-12-04 16:02:00,5
16989.0,2011-12-02 16:39:00,7
16990.0,2011-05-05 08:30:00,219
16991.0,2010-10-14 14:08:00,421
16992.0,2011-11-29 11:50:00,11
16993.0,2010-09-02 12:16:00,464
16996.0,2011-11-09 16:43:00,30
16997.0,2011-02-24 17:28:00,288
16998.0,2011-07-13 09:44:00,150
16999.0,2011-11-16 13:53:00,23
17000.0,2010-11-08 13:35:00,396
17001.0,2011-12-09 09:38:00,1
17002.0,2011-09-15 12:40:00,86
17003.0,2010-11-02 13:15:00,402
17004.0,2011-10-24 14:25:00,46
17005.0,2010-08-26 10:57:00,471
17006.0,2011-12-05 12:09:00,5
17007.0,2011-10-20 10:47:00,51
17008.0,2010-10-06 15:19:00,429
17009.0,2010-06-06 16:01:00,551
17010.0,2011-11-21 14:49:00,18
17011.0,2011-11-09 13:30:00,30
17012.0,2009-12-14 17:34:00,725
17014.0,2011-12-01 14:09:00,8
17015.0,2011-11-11 10:45:00,29
17016.0,2010-05-12 12:32:00,577
17017.0,2011-12-07 09:32:00,3
17018.0,2011-10-30 11:42:00,41
17019.0,2011-11-28 13:06:00,11
17020.0,2010-06-15 13:06:00,542
17021.0,2010-09-23 20:01:00,442
17022.0,2011-11-08 17:09:00,31
17023.0,2010-10-18 15:37:00,417
17024.0,2011-10-25 13:47:00,45
17025.0,2011-10-10 09:06:00,61
17026.0,2011-06-07 14:28:00,185
17027.0,2011-09-22 12:24:00,79
17028.0,2010-05-07 15:33:00,581
17029.0,2011-08-21 11:06:00,111
17030.0,2011-10-07 08:49:00,64
17031.0,2011-11-28 10:23:00,12
17032.0,2010-04-15 14:14:00,603
17033.0,2011-09-14 14:34:00,86
17034.0,2011-11-23 15:14:00,16
17035.0,2011-04-08 11:23:00,246
17036.0,2010-11-21 14:26:00,383
17037.0,2011-09-13 12:49:00,88
17038.0,2011-11-09 13:50:00,30
17039.0,2010-04-14 12:56:00,604
17040.0,2011-07-25 10:19:00,138
17041.0,2011-11-13 11:21:00,27
17042.0,2011-12-07 12:26:00,3
17043.0,2011-11-07 15:33:00,32
17044.0,2011-11-14 14:28:00,25
17045.0,2011-08-18 17:09:00,113
17046.0,2011-07-05 14:24:00,157
17047.0,2011-09-15 13:27:00,85
17048.0,2011-08-14 11:49:00,118
17049.0,2011-12-07 10:48:00,3
17050.0,2011-09-04 13:48:00,96
17051.0,2011-05-29 14:13:00,194
17052.0,2011-11-11 14:50:00,28
17053.0,2011-08-01 10:23:00,131
17054.0,2011-11-11 12:56:00,28
17055.0,2010-09-20 12:21:00,446
17056.0,2009-12-01 12:55:00,738
17057.0,2010-04-22 19:21:00,596
17058.0,2011-09-19 10:13:00,82
17059.0,2011-11-10 12:27:00,30
17060.0,2011-03-18 13:27:00,266
17061.0,2011-09-27 11:24:00,74
17062.0,2011-01-30 11:01:00,314
17063.0,2011-11-18 16:19:00,21
17064.0,2011-10-12 10:18:00,59
17065.0,2010-03-12 11:41:00,638
17066.0,2009-12-13 13:24:00,726
17067.0,2009-12-15 08:39:00,725
17068.0,2011-11-27 13:14:00,12
17069.0,2011-11-11 17:13:00,28
17070.0,2011-08-17 17:01:00,114
17071.0,2011-11-11 16:31:00,28
17072.0,2010-03-24 16:33:00,625
17073.0,2011-11-22 11:47:00,18
17074.0,2010-05-26 12:04:00,563
17075.0,2011-11-22 11:58:00,18
17076.0,2011-11-03 17:53:00,36
17077.0,2010-05-10 16:36:00,578
17078.0,2011-11-03 19:17:00,36
17079.0,2011-09-22 15:34:00,78
17080.0,2011-11-17 12:59:00,22
17081.0,2011-11-14 12:56:00,25
17082.0,2011-11-06 15:17:00,33
17083.0,2011-08-22 15:43:00,109
17084.0,2011-11-04 14:54:00,35
17085.0,2011-08-08 14:15:00,123
17086.0,2011-12-02 13:54:00,7
17087.0,2009-12-02 10:41:00,738
17088.0,2011-11-11 14:23:00,28
17089.0,2010-11-18 15:33:00,386
17090.0,2011-12-05 13:44:00,4
17091.0,2011-12-07 10:43:00,3
17092.0,2011-10-20 19:51:00,50
17093.0,2010-04-26 10:22:00,593
17094.0,2011-01-21 13:09:00,322
17095.0,2011-11-17 12:21:00,23
17096.0,2011-11-24 15:01:00,15
17097.0,2011-12-07 17:05:00,2
17098.0,2010-11-23 12:13:00,382
17099.0,2010-06-24 16:25:00,533
17100.0,2011-11-21 16:36:00,18
17101.0,2011-11-29 13:57:00,10
17102.0,2011-03-23 10:08:00,262
17103.0,2009-12-17 14:08:00,722
17104.0,2010-10-12 12:21:00,424
17105.0,2011-07-03 15:53:00,159
17106.0,2010-11-15 14:11:00,389
17107.0,2011-11-06 14:14:00,33
17108.0,2010-02-14 12:22:00,664
17109.0,2011-11-10 16:59:00,29
17110.0,2011-06-27 12:58:00,165
17111.0,2011-10-23 15:59:00,47
17112.0,2010-07-25 11:14:00,503
17113.0,2010-05-14 13:59:00,574
17114.0,2011-12-04 12:17:00,6
17115.0,2011-12-01 14:30:00,8
17116.0,2010-03-01 16:29:00,648
17117.0,2011-02-24 13:54:00,288
17118.0,2011-01-26 12:19:00,318
17119.0,2011-12-06 14:40:00,3
17120.0,2011-04-20 15:21:00,233
17121.0,2010-11-02 11:47:00,403
17122.0,2011-08-12 14:33:00,119
17123.0,2011-07-01 10:47:00,162
17124.0,2011-06-07 14:02:00,185
17125.0,2011-10-20 14:41:00,50
17126.0,2011-07-10 13:52:00,152
17127.0,2010-10-07 09:54:00,429
17128.0,2011-01-09 12:02:00,335
17129.0,2010-07-07 13:46:00,520
17131.0,2011-12-04 12:52:00,5
17132.0,2010-09-13 16:31:00,452
17133.0,2011-11-24 12:27:00,16
17134.0,2011-08-25 09:53:00,107
17135.0,2011-11-23 16:48:00,16
17136.0,2010-02-15 13:13:00,662
17137.0,2010-10-19 14:51:00,416
17138.0,2011-03-09 11:54:00,276
17139.0,2011-11-24 10:12:00,16
17140.0,2011-04-06 13:33:00,247
17141.0,2010-10-17 14:54:00,418
17142.0,2011-04-14 18:22:00,239
17143.0,2010-10-18 15:27:00,417
17144.0,2011-12-08 17:57:00,1
17145.0,2010-07-15 09:02:00,513
17146.0,2011-08-26 12:44:00,106
17147.0,2011-11-17 12:32:00,23
17148.0,2011-10-19 09:59:00,52
17149.0,2010-09-14 14:56:00,451
17150.0,2010-11-28 11:27:00,377
17151.0,2009-12-04 14:56:00,735
17152.0,2011-05-29 12:19:00,195
17153.0,2011-11-15 13:42:00,24
17154.0,2011-09-25 13:42:00,75
17155.0,2011-11-22 12:38:00,18
17156.0,2010-08-05 11:30:00,492
17157.0,2011-12-02 09:10:00,8
17158.0,2011-11-07 15:15:00,32
17159.0,2011-11-18 10:52:00,22
17160.0,2011-11-08 14:05:00,31
17161.0,2010-09-21 16:44:00,444
17162.0,2011-11-11 11:34:00,29
17163.0,2011-11-18 08:57:00,22
17164.0,2011-11-07 09:14:00,33
17165.0,2011-02-28 16:39:00,284
17166.0,2011-11-01 09:46:00,39
17167.0,2010-11-25 10:05:00,380
17168.0,2010-07-29 12:33:00,499
17169.0,2011-10-13 10:25:00,58
17170.0,2010-11-30 15:55:00,374
17171.0,2011-02-23 16:37:00,289
17172.0,2011-09-22 09:36:00,79
17173.0,2011-12-04 14:40:00,5
17174.0,2011-05-06 11:47:00,218
17175.0,2011-10-26 15:31:00,44
17176.0,2011-05-22 12:41:00,202
17177.0,2010-07-22 14:53:00,505
17178.0,2009-12-08 16:20:00,731
17179.0,2011-06-14 16:48:00,178
17180.0,2011-10-14 15:46:00,56
17181.0,2011-10-13 14:48:00,57
17182.0,2010-10-13 10:09:00,423
17183.0,2011-12-02 10:07:00,8
17184.0,2010-05-19 14:24:00,569
17185.0,2010-04-27 12:15:00,592
17186.0,2011-10-24 10:20:00,47
17187.0,2011-04-27 12:39:00,227
17188.0,2011-11-28 13:53:00,11
17189.0,2011-08-25 19:39:00,106
17190.0,2011-10-12 11:33:00,59
17191.0,2011-11-11 16:58:00,28
17192.0,2010-06-21 16:07:00,536
17193.0,2011-11-04 12:47:00,36
17194.0,2010-12-14 12:06:00,361
17195.0,2010-02-22 13:05:00,655
17196.0,2010-10-08 11:31:00,428
17197.0,2011-11-10 10:32:00,30
17198.0,2011-11-16 10:39:00,24
17199.0,2010-05-06 13:53:00,582
17200.0,2010-11-17 13:04:00,387
17201.0,2011-10-17 11:55:00,54
17202.0,2010-10-15 11:25:00,421
17203.0,2011-11-04 12:27:00,36
17204.0,2011-06-17 14:46:00,175
17205.0,2011-10-17 12:46:00,54
17206.0,2011-10-17 13:25:00,53
17207.0,2010-02-25 19:08:00,652
17208.0,2010-11-09 12:50:00,396
17209.0,2010-02-28 16:01:00,649
17210.0,2010-11-12 12:15:00,393
17211.0,2011-11-13 12:03:00,27
17212.0,2011-03-31 19:42:00,253
17213.0,2011-10-30 14:53:00,40
17214.0,2011-10-10 13:17:00,60
17215.0,2010-09-01 13:39:00,464
17216.0,2010-06-03 13:03:00,554
17217.0,2011-04-19 17:19:00,234
17218.0,2011-12-05 13:52:00,4
17219.0,2011-11-08 11:25:00,32
17220.0,2011-11-15 13:47:00,24
17221.0,2011-12-02 13:35:00,7
17222.0,2011-10-05 13:58:00,65
17223.0,2011-02-02 15:57:00,310
17224.0,2010-07-26 13:30:00,501
17225.0,2010-05-07 11:38:00,582
17226.0,2011-02-04 11:52:00,309
17227.0,2011-11-21 10:51:00,19
17228.0,2011-11-24 10:24:00,16
17229.0,2011-09-04 13:56:00,96
17230.0,2011-03-20 16:12:00,264
17231.0,2011-11-27 15:18:00,12
17232.0,2011-12-07 12:21:00,3
17233.0,2011-11-04 14:06:00,35
17234.0,2011-06-10 11:20:00,183
17235.0,2011-11-14 15:51:00,25
17236.0,2011-11-27 12:00:00,13
17237.0,2011-11-28 15:02:00,11
17238.0,2011-12-07 11:35:00,3
17239.0,2011-01-31 09:41:00,313
17240.0,2010-04-22 15:44:00,596
17241.0,2010-11-19 13:01:00,385
17242.0,2011-08-23 14:55:00,108
17243.0,2011-12-08 13:26:00,1
17244.0,2011-10-17 15:19:00,53
17245.0,2011-05-19 10:43:00,205
17246.0,2010-06-11 12:36:00,547
17247.0,2011-11-24 15:21:00,15
17248.0,2011-08-11 13:34:00,120
17249.0,2010-10-07 11:33:00,429
17250.0,2011-12-06 12:15:00,4
17251.0,2010-12-12 11:06:00,363
17252.0,2011-08-15 09:45:00,117
17253.0,2011-11-21 12:59:00,18
17254.0,2011-12-05 12:46:00,5
17255.0,2011-10-30 12:18:00,41
17256.0,2011-08-24 13:30:00,107
17257.0,2010-09-29 12:51:00,436
17258.0,2010-11-08 12:37:00,397
17259.0,2011-07-14 15:01:00,148
17260.0,2010-10-24 13:21:00,411
17261.0,2010-07-18 11:49:00,510
17262.0,2011-10-18 12:56:00,52
17263.0,2011-05-15 14:32:00,208
17264.0,2010-10-11 12:52:00,424
17265.0,2011-07-24 10:49:00,139
17266.0,2011-12-07 14:12:00,2
17267.0,2011-08-04 17:22:00,127
17268.0,2011-08-24 10:06:00,108
17269.0,2010-11-19 11:12:00,386
17270.0,2010-08-27 14:09:00,469
17271.0,2009-12-03 13:49:00,736
17272.0,2011-10-28 16:37:00,42
17273.0,2010-10-11 15:57:00,424
17274.0,2011-11-04 13:16:00,35
17275.0,2010-11-21 13:26:00,383
17276.0,2010-11-02 16:20:00,402
17277.0,2011-04-26 12:47:00,228
17278.0,2011-04-12 13:10:00,241
17279.0,2011-10-13 11:58:00,58
17280.0,2010-09-27 16:46:00,438
17281.0,2010-11-30 18:05:00,374
17282.0,2011-08-01 14:29:00,130
17283.0,2010-11-26 11:53:00,379
17284.0,2011-10-10 14:38:00,60
17285.0,2010-03-21 13:38:00,628
17286.0,2011-11-18 12:47:00,22
17287.0,2011-11-13 13:27:00,26
17288.0,2011-11-30 16:09:00,9
17289.0,2011-11-08 12:01:00,32
17290.0,2011-12-06 12:38:00,4
17291.0,2011-02-04 13:04:00,308
17292.0,2010-08-24 17:14:00,472
17293.0,2011-12-01 14:37:00,8
17294.0,2010-02-08 16:12:00,669
17295.0,2011-11-11 10:49:00,29
17296.0,2009-12-09 14:01:00,730
17297.0,2011-11-22 14:43:00,17
17298.0,2011-08-30 16:43:00,101
17299.0,2011-11-28 12:01:00,12
17300.0,2010-11-14 10:56:00,391
17301.0,2011-11-18 13:43:00,21
17302.0,2011-11-25 09:36:00,15
17303.0,2010-12-13 13:32:00,361
17304.0,2010-06-23 16:23:00,534
17305.0,2010-03-01 12:47:00,649
17306.0,2011-11-29 12:14:00,11
17307.0,2010-11-09 13:40:00,395
17308.0,2010-11-11 13:19:00,393
17309.0,2011-09-05 15:20:00,95
17310.0,2010-11-17 16:00:00,387
17311.0,2011-09-22 14:11:00,78
17312.0,2011-07-24 11:52:00,139
17313.0,2011-11-08 15:45:00,31
17314.0,2011-11-15 09:41:00,25
17315.0,2011-12-08 12:15:00,2
17316.0,2010-10-15 14:35:00,420
17317.0,2011-10-24 17:19:00,46
17318.0,2009-12-14 13:11:00,725
17319.0,2010-02-08 15:47:00,669
17320.0,2011-08-31 13:31:00,100
17321.0,2011-12-01 13:41:00,8
17322.0,2010-11-28 14:41:00,376
17323.0,2011-11-24 17:29:00,15
17324.0,2011-11-22 10:34:00,18
17325.0,2011-03-04 13:09:00,280
17326.0,2010-10-27 15:38:00,408
17327.0,2010-10-26 09:54:00,410
17328.0,2010-02-04 17:11:00,673
17329.0,2011-11-25 14:24:00,14
17330.0,2011-11-17 08:56:00,23
17331.0,2011-08-08 11:55:00,124
17332.0,2010-06-29 16:10:00,528
17333.0,2011-09-15 10:11:00,86
17334.0,2011-02-10 14:59:00,302
17335.0,2010-11-21 10:17:00,384
17336.0,2010-08-24 15:37:00,472
17337.0,2011-07-11 14:55:00,151
17338.0,2011-11-22 14:23:00,17
17339.0,2011-09-06 13:29:00,94
17340.0,2011-11-10 10:45:00,30
17341.0,2011-07-06 12:33:00,157
17342.0,2010-11-25 11:07:00,380
17343.0,2010-12-19 15:07:00,355
17344.0,2011-10-24 12:56:00,46
17345.0,2011-11-24 15:03:00,15
17346.0,2011-12-06 12:18:00,4
17347.0,2011-09-14 13:12:00,86
17348.0,2011-11-25 11:25:00,15
17349.0,2011-06-13 14:29:00,179
17350.0,2011-12-01 15:47:00,8
17351.0,2011-11-03 18:45:00,36
17352.0,2010-01-12 16:13:00,696
17353.0,2011-08-02 17:19:00,129
17354.0,2011-10-20 10:34:00,51
17355.0,2010-11-18 13:18:00,386
17356.0,2011-02-01 11:07:00,312
17357.0,2011-11-15 16:30:00,24
17358.0,2011-02-09 16:57:00,303
17359.0,2011-11-28 14:37:00,11
17360.0,2011-11-22 13:11:00,17
17361.0,2011-10-21 15:43:00,49
17362.0,2011-04-14 14:43:00,239
17363.0,2010-11-09 17:11:00,395
17364.0,2011-12-09 09:00:00,1
17365.0,2011-11-27 12:13:00,13
17366.0,2010-10-03 16:04:00,432
17367.0,2011-04-15 14:21:00,238
17368.0,2011-11-16 15:26:00,23
17369.0,2010-09-10 09:49:00,456
17370.0,2011-09-28 10:14:00,73
17371.0,2011-11-22 13:30:00,17
17372.0,2011-10-30 11:37:00,41
17373.0,2011-10-30 15:28:00,40
17374.0,2011-05-05 09:05:00,219
17375.0,2011-05-24 15:45:00,199
17376.0,2011-09-30 12:36:00,71
17377.0,2011-11-16 11:17:00,24
17378.0,2010-11-30 18:46:00,374
17379.0,2011-11-28 13:56:00,11
17380.0,2010-10-01 16:42:00,434
17381.0,2011-12-01 11:59:00,9
17382.0,2011-10-05 13:05:00,65
17383.0,2011-12-05 17:36:00,4
17384.0,2011-11-20 15:48:00,19
17385.0,2011-11-25 11:02:00,15
17386.0,2011-12-02 11:28:00,8
17387.0,2011-11-20 11:00:00,20
17388.0,2011-09-23 10:31:00,78
17389.0,2011-12-09 09:38:00,1
17390.0,2010-10-15 11:29:00,421
17391.0,2011-06-29 09:58:00,164
17392.0,2011-02-06 12:48:00,307
17393.0,2010-10-25 11:10:00,411
17394.0,2011-05-04 13:22:00,219
17395.0,2010-07-19 15:34:00,508
17396.0,2011-10-31 14:12:00,39
17397.0,2011-11-17 14:08:00,22
17398.0,2011-08-17 09:48:00,115
17400.0,2011-08-05 15:38:00,126
17401.0,2010-06-16 16:54:00,541
17402.0,2011-12-05 10:15:00,5
17403.0,2011-11-03 15:18:00,36
17404.0,2011-12-05 16:26:00,4
17405.0,2011-12-08 17:12:00,1
17406.0,2011-01-10 15:07:00,333
17407.0,2010-10-24 11:57:00,412
17408.0,2011-06-29 12:53:00,163
17409.0,2011-06-08 10:36:00,185
17410.0,2011-11-23 15:46:00,16
17411.0,2011-11-27 14:25:00,12
17412.0,2011-12-07 11:36:00,3
17413.0,2010-10-31 12:33:00,405
17414.0,2011-10-27 12:13:00,44
17415.0,2011-09-21 12:50:00,80
17416.0,2011-11-10 12:47:00,30
17417.0,2010-06-09 10:00:00,549
17418.0,2011-10-28 13:00:00,42
17419.0,2011-11-28 13:47:00,11
17420.0,2011-10-20 14:52:00,50
17421.0,2010-11-18 16:57:00,386
17422.0,2011-11-23 13:27:00,16
17423.0,2011-10-24 13:36:00,46
17425.0,2011-11-20 15:30:00,19
17426.0,2011-12-01 18:07:00,8
17427.0,2011-09-29 11:29:00,72
17428.0,2011-12-09 09:45:00,1
17429.0,2011-08-03 13:22:00,128
17430.0,2011-11-07 09:24:00,33
17431.0,2011-01-30 14:36:00,313
17432.0,2011-11-21 17:33:00,18
17433.0,2011-09-12 14:24:00,88
17434.0,2011-12-07 13:16:00,2
17435.0,2010-10-24 13:55:00,411
17436.0,2011-12-08 12:30:00,2
17437.0,2010-06-28 11:11:00,530
17438.0,2011-03-31 10:26:00,254
17439.0,2010-02-22 12:48:00,656
17440.0,2011-07-06 11:54:00,157
17441.0,2009-12-07 13:32:00,732
17442.0,2011-11-03 09:17:00,37
17443.0,2011-05-04 10:47:00,220
17444.0,2011-07-11 10:33:00,152
17446.0,2011-06-16 10:42:00,177
17447.0,2011-10-30 14:18:00,40
17448.0,2010-06-28 13:58:00,529
17449.0,2011-12-07 16:56:00,2
17450.0,2011-12-01 13:29:00,8
17451.0,2011-12-08 15:02:00,1
17453.0,2011-11-22 09:42:00,18
17454.0,2011-05-31 13:58:00,192
17455.0,2011-05-20 12:31:00,204
17456.0,2010-12-09 15:23:00,365
17457.0,2011-08-05 12:48:00,127
17458.0,2011-11-24 13:01:00,15
17459.0,2011-10-27 13:25:00,43
17460.0,2011-09-06 15:04:00,94
17461.0,2011-11-17 10:21:00,23
17462.0,2011-10-10 13:56:00,60
17463.0,2011-11-23 13:40:00,16
17464.0,2011-07-04 13:19:00,158
17465.0,2010-10-10 11:56:00,426
17466.0,2011-11-29 13:15:00,10
17467.0,2010-11-09 12:58:00,395
17468.0,2011-11-29 15:33:00,10
17469.0,2011-11-23 13:15:00,16
17470.0,2011-10-26 12:42:00,45
17471.0,2010-08-22 11:53:00,475
17472.0,2011-06-01 14:57:00,191
17473.0,2010-10-27 11:45:00,409
17474.0,2010-04-19 10:43:00,600
17475.0,2011-09-21 14:55:00,79
17476.0,2010-11-09 10:21:00,396
17477.0,2010-04-06 10:06:00,613
17478.0,2010-10-27 15:01:00,408
17479.0,2010-03-17 09:26:00,633
17480.0,2011-09-23 11:39:00,78
17481.0,2011-12-06 12:28:00,4
17482.0,2010-08-09 15:33:00,487
17483.0,2011-10-05 13:10:00,65
17484.0,2010-05-12 15:41:00,576
17486.0,2011-03-23 14:00:00,261
17487.0,2009-12-11 15:06:00,728
17488.0,2010-03-08 14:07:00,641
17489.0,2011-10-12 08:56:00,59
17490.0,2011-12-09 09:08:00,1
17491.0,2011-12-08 16:18:00,1
17492.0,2011-04-05 15:21:00,248
17493.0,2010-11-19 16:57:00,385
17494.0,2010-07-26 10:06:00,502
17495.0,2011-12-02 12:08:00,8
17496.0,2010-12-16 08:39:00,359
17497.0,2010-11-14 14:17:00,390
17498.0,2011-09-25 12:25:00,76
17499.0,2011-02-23 09:14:00,290
17500.0,2011-11-22 14:25:00,17
17501.0,2011-05-03 09:47:00,221
17502.0,2011-11-30 13:13:00,9
17503.0,2011-12-07 09:18:00,3
17504.0,2011-05-17 12:59:00,206
17505.0,2011-07-01 12:50:00,162
17506.0,2011-09-25 11:39:00,76
17507.0,2011-03-23 11:48:00,262
17508.0,2011-03-04 08:10:00,281
17509.0,2011-10-13 10:26:00,58
17510.0,2011-11-15 10:00:00,25
17511.0,2011-12-07 10:12:00,3
17512.0,2011-11-11 12:11:00,29
17513.0,2011-09-28 16:42:00,72
17514.0,2011-08-03 15:45:00,128
17515.0,2011-11-08 14:04:00,31
17516.0,2011-11-24 16:51:00,15
17517.0,2011-02-04 11:48:00,309
17518.0,2010-10-10 12:40:00,426
17519.0,2011-11-22 16:43:00,17
17520.0,2011-10-17 12:04:00,54
17521.0,2011-11-10 11:22:00,30
17522.0,2011-12-08 12:31:00,2
17523.0,2011-11-28 13:20:00,11
17524.0,2010-12-13 14:32:00,361
17525.0,2010-12-15 12:05:00,360
17526.0,2011-12-05 11:05:00,5
17527.0,2011-10-17 12:32:00,54
17528.0,2011-12-08 13:27:00,1
17529.0,2010-04-08 17:51:00,610
17530.0,2011-12-08 18:42:00,1
17531.0,2011-06-02 19:17:00,190
17532.0,2010-11-19 08:13:00,386
17533.0,2010-10-01 09:14:00,435
17534.0,2011-10-17 12:47:00,54
17535.0,2011-03-04 15:20:00,280
17536.0,2011-06-15 13:23:00,177
17537.0,2011-11-10 10:56:00,30
17538.0,2011-11-14 12:12:00,26
17539.0,2010-03-21 15:23:00,628
17540.0,2011-11-15 11:56:00,25
17541.0,2010-07-18 11:36:00,510
17542.0,2011-03-15 11:45:00,270
17543.0,2010-06-08 12:41:00,550
17544.0,2010-11-14 15:08:00,390
17545.0,2011-10-27 14:04:00,43
17547.0,2010-11-29 09:41:00,376
17548.0,2011-04-20 12:01:00,234
17549.0,2011-11-16 09:59:00,24
17550.0,2011-05-26 14:09:00,197
17551.0,2010-12-15 14:12:00,359
17552.0,2011-10-10 17:00:00,60
17553.0,2011-08-02 10:00:00,130
17554.0,2011-12-08 14:15:00,1
17555.0,2011-11-20 12:22:00,20
17556.0,2011-05-18 10:48:00,206
17557.0,2011-11-25 12:57:00,14
17558.0,2010-11-11 14:36:00,393
17559.0,2010-07-15 12:02:00,513
17560.0,2011-09-06 09:18:00,95
17561.0,2011-11-20 12:53:00,19
17562.0,2011-11-25 14:21:00,14
17563.0,2010-05-10 14:54:00,578
17564.0,2011-11-15 13:27:00,24
17565.0,2010-05-02 11:54:00,587
17566.0,2011-12-01 19:54:00,8
17567.0,2011-12-02 15:48:00,7
17568.0,2010-03-16 16:45:00,633
17569.0,2011-01-11 14:15:00,332
17571.0,2011-10-20 15:57:00,50
17572.0,2011-09-29 17:53:00,71
17573.0,2011-11-10 13:01:00,29
17574.0,2011-04-11 09:47:00,243
17575.0,2010-02-10 13:48:00,667
17576.0,2011-12-01 17:56:00,8
17577.0,2010-03-04 13:01:00,645
17578.0,2011-05-05 18:38:00,218
17579.0,2011-12-05 12:28:00,5
17580.0,2011-04-01 12:41:00,253
17581.0,2011-12-09 12:21:00,1
17582.0,2011-04-17 13:18:00,236
17583.0,2010-05-28 14:24:00,560
17584.0,2011-12-02 17:12:00,7
17585.0,2011-08-22 13:30:00,109
17586.0,2010-03-30 13:12:00,619
17587.0,2010-03-21 14:16:00,628
17588.0,2011-08-31 13:37:00,100
17589.0,2011-10-10 16:58:00,60
17590.0,2011-12-07 12:55:00,2
17591.0,2011-09-27 13:42:00,73
17592.0,2009-12-01 10:49:00,739
17593.0,2011-12-06 10:30:00,4
17594.0,2011-09-15 16:34:00,85
17595.0,2011-11-27 16:08:00,12
17596.0,2011-11-16 14:11:00,23
17597.0,2011-05-10 11:54:00,214
17598.0,2010-11-23 17:43:00,381
17599.0,2010-08-19 12:50:00,478
17600.0,2011-11-22 09:43:00,18
17601.0,2011-04-14 18:02:00,239
17602.0,2011-12-07 13:53:00,2
17603.0,2011-09-22 14:18:00,78
17604.0,2011-05-06 13:43:00,217
17605.0,2010-04-28 14:45:00,590
17606.0,2009-12-02 13:32:00,737
17607.0,2010-11-28 13:11:00,376
17608.0,2011-11-06 13:06:00,33
17609.0,2011-10-30 12:28:00,41
17610.0,2010-06-17 16:34:00,540
17611.0,2011-12-02 13:29:00,7
17612.0,2011-10-17 14:59:00,53
17613.0,2011-11-17 10:51:00,23
17614.0,2011-10-13 16:01:00,57
17615.0,2011-08-01 14:06:00,130
17616.0,2011-06-19 10:11:00,174
17617.0,2010-05-30 12:48:00,559
17618.0,2011-12-04 11:50:00,6
17619.0,2011-01-31 14:18:00,312
17620.0,2011-10-11 12:08:00,60
17621.0,2011-11-18 17:11:00,21
17622.0,2010-04-21 12:36:00,598
17623.0,2011-11-07 11:32:00,33
17624.0,2011-11-25 10:52:00,15
17625.0,2011-11-21 13:36:00,18
17626.0,2010-04-16 12:15:00,603
17627.0,2010-08-18 11:27:00,479
17628.0,2011-09-19 15:21:00,81
17629.0,2011-12-04 10:56:00,6
17630.0,2011-06-23 11:58:00,170
17631.0,2011-12-08 09:47:00,2
17633.0,2011-11-08 13:25:00,31
17634.0,2011-11-03 13:09:00,36
17635.0,2010-10-11 15:12:00,424
17636.0,2011-11-20 14:40:00,19
17637.0,2011-11-08 12:51:00,31
17638.0,2010-03-02 14:32:00,647
17639.0,2011-03-08 15:22:00,276
17640.0,2011-09-14 09:13:00,87
17642.0,2011-08-12 09:11:00,120
17643.0,2010-12-01 14:38:00,373
17644.0,2011-12-08 13:43:00,1
17646.0,2011-05-04 13:17:00,219
17647.0,2011-10-05 15:38:00,65
17648.0,2011-10-10 09:41:00,61
17649.0,2011-07-24 15:53:00,138
17650.0,2011-11-18 14:52:00,21
17651.0,2011-11-28 10:29:00,12
17652.0,2011-11-14 12:55:00,25
17653.0,2011-11-03 12:46:00,37
17654.0,2011-03-07 13:17:00,277
17655.0,2011-11-29 11:34:00,11
17656.0,2011-09-27 13:04:00,73
17657.0,2010-10-05 14:52:00,430
17658.0,2011-11-14 12:07:00,26
17659.0,2011-11-22 13:29:00,17
17660.0,2011-07-21 13:37:00,141
17662.0,2010-02-16 09:38:00,662
17663.0,2011-11-14 08:56:00,26
17664.0,2011-11-21 11:29:00,19
17665.0,2010-08-03 13:12:00,493
17666.0,2011-12-06 09:06:00,4
17667.0,2011-10-04 14:32:00,66
17668.0,2011-12-08 13:25:00,1
17669.0,2011-10-28 08:53:00,43
17670.0,2011-04-26 09:12:00,228
17671.0,2011-11-24 12:21:00,16
17672.0,2011-10-20 14:18:00,50
17673.0,2011-12-08 12:50:00,2
17674.0,2011-09-26 13:35:00,74
17675.0,2011-12-08 18:03:00,1
17676.0,2011-12-05 15:16:00,4
17677.0,2011-12-08 09:56:00,2
17678.0,2011-03-21 11:52:00,264
17679.0,2011-10-18 07:43:00,53
17680.0,2011-11-16 12:42:00,24
17681.0,2010-04-21 17:22:00,597
17682.0,2011-11-29 15:59:00,10
17683.0,2010-11-19 10:11:00,386
17684.0,2011-10-27 11:10:00,44
17685.0,2011-11-23 11:36:00,17
17686.0,2011-12-02 15:39:00,7
17687.0,2010-10-15 12:30:00,421
17688.0,2010-11-11 10:41:00,394
17689.0,2010-11-16 13:22:00,388
17690.0,2011-11-09 15:17:00,30
17691.0,2010-12-16 17:20:00,358
17692.0,2011-08-04 14:01:00,127
17693.0,2011-07-25 15:48:00,137
17694.0,2011-07-21 12:00:00,142
17695.0,2011-07-31 10:40:00,132
17696.0,2011-11-01 13:43:00,38
17697.0,2011-04-17 15:40:00,236
17698.0,2011-03-24 11:34:00,261
17699.0,2010-08-20 09:39:00,477
17700.0,2011-11-23 11:51:00,17
17701.0,2011-04-01 12:25:00,253
17702.0,2011-11-09 16:03:00,30
17703.0,2011-11-04 15:51:00,35
17704.0,2011-06-24 09:40:00,169
17705.0,2011-12-06 13:45:00,3
17706.0,2011-12-05 13:34:00,4
17707.0,2011-06-07 15:03:00,185
17708.0,2011-06-05 10:12:00,188
17709.0,2011-06-23 11:55:00,170
17710.0,2010-10-12 07:49:00,424
17711.0,2011-11-29 11:40:00,11
17712.0,2011-10-26 12:28:00,45
17713.0,2010-11-22 16:50:00,382
17714.0,2011-01-23 10:32:00,321
17715.0,2011-05-23 12:32:00,201
17716.0,2011-11-17 12:00:00,23
17717.0,2010-10-14 12:54:00,421
17718.0,2011-04-21 13:39:00,232
17719.0,2011-11-02 10:36:00,38
17720.0,2011-11-13 15:04:00,26
17721.0,2010-02-18 15:18:00,659
17722.0,2011-09-04 15:22:00,96
17723.0,2011-08-04 18:37:00,127
17724.0,2011-09-29 15:26:00,71
17725.0,2011-11-23 16:34:00,16
17726.0,2010-11-09 13:37:00,395
17727.0,2011-11-24 17:06:00,15
17728.0,2011-12-06 08:52:00,4
17729.0,2010-04-22 15:03:00,596
17730.0,2011-12-06 15:43:00,3
17731.0,2011-09-21 15:02:00,79
17732.0,2010-12-02 09:29:00,373
17733.0,2011-11-01 08:16:00,39
17734.0,2011-10-17 12:33:00,54
17735.0,2011-12-07 16:47:00,2
17736.0,2011-11-30 15:36:00,9
17737.0,2011-11-30 15:16:00,9
17738.0,2011-11-20 15:05:00,19
17739.0,2011-11-28 09:12:00,12
17740.0,2010-11-15 16:33:00,389
17741.0,2010-10-29 11:59:00,407
17742.0,2011-08-18 15:28:00,113
17743.0,2010-09-17 14:54:00,448
17744.0,2011-12-06 12:11:00,4
17745.0,2010-08-19 12:30:00,478
17746.0,2011-04-13 14:31:00,240
17747.0,2011-08-19 08:13:00,113
17748.0,2010-06-30 13:49:00,527
17749.0,2011-06-14 15:45:00,178
17750.0,2011-12-04 14:09:00,5
17751.0,2010-10-14 13:57:00,421
17752.0,2010-12-15 16:19:00,359
17753.0,2010-09-01 15:49:00,464
17754.0,2011-12-09 11:20:00,1
17756.0,2010-11-29 12:20:00,376
17757.0,2011-12-08 15:31:00,1
17758.0,2011-11-20 14:45:00,19
17759.0,2011-11-22 16:02:00,17
17760.0,2011-11-18 10:56:00,22
17761.0,2011-11-07 10:23:00,33
17762.0,2010-09-09 17:40:00,456
17763.0,2011-03-21 14:25:00,263
17764.0,2011-10-20 11:03:00,51
17765.0,2011-07-04 12:41:00,159
17766.0,2010-11-23 14:29:00,381
17767.0,2011-11-24 14:42:00,15
17768.0,2011-12-01 13:22:00,8
17769.0,2011-11-27 11:18:00,13
17770.0,2011-05-25 12:34:00,199
17771.0,2011-10-14 11:43:00,57
17772.0,2011-11-29 11:05:00,11
17773.0,2010-07-13 14:07:00,514
17774.0,2011-09-04 12:49:00,97
17775.0,2011-03-30 10:50:00,255
17776.0,2010-11-18 12:14:00,387
17777.0,2011-11-15 12:02:00,25
17778.0,2010-02-16 12:44:00,662
17779.0,2011-11-18 14:15:00,21
17780.0,2010-02-10 13:43:00,667
17781.0,2011-07-03 16:00:00,159
17782.0,2010-11-22 11:15:00,383
17783.0,2011-09-28 16:07:00,72
17784.0,2010-06-07 16:08:00,550
17785.0,2011-10-17 13:43:00,53
17786.0,2011-09-15 12:51:00,85
17787.0,2011-07-10 11:24:00,153
17788.0,2011-09-27 10:09:00,74
17789.0,2011-03-03 13:14:00,281
17790.0,2011-11-13 11:30:00,27
17791.0,2011-11-10 12:09:00,30
17792.0,2010-08-29 14:30:00,467
17793.0,2011-11-14 14:24:00,25
17794.0,2010-01-22 10:18:00,687
17795.0,2011-06-13 12:36:00,180
17796.0,2011-10-30 15:38:00,40
17797.0,2011-11-17 13:21:00,22
17798.0,2010-05-07 11:42:00,582
17799.0,2011-11-17 15:16:00,22
17800.0,2011-11-02 12:57:00,37
17801.0,2010-09-14 14:32:00,451
17802.0,2011-09-18 14:56:00,82
17803.0,2010-11-12 13:53:00,392
17804.0,2010-11-28 14:01:00,376
17805.0,2011-09-27 11:49:00,74
17806.0,2011-11-28 14:12:00,11
17807.0,2010-11-09 16:21:00,395
17808.0,2010-06-09 10:44:00,549
17809.0,2011-11-23 12:59:00,16
17810.0,2010-02-09 10:47:00,669
17811.0,2011-12-05 13:46:00,4
17812.0,2011-11-27 11:47:00,13
17813.0,2011-11-25 16:13:00,14
17814.0,2010-11-29 14:21:00,375
17815.0,2010-11-11 14:39:00,393
17816.0,2011-11-03 11:34:00,37
17817.0,2011-12-05 14:39:00,4
17818.0,2009-12-02 11:34:00,738
17819.0,2011-09-29 10:52:00,72
17820.0,2010-11-30 17:43:00,374
17821.0,2010-10-29 13:20:00,406
17822.0,2010-10-15 13:47:00,420
17823.0,2010-10-14 16:24:00,421
17824.0,2011-10-19 14:14:00,51
17825.0,2010-04-20 12:01:00,599
17826.0,2010-11-30 13:23:00,374
17827.0,2011-12-04 15:00:00,5
17828.0,2011-11-17 08:41:00,23
17829.0,2011-02-14 12:46:00,299
17830.0,2011-12-08 12:28:00,2
17831.0,2011-11-06 15:09:00,33
17832.0,2011-10-21 11:43:00,50
17833.0,2009-12-16 13:40:00,723
17834.0,2010-10-21 12:09:00,415
17835.0,2011-12-07 11:48:00,3
17836.0,2011-10-23 16:13:00,47
17837.0,2011-10-28 16:13:00,42
17838.0,2011-11-13 11:20:00,27
17839.0,2011-10-28 17:27:00,42
17840.0,2010-09-22 12:24:00,444
17841.0,2011-12-08 12:07:00,2
17842.0,2010-04-16 14:23:00,602
17843.0,2011-02-09 15:33:00,303
17844.0,2011-08-25 11:27:00,107
17845.0,2010-06-02 15:20:00,555
17847.0,2010-07-12 10:00:00,516
17848.0,2011-09-19 16:49:00,81
17849.0,2011-05-05 13:46:00,218
17850.0,2010-12-02 15:27:00,372
17851.0,2010-10-13 15:13:00,422
17852.0,2011-11-28 12:36:00,12
17853.0,2010-10-28 15:29:00,407
17854.0,2011-06-07 16:21:00,185
17855.0,2010-12-02 09:44:00,373
17856.0,2011-12-08 09:40:00,2
17857.0,2011-12-05 13:13:00,4
17858.0,2011-12-04 11:56:00,6
17859.0,2011-02-08 10:32:00,305
17860.0,2010-12-06 12:41:00,369
17861.0,2011-12-06 16:21:00,3
17862.0,2011-01-20 12:23:00,324
17863.0,2011-10-11 13:45:00,59
17864.0,2011-11-27 11:15:00,13
17865.0,2011-11-09 12:08:00,31
17866.0,2011-07-20 11:07:00,143
17867.0,2011-11-09 14:15:00,30
17868.0,2010-11-18 18:55:00,386
17869.0,2011-08-24 16:16:00,107
17870.0,2011-12-07 15:07:00,2
17871.0,2011-05-19 11:32:00,205
17872.0,2010-11-23 12:02:00,382
17873.0,2011-09-20 16:41:00,80
17874.0,2011-06-07 12:54:00,185
17875.0,2010-01-20 15:30:00,688
17876.0,2010-11-05 10:52:00,400
17877.0,2011-06-22 13:00:00,170
17878.0,2011-10-27 11:24:00,44
17879.0,2011-06-19 12:36:00,174
17880.0,2010-12-10 10:21:00,365
17881.0,2011-02-08 17:16:00,304
17882.0,2010-11-25 14:40:00,379
17883.0,2011-12-06 17:49:00,3
17884.0,2011-12-06 11:33:00,4
17885.0,2011-11-27 14:40:00,12
17886.0,2011-11-08 10:09:00,32
17887.0,2011-08-02 17:29:00,129
17888.0,2011-11-18 13:45:00,21
17889.0,2011-05-11 16:26:00,212
17890.0,2011-01-21 11:19:00,323
17891.0,2011-06-30 20:08:00,162
17892.0,2011-10-14 16:49:00,56
17893.0,2011-04-28 13:50:00,225
17894.0,2011-09-29 09:23:00,72
17895.0,2011-10-26 17:00:00,44
17896.0,2011-11-16 13:59:00,23
17897.0,2011-06-20 11:23:00,173
17898.0,2011-09-15 14:56:00,85
17899.0,2011-07-03 14:58:00,159
17900.0,2011-06-02 14:38:00,190
17901.0,2011-11-10 17:29:00,29
17902.0,2010-06-11 12:25:00,547
17903.0,2010-11-10 15:39:00,394
17904.0,2011-11-18 12:57:00,21
17905.0,2011-09-29 17:33:00,71
17906.0,2011-04-06 17:25:00,247
17907.0,2010-03-09 12:33:00,641
17908.0,2010-12-01 11:45:00,374
17909.0,2009-12-02 13:10:00,737
17910.0,2009-12-13 16:04:00,726
17911.0,2011-11-30 14:52:00,9
17912.0,2011-02-02 14:25:00,310
17913.0,2011-10-12 10:45:00,59
17914.0,2011-12-06 11:58:00,4
17915.0,2010-06-06 13:22:00,551
17916.0,2010-03-21 12:26:00,629
17917.0,2011-10-25 13:20:00,45
17918.0,2010-07-27 11:51:00,501
17919.0,2011-09-12 13:41:00,88
17920.0,2011-12-05 14:29:00,4
17921.0,2011-10-06 18:56:00,64
17922.0,2010-06-14 16:32:00,543
17923.0,2011-03-02 15:15:00,282
17924.0,2011-11-28 09:11:00,12
17925.0,2010-12-02 10:10:00,373
17926.0,2011-07-29 14:39:00,133
17927.0,2009-12-18 11:03:00,722
17928.0,2011-10-25 13:52:00,45
17929.0,2011-11-28 16:01:00,11
17930.0,2011-11-04 10:23:00,36
17931.0,2011-07-28 18:33:00,134
17932.0,2011-11-10 19:49:00,29
17933.0,2010-03-17 15:11:00,632
17934.0,2011-10-19 11:16:00,52
17935.0,2011-07-24 13:18:00,138
17936.0,2011-12-04 13:32:00,5
17937.0,2011-12-01 11:45:00,9
17938.0,2010-10-15 14:27:00,420
17939.0,2011-07-03 12:27:00,160
17940.0,2011-10-21 13:27:00,49
17941.0,2011-08-01 08:30:00,131
17942.0,2011-12-02 10:45:00,8
17944.0,2010-10-12 16:25:00,423
17945.0,2010-01-12 11:40:00,697
17946.0,2011-04-20 17:00:00,233
17947.0,2011-11-02 13:05:00,37
17948.0,2011-07-15 12:58:00,147
17949.0,2011-12-08 18:46:00,1
17950.0,2011-09-28 15:18:00,72
17951.0,2011-10-31 12:30:00,40
17952.0,2010-11-26 13:54:00,378
17953.0,2010-06-17 15:08:00,540
17954.0,2011-12-04 14:15:00,5
17955.0,2011-05-25 12:00:00,199
17956.0,2011-04-04 13:47:00,249
17957.0,2011-10-04 14:58:00,66
17958.0,2011-08-15 12:19:00,117
17959.0,2010-04-26 14:12:00,592
17960.0,2011-06-21 14:15:00,171
17961.0,2011-11-18 16:55:00,21
17962.0,2011-07-20 14:16:00,142
17963.0,2010-08-25 15:58:00,471
17964.0,2011-11-08 10:44:00,32
17965.0,2011-11-02 09:31:00,38
17966.0,2011-11-02 10:26:00,38
17967.0,2010-12-03 11:19:00,372
17968.0,2010-12-01 12:23:00,374
17969.0,2011-06-26 13:00:00,166
17970.0,2011-05-12 20:03:00,211
17971.0,2010-06-09 14:04:00,548
17972.0,2011-04-12 12:16:00,242
17973.0,2011-10-19 10:34:00,52
17974.0,2011-11-15 11:37:00,25
17975.0,2011-11-24 13:27:00,15
17976.0,2010-12-02 13:49:00,372
17977.0,2011-11-10 13:28:00,29
17978.0,2010-12-09 14:05:00,365
17979.0,2011-11-04 12:05:00,36
17980.0,2011-06-27 12:01:00,166
17981.0,2010-10-25 10:40:00,411
17982.0,2010-01-28 09:38:00,681
17983.0,2010-11-09 13:24:00,395
17984.0,2011-07-17 15:59:00,145
17985.0,2011-11-17 14:24:00,22
17986.0,2011-10-14 14:22:00,56
17987.0,2011-06-07 14:22:00,185
17988.0,2011-11-28 11:00:00,12
17989.0,2010-11-25 13:49:00,379
17990.0,2011-04-17 11:44:00,237
17991.0,2011-04-28 15:58:00,225
17992.0,2010-11-15 13:04:00,389
17993.0,2010-04-01 14:23:00,617
17994.0,2011-08-10 11:41:00,122
17995.0,2011-03-03 12:30:00,282
17996.0,2010-11-25 11:00:00,380
17997.0,2011-09-26 16:13:00,74
17998.0,2010-11-24 15:31:00,380
17999.0,2011-11-02 15:56:00,37
18000.0,2010-05-24 17:34:00,564
18001.0,2011-11-27 16:02:00,12
18002.0,2010-11-29 10:57:00,376
18003.0,2010-11-28 15:09:00,376
18004.0,2010-12-12 13:47:00,362
18005.0,2011-12-06 11:51:00,4
18006.0,2011-11-16 16:52:00,23
18007.0,2010-11-12 11:08:00,393
18008.0,2011-09-30 15:17:00,70
18009.0,2011-04-18 13:36:00,235
18010.0,2011-03-28 12:27:00,257
18011.0,2010-12-01 17:35:00,373
18012.0,2009-12-16 13:16:00,723
18013.0,2011-07-07 14:11:00,155
18014.0,2011-11-11 15:28:00,28
18015.0,2011-12-05 14:49:00,4
18016.0,2011-11-07 13:25:00,32
18017.0,2011-09-19 16:15:00,81
18018.0,2011-08-23 17:37:00,108
18019.0,2011-10-19 12:10:00,52
18020.0,2010-06-14 12:31:00,544
18021.0,2010-07-18 10:52:00,510
18022.0,2011-11-04 12:45:00,36
18024.0,2011-07-10 12:40:00,153
18025.0,2010-11-25 12:37:00,380
18026.0,2010-07-27 10:37:00,501
18027.0,2011-09-02 10:38:00,99
18028.0,2010-05-05 13:28:00,583
18029.0,2010-03-07 15:30:00,642
18030.0,2011-12-05 16:37:00,4
18031.0,2010-11-26 11:00:00,379
18032.0,2011-01-09 15:32:00,334
18033.0,2011-10-05 17:28:00,65
18034.0,2011-11-18 12:22:00,22
18035.0,2011-11-04 12:39:00,36
18036.0,2011-11-07 14:40:00,32
18037.0,2011-07-08 13:39:00,154
18038.0,2010-06-01 15:59:00,556
18039.0,2010-11-30 13:07:00,374
18040.0,2011-11-20 14:20:00,19
18041.0,2011-11-28 11:39:00,12
18042.0,2011-10-17 11:49:00,54
18043.0,2011-11-15 12:48:00,25
18044.0,2011-12-05 14:26:00,4
18045.0,2011-10-25 13:07:00,45
18046.0,2010-02-28 11:36:00,650
18047.0,2010-11-23 13:11:00,381
18048.0,2011-05-20 14:58:00,203
18049.0,2010-09-28 14:26:00,437
18050.0,2010-12-15 14:25:00,359
18051.0,2010-03-15 13:58:00,634
18052.0,2010-05-24 11:11:00,565
18053.0,2011-09-30 09:05:00,71
18054.0,2010-11-12 08:18:00,393
18055.0,2011-12-02 14:25:00,7
18056.0,2011-02-24 14:27:00,288
18057.0,2010-11-11 16:55:00,393
18058.0,2011-11-30 08:38:00,10
18059.0,2011-11-16 16:49:00,23
18060.0,2010-10-27 16:41:00,408
18061.0,2011-11-18 11:20:00,22
18062.0,2011-06-19 14:47:00,173
18063.0,2010-11-14 10:46:00,391
18064.0,2011-07-29 16:39:00,133
18065.0,2011-12-04 10:30:00,6
18066.0,2011-09-25 15:30:00,75
18067.0,2011-10-30 15:58:00,40
18068.0,2011-02-23 14:50:00,289
18069.0,2011-11-13 16:03:00,26
18070.0,2010-02-08 13:28:00,669
18071.0,2011-03-27 11:59:00,258
18072.0,2011-06-07 10:44:00,186
18073.0,2011-08-17 14:02:00,114
18074.0,2010-12-01 09:53:00,374
18075.0,2011-11-16 15:21:00,23
18076.0,2010-11-24 14:02:00,380
18077.0,2011-12-01 13:32:00,8
18078.0,2011-05-06 14:32:00,217
18079.0,2011-10-25 15:27:00,45
18080.0,2011-11-21 08:02:00,19
18081.0,2011-11-03 16:30:00,36
18082.0,2011-11-14 12:45:00,26
18083.0,2010-11-07 11:44:00,398
18084.0,2011-11-23 13:57:00,16
18085.0,2011-01-13 15:17:00,330
18086.0,2011-03-10 13:34:00,274
18087.0,2011-02-22 10:43:00,291
18088.0,2011-10-09 13:41:00,61
18089.0,2010-09-19 11:57:00,447
18090.0,2010-10-14 12:32:00,422
18091.0,2010-04-25 13:18:00,593
18092.0,2011-12-07 13:14:00,2
18093.0,2011-09-07 15:43:00,93
18094.0,2011-09-19 09:28:00,82
18095.0,2011-01-31 12:50:00,313
18096.0,2011-11-28 12:44:00,12
18097.0,2011-12-02 11:16:00,8
18098.0,2010-11-08 16:31:00,396
18099.0,2011-08-04 15:52:00,127
18100.0,2010-06-07 14:19:00,550
18101.0,2011-11-28 13:37:00,11
18102.0,2011-12-09 11:50:00,1
18103.0,2010-06-08 13:36:00,549
18104.0,2011-11-02 14:07:00,37
18105.0,2011-11-02 12:04:00,38
18106.0,2011-01-14 12:23:00,330
18107.0,2010-09-23 13:03:00,442
18108.0,2011-03-30 13:56:00,254
18109.0,2011-12-08 11:36:00,2
18110.0,2011-11-20 12:34:00,20
18111.0,2010-04-29 12:58:00,589
18112.0,2011-11-27 14:43:00,12
18113.0,2010-12-06 12:31:00,369
18114.0,2011-02-22 13:20:00,290
18115.0,2010-01-11 11:57:00,698
18116.0,2011-10-03 11:00:00,68
18117.0,2011-11-14 12:47:00,26
18118.0,2011-11-29 11:32:00,11
18119.0,2010-12-07 11:59:00,368
18120.0,2011-05-09 13:45:00,214
18121.0,2011-07-13 12:53:00,149
18122.0,2011-12-01 13:08:00,8
18123.0,2011-11-15 14:23:00,24
18124.0,2010-08-24 17:21:00,472
18125.0,2011-11-10 12:29:00,30
18126.0,2011-10-10 12:19:00,61
18127.0,2011-11-20 14:05:00,19
18128.0,2010-06-20 13:19:00,537
18129.0,2011-04-10 14:16:00,243
18130.0,2011-11-24 14:40:00,15
18131.0,2010-03-18 08:48:00,632
18132.0,2010-07-23 16:54:00,504
18133.0,2011-05-11 14:14:00,212
18134.0,2010-04-20 14:02:00,598
18135.0,2011-11-10 19:32:00,29
18136.0,2011-10-07 15:40:00,63
18137.0,2010-06-06 13:45:00,551
18138.0,2011-02-17 14:51:00,295
18139.0,2011-11-22 10:44:00,18
18140.0,2010-08-23 11:58:00,474
18141.0,2010-11-03 11:44:00,402
18142.0,2011-07-05 13:19:00,157
18143.0,2011-08-15 12:07:00,117
18144.0,2011-12-02 12:46:00,8
18145.0,2011-11-27 11:22:00,13
18146.0,2011-07-22 12:08:00,141
18147.0,2011-10-25 11:46:00,46
18148.0,2010-03-03 11:40:00,647
18149.0,2011-10-20 12:04:00,51
18150.0,2011-11-07 16:49:00,32
18151.0,2011-07-28 11:35:00,135
18152.0,2010-03-03 15:26:00,646
18153.0,2010-02-18 15:50:00,659
18154.0,2011-12-06 16:41:00,3
18155.0,2011-09-25 13:32:00,75
18156.0,2011-11-27 12:24:00,13
18157.0,2010-05-17 14:09:00,571
18158.0,2011-11-30 16:19:00,9
18159.0,2011-02-11 14:26:00,301
18160.0,2011-10-13 15:50:00,57
18161.0,2011-11-24 16:40:00,15
18162.0,2009-12-07 13:24:00,732
18163.0,2010-05-04 14:51:00,584
18164.0,2011-11-02 12:56:00,37
18165.0,2011-06-15 13:23:00,177
18166.0,2010-03-26 12:26:00,624
18167.0,2011-11-16 15:56:00,23
18168.0,2011-06-16 19:21:00,176
18169.0,2011-10-10 12:18:00,61
18170.0,2011-11-06 14:35:00,33
18171.0,2011-10-12 09:13:00,59
18172.0,2011-11-25 11:12:00,15
18173.0,2011-09-14 11:26:00,87
18174.0,2011-12-02 16:56:00,7
18175.0,2010-02-02 10:25:00,676
18176.0,2010-12-16 15:45:00,358
18177.0,2011-11-08 14:44:00,31
18178.0,2011-08-03 09:30:00,129
18179.0,2011-11-30 16:23:00,9
18180.0,2011-12-05 08:39:00,5
18181.0,2011-11-15 15:08:00,24
18182.0,2010-09-02 14:25:00,463
18183.0,2011-04-26 15:26:00,227
18184.0,2011-11-24 15:28:00,15
18185.0,2011-04-04 13:42:00,249
18186.0,2009-12-17 10:22:00,723
18187.0,2010-03-18 09:49:00,632
18188.0,2011-11-24 16:46:00,15
18189.0,2011-09-23 12:40:00,78
18190.0,2011-05-31 14:48:00,192
18191.0,2011-03-23 12:08:00,262
18192.0,2011-09-29 09:53:00,72
18193.0,2011-06-27 13:58:00,165
18194.0,2011-09-18 13:29:00,82
18195.0,2010-11-17 15:03:00,387
18196.0,2011-09-05 16:22:00,95
18197.0,2010-05-13 10:46:00,576
18198.0,2011-12-05 14:49:00,4
18199.0,2010-01-25 11:32:00,684
18200.0,2011-08-25 18:45:00,106
18201.0,2009-12-17 08:55:00,723
18202.0,2011-05-24 12:12:00,200
18203.0,2011-07-05 13:07:00,157
18204.0,2011-09-29 16:44:00,71
18205.0,2011-11-03 13:22:00,36
18206.0,2010-06-04 13:47:00,553
18207.0,2010-07-28 14:26:00,499
18208.0,2010-05-23 11:54:00,566
18209.0,2011-11-11 12:07:00,29
18210.0,2011-12-08 11:02:00,2
18211.0,2011-11-14 08:10:00,26
18212.0,2011-01-17 16:14:00,326
18213.0,2011-04-17 10:21:00,237
18214.0,2010-06-27 11:21:00,531
18215.0,2011-09-11 16:05:00,89
18216.0,2011-11-08 16:55:00,31
18217.0,2011-11-10 13:18:00,29
18218.0,2011-05-12 12:53:00,211
18219.0,2011-12-07 11:43:00,3
18220.0,2011-04-27 09:03:00,227
18221.0,2011-11-17 14:40:00,22
18222.0,2011-09-08 10:45:00,93
18223.0,2011-12-05 09:11:00,5
18224.0,2011-03-21 10:30:00,264
18225.0,2011-12-06 13:27:00,3
18226.0,2011-10-26 13:36:00,44
18227.0,2011-05-06 12:23:00,218
18228.0,2011-10-14 09:21:00,57
18229.0,2011-11-28 09:48:00,12
18230.0,2011-11-30 13:22:00,9
18231.0,2011-05-31 14:18:00,192
18232.0,2011-09-19 11:49:00,82
18233.0,2011-01-18 08:44:00,326
18234.0,2010-06-06 11:22:00,552
18235.0,2011-09-29 08:27:00,72
18236.0,2011-11-10 08:06:00,30
18237.0,2011-12-07 12:49:00,3
18238.0,2010-07-12 12:51:00,515
18239.0,2011-05-05 12:38:00,219
18240.0,2011-10-24 13:06:00,46
18241.0,2011-11-30 12:10:00,10
18242.0,2011-09-28 13:43:00,72
18243.0,2010-10-21 14:29:00,414
18244.0,2010-10-05 11:15:00,431
18245.0,2011-12-02 14:48:00,7
18246.0,2011-11-16 11:49:00,24
18247.0,2010-10-21 09:49:00,415
18248.0,2011-08-09 10:19:00,123
18249.0,2011-11-22 15:07:00,17
18250.0,2011-02-02 13:16:00,310
18251.0,2011-09-13 15:03:00,87
18252.0,2011-10-20 12:43:00,51
18253.0,2010-03-07 12:38:00,643
18254.0,2010-05-07 14:37:00,581
18255.0,2011-09-11 13:16:00,89
18256.0,2010-11-17 08:53:00,388
18257.0,2011-10-31 14:48:00,39
18258.0,2010-09-01 14:20:00,464
18259.0,2011-11-15 12:34:00,25
18260.0,2011-06-20 12:37:00,173
18261.0,2011-10-27 15:36:00,43
18262.0,2011-07-22 16:04:00,140
18263.0,2011-11-14 09:00:00,26
18264.0,2010-07-29 10:02:00,499
18265.0,2011-09-28 14:10:00,72
18266.0,2010-10-01 15:33:00,434
18267.0,2010-02-05 08:43:00,673
18268.0,2011-07-28 19:13:00,134
18269.0,2010-12-08 13:53:00,366
18270.0,2011-11-01 13:57:00,38
18271.0,2010-04-09 09:26:00,610
18272.0,2011-12-07 12:43:00,3
18274.0,2011-11-09 17:03:00,30
18275.0,2010-05-10 15:46:00,578
18276.0,2011-10-27 10:54:00,44
18277.0,2011-10-12 15:22:00,58
18278.0,2011-09-27 11:58:00,74
18279.0,2010-07-08 14:48:00,519
18280.0,2011-03-07 09:52:00,278
18281.0,2011-06-12 10:53:00,181
18282.0,2011-12-02 11:43:00,8
18283.0,2011-12-06 12:02:00,4
18284.0,2010-10-04 11:33:00,432
18285.0,2010-02-17 10:24:00,661
18286.0,2010-08-20 11:57:00,477
18287.0,2011-10-28 09:29:00,43
